zi_baseinstrument_dev30577_sigouts0_amplitudes1_value,count,Theta,X
0.001,0.0,-3.24473137322196,0.000137123520268432
0.001,1.001001001001,-4.80985581894715,7.04067688444063e-06
0.001,2.002002002002,2.41807588484212,7.33303831650414e-06
0.001,3.003003003003,-1.36978815488636,6.69927742670442e-06
0.001,4.004004004004,-1.95255557882024,7.11011400853272e-06
0.001,5.00500500500501,-1.78847630071957,7.71518229217768e-06
0.001,6.00600600600601,0.320833705318006,7.07664685790065e-06
0.001,7.00700700700701,-0.858122964281776,6.93595028736034e-06
0.001,8.00800800800801,0.523893216896398,6.98298533826892e-06
0.001,9.00900900900901,1.34450215649001,7.29941647197005e-06
0.001,10.01001001001,-5.29219857978707,7.22517062274349e-06
0.001,11.011011011011,-4.46355282129599,6.58529262863337e-06
0.001,12.012012012012,-0.855734321842993,7.15971701345276e-06
0.001,13.013013013013,3.02117306289682,7.48841964910338e-06
0.001,14.014014014014,-0.716322568296177,7.35381152280354e-06
0.001,15.015015015015,-3.30742752383255,7.05791673871734e-06
0.001,16.016016016016,2.67924183667734,8.19426449092861e-06
0.001,17.017017017017,0.294041930192837,7.62866294419347e-06
0.001,18.018018018018,-3.74451445655493,7.0730376858979e-06
0.001,19.019019019019,1.53698131050278,7.24075876430165e-06
0.001,20.02002002002,4.57014008223648,7.56528184557423e-06
0.001,21.021021021021,-0.403174437557962,7.07885679595662e-06
0.001,22.022022022022,-8.06842164154121,7.79874583553196e-06
0.001,23.023023023023,4.15155895666682,7.99409392929382e-06
0.001,24.024024024024,2.12403327363966,7.72157988930359e-06
0.001,25.025025025025,-2.87381930108566,6.69983565204185e-06
0.001,26.026026026026,2.14103746389392,7.11982566116265e-06
0.001,27.027027027027,2.46416685612002,7.47399036102844e-06
0.001,28.028028028028,-2.95663300355018,6.99895933363739e-06
0.001,29.029029029029,-2.45859340637023,6.76593869381876e-06
0.001,30.03003003003,-4.25235783488626,6.80390441829577e-06
0.001,31.031031031031,1.37416616787193,7.74925541535383e-06
0.001,32.032032032032,2.39877324337758,7.10592681929998e-06
0.001,33.033033033033,-6.75009400838922,6.55291896538242e-06
0.001,34.034034034034,-6.54461719889239,7.14426794370932e-06
0.001,35.035035035035,-2.39714281527624,7.93162772118551e-06
0.001,36.036036036036,-1.09332288010417,6.81355781111142e-06
0.001,37.037037037037,-4.80837721209029,5.8635340480621e-06
0.001,38.038038038038,-0.473334949810362,7.75263589409368e-06
0.001,39.039039039039,-3.91570686661142,7.0750501161359e-06
0.001,40.04004004004,-1.79183361484477,7.7065359954258e-06
0.001,41.041041041041,1.08759693441161,7.44612226045096e-06
0.001,42.042042042042,-6.13076239851258,7.03451438210963e-06
0.001,43.043043043043,-7.22666017485909,6.56817111460441e-06
0.001,44.044044044044,-0.710438734637963,7.3133659387923e-06
0.001,45.0450450450451,8.50724953377558,7.92639684731612e-06
0.001,46.0460460460461,-2.64199865664394,7.28167923627485e-06
0.001,47.0470470470471,-4.89875190629816,6.45171820292943e-06
0.001,48.0480480480481,-1.70020934471465,7.18254387820551e-06
0.001,49.0490490490491,5.75598300433401,7.55210772761097e-06
0.001,50.0500500500501,-1.74925174653528,6.42855634424457e-06
0.001,51.0510510510511,-3.77012591571659,6.83217810584645e-06
0.001,52.0520520520521,1.4875336094876,7.65848339457548e-06
0.001,53.0530530530531,2.16605554539946,7.64786636563815e-06
0.001,54.0540540540541,2.10729384228722,6.85103085254207e-06
0.001,55.0550550550551,-3.4232974351893,7.36182647580188e-06
0.001,56.0560560560561,-9.02043851178323,7.05181314222679e-06
0.001,57.0570570570571,-6.24466917229783,7.05600044891883e-06
0.001,58.0580580580581,0.429607868582318,7.39942490503846e-06
0.001,59.0590590590591,0.571425009487254,7.40169539336512e-06
0.001,60.0600600600601,-3.64152070075023,7.09437258258416e-06
0.001,61.0610610610611,2.42631026570752,7.73794672731089e-06
0.001,62.0620620620621,-3.20356590475497,7.06781198023784e-06
0.001,63.0630630630631,-2.12293564984821,7.35823098780792e-06
0.001,64.0640640640641,1.90987172758095,7.2366454569705e-06
0.001,65.0650650650651,1.6950683727145,7.50693205746861e-06
0.001,66.0660660660661,-9.00627991963358,7.10291428182673e-06
0.001,67.0670670670671,0.467784851841521,7.61589934649414e-06
0.001,68.0680680680681,-0.777897121445795,7.65626106456304e-06
0.001,69.0690690690691,-8.35634094589173,6.84200480986365e-06
0.001,70.0700700700701,4.48865926097879,7.64395450101161e-06
0.001,71.0710710710711,-2.62310169578903,7.43413970838681e-06
0.001,72.0720720720721,-5.45097282933704,6.98608426705952e-06
0.001,73.0730730730731,-0.470599512441287,8.17706263473641e-06
0.001,74.0740740740741,2.3884389813523,7.36323722076036e-06
0.001,75.0750750750751,-0.399719373327295,7.575250851537e-06
0.001,76.0760760760761,-6.88345553191369,7.39053951987536e-06
0.001,77.0770770770771,0.971033976236547,7.30638386417474e-06
0.001,78.0780780780781,1.42632402937438,7.21569964422537e-06
0.001,79.0790790790791,-3.35416838979912,6.33212748343456e-06
0.001,80.0800800800801,1.13348533969693,7.68530745813839e-06
0.001,81.0810810810811,-0.527397028446949,7.95642126577776e-06
0.001,82.0820820820821,-4.53071786331565,6.66795848926461e-06
0.001,83.0830830830831,-5.06678095289493,6.72630023140798e-06
0.001,84.0840840840841,0.0417061584539486,6.64076519238277e-06
0.001,85.0850850850851,-1.63783251756775,7.60315653909143e-06
0.001,86.0860860860861,0.928269108701423,7.70999117828234e-06
0.001,87.0870870870871,-6.19975018894792,6.89096384415509e-06
0.001,88.0880880880881,-6.61433684212917,7.05568571671648e-06
0.001,89.0890890890891,-6.72068071271629,7.40787034638224e-06
0.001,90.0900900900901,4.09198743820413,7.56253505977397e-06
0.001,91.0910910910911,1.06378804508995,7.1343224883368e-06
0.001,92.0920920920921,-3.02703633608903,7.04476311740245e-06
0.001,93.0930930930931,3.59116830266223,7.29190876697163e-06
0.001,94.0940940940941,-5.64647083241171,5.98887551630136e-06
0.001,95.0950950950951,2.28948939039147,7.69544108331429e-06
0.001,96.0960960960961,-0.327124127970257,7.53530317751111e-06
0.001,97.0970970970971,-3.48288865320302,7.59692884684727e-06
0.001,98.0980980980981,2.63146405519536,7.70325242061091e-06
0.001,99.0990990990991,-3.01803080267508,7.3030275820513e-06
0.001,100.1001001001,0.177735657551537,7.6324598161624e-06
0.001,101.101101101101,2.45958118568593,7.17828891495495e-06
0.001,102.102102102102,-4.20221633895041,7.36691416678093e-06
0.001,103.103103103103,-0.818093346398777,7.47495710982164e-06
0.001,104.104104104104,-0.462906930503518,7.50920700924878e-06
0.001,105.105105105105,-4.34053804410965,7.01527754349325e-06
0.001,106.106106106106,0.827286032347089,7.26887088658108e-06
0.001,107.107107107107,-0.167889660731313,7.48756718821198e-06
0.001,108.108108108108,-0.956418379549781,6.9846520270486e-06
0.001,109.109109109109,-1.45908779268157,7.34645334349782e-06
0.001,110.11011011011,-0.0764928635536128,7.57054490329264e-06
0.001,111.111111111111,0.776113421742859,7.88769659108791e-06
0.001,112.112112112112,-2.19674232429994,6.77602157657577e-06
0.001,113.113113113113,-1.22266848224181,6.96197034199433e-06
0.001,114.114114114114,-0.0402828366013964,7.44241782895349e-06
0.001,115.115115115115,-3.04575496262033,6.74444364137289e-06
0.001,116.116116116116,-1.86083106989394,7.02915324587323e-06
0.001,117.117117117117,-6.27024190322053,7.26040535969649e-06
0.001,118.118118118118,6.79075545542575,7.68028936179635e-06
0.001,119.119119119119,-3.94567912181848,7.32912592331073e-06
0.001,120.12012012012,-3.52894451627763,6.92593365165022e-06
0.001,121.121121121121,-1.908732358969,6.68479046611172e-06
0.001,122.122122122122,-2.84018486534287,7.42970902601899e-06
0.001,123.123123123123,2.17230360601563,7.75508339358993e-06
0.001,124.124124124124,3.13607549636302,7.08084103596192e-06
0.001,125.125125125125,-0.580770369631413,6.87129780924561e-06
0.001,126.126126126126,-2.32577930438561,7.00304944275621e-06
0.001,127.127127127127,2.38910516772564,7.49730362475484e-06
0.001,128.128128128128,0.742155179431403,7.19364031728796e-06
0.001,129.129129129129,-2.29309212010623,7.33884010131568e-06
0.001,130.13013013013,-0.348711890905587,7.52608755551767e-06
0.001,131.131131131131,4.11497166669542,7.54846267179115e-06
0.001,132.132132132132,-3.23290006176777,6.80952631418479e-06
0.001,133.133133133133,-2.32074221542857,6.9891054965212e-06
0.001,134.134134134134,3.07592261954962,6.73462844836737e-06
0.001,135.135135135135,-1.87041792730784,7.15550363079546e-06
0.001,136.136136136136,-2.66861363071818,7.59100948527345e-06
0.001,137.137137137137,-1.4974310689694,7.47418804503536e-06
0.001,138.138138138138,1.40945682700336,6.97234793014253e-06
0.001,139.139139139139,-2.32455963507485,7.55449514667375e-06
0.001,140.14014014014,-3.67963105420011,7.70932847289491e-06
0.001,141.141141141141,2.84974410199056,7.42944262831982e-06
0.001,142.142142142142,-5.19667117797994,7.16642206030424e-06
0.001,143.143143143143,-5.84654006721614,6.27298402281869e-06
0.001,144.144144144144,-3.55612242569002,7.20437691979572e-06
0.001,145.145145145145,5.38456430454384,7.00986572356761e-06
0.001,146.146146146146,0.771440146172682,7.21855637193321e-06
0.001,147.147147147147,1.57676035037867,7.53511271725132e-06
0.001,148.148148148148,-1.46790934862381,6.55759601863825e-06
0.001,149.149149149149,-5.98950428292339,7.12666490526778e-06
0.001,150.15015015015,-3.98243005007765,7.60389036608681e-06
0.001,151.151151151151,1.15362490171406,7.38899310942194e-06
0.001,152.152152152152,-3.97896392704977,6.7126215082791e-06
0.001,153.153153153153,3.22430527908611,7.63321948420444e-06
0.001,154.154154154154,-3.35470241975215,7.36379667942046e-06
0.001,155.155155155155,0.5306797547688,6.87727948297967e-06
0.001,156.156156156156,0.59787383006352,7.06518940765048e-06
0.001,157.157157157157,4.183299594733,7.37284650760774e-06
0.001,158.158158158158,-4.10645315646252,6.93292253890735e-06
0.001,159.159159159159,-2.22102459232286,7.65150208344338e-06
0.001,160.16016016016,6.20330311199786,7.67006411836413e-06
0.001,161.161161161161,2.53990755051284,7.64948736274897e-06
0.001,162.162162162162,-1.95865310837048,6.95897712657642e-06
0.001,163.163163163163,-7.15398094008446,5.98744409850556e-06
0.001,164.164164164164,-4.44020075870231,7.32414705837589e-06
0.001,165.165165165165,0.180665705905414,7.32411146820709e-06
0.001,166.166166166166,-4.03950582549797,7.14722962130439e-06
0.001,167.167167167167,-2.38556802305242,7.45139694664037e-06
0.001,168.168168168168,-0.379721695030935,8.00128760684571e-06
0.001,169.169169169169,-2.82565504653383,7.49409457786769e-06
0.001,170.17017017017,-4.3636409290644,7.44719419404998e-06
0.001,171.171171171171,-0.34444692316916,7.27307880738079e-06
0.001,172.172172172172,2.53111230394251,7.62146885553403e-06
0.001,173.173173173173,-11.1028157629356,6.77450130081727e-06
0.001,174.174174174174,2.08561943515861,7.94810890582426e-06
0.001,175.175175175175,-8.29925513872553,6.43078865829776e-06
0.001,176.176176176176,-0.508972566551254,7.95448107301109e-06
0.001,177.177177177177,4.9799033310495,7.54228689655891e-06
0.001,178.178178178178,-4.51907078906855,6.25715867219814e-06
0.001,179.179179179179,4.91364704174169,7.91874472610469e-06
0.001,180.18018018018,-4.28136617801625,6.97579400990309e-06
0.001,181.181181181181,-3.15691357125447,7.19386578042003e-06
0.001,182.182182182182,0.846977216563085,7.42109814324696e-06
0.001,183.183183183183,-5.43672261019712,7.07053057580538e-06
0.001,184.184184184184,-7.54537127601212,6.9204047247995e-06
0.001,185.185185185185,5.0784861268888,8.02096074804302e-06
0.001,186.186186186186,-2.62996472520883,7.07367895496253e-06
0.001,187.187187187187,-5.46973961863573,6.67678913839252e-06
0.001,188.188188188188,3.32078711177294,8.19070523912962e-06
0.001,189.189189189189,0.819327462031814,7.63954484385903e-06
0.001,190.19019019019,-2.09123035167518,6.80280793570243e-06
0.001,191.191191191191,0.952335082249637,7.71866960015359e-06
0.001,192.192192192192,-1.86282076103037,6.82183634278566e-06
0.001,193.193193193193,-5.15637169556796,7.02127619009659e-06
0.001,194.194194194194,4.41701201687236,7.84818257680863e-06
0.001,195.195195195195,-1.31553917613562,7.33468961811513e-06
0.001,196.196196196196,-4.27684354679829,6.35001618290096e-06
0.001,197.197197197197,-4.56465755267292,6.77344604643927e-06
0.001,198.198198198198,-3.98817700863567,7.31074483444624e-06
0.001,199.199199199199,3.78770536612762,6.93264204609183e-06
0.001,200.2002002002,-7.17683744524069,6.96590111756866e-06
0.001,201.201201201201,3.59014003952579,7.55409079302323e-06
0.001,202.202202202202,5.9496171850963,8.20788554153972e-06
0.001,203.203203203203,-0.80946686809287,6.90517647854568e-06
0.001,204.204204204204,-2.66273056311512,6.91195141368243e-06
0.001,205.205205205205,0.394893936672815,7.26090485538242e-06
0.001,206.206206206206,-5.03940608787564,7.39950830114358e-06
0.001,207.207207207207,-6.64462099278686,6.8895291374988e-06
0.001,208.208208208208,0.385959133893644,7.15171674286729e-06
0.001,209.209209209209,4.88768310132387,7.46354975596419e-06
0.001,210.21021021021,-6.49442091277975,6.80517791205871e-06
0.001,211.211211211211,-0.407833280793955,7.37610946831495e-06
0.001,212.212212212212,2.19266214885882,7.59527719285838e-06
0.001,213.213213213213,4.9729706006237,7.12411298445118e-06
0.001,214.214214214214,-4.38639137923756,7.12140642846219e-06
0.001,215.215215215215,2.90816668636215,6.98012755342735e-06
0.001,216.216216216216,2.44174425544143,7.77136624819559e-06
0.001,217.217217217217,-1.4620233056365,6.86028893607354e-06
0.001,218.218218218218,-1.84789902545313,6.84758506642976e-06
0.001,219.219219219219,-0.707388264270224,7.37868035880899e-06
0.001,220.22022022022,-1.32617414027233,7.5090129077506e-06
0.001,221.221221221221,0.292411233046975,7.01248917709973e-06
0.001,222.222222222222,-1.92850730350825,7.154469519092e-06
0.001,223.223223223223,2.63331636289697,7.77814969913181e-06
0.001,224.224224224224,0.272379047249193,7.4068765232197e-06
0.001,225.225225225225,-8.20188167104209,6.96354723313688e-06
0.001,226.226226226226,-4.94765235982208,6.18907027455255e-06
0.001,227.227227227227,-4.05798384955283,7.42825159098758e-06
0.001,228.228228228228,0.0129105467385616,7.59452932947628e-06
0.001,229.229229229229,-5.69500842988264,7.2838155860775e-06
0.001,230.23023023023,-3.35056825778594,7.21755444407877e-06
0.001,231.231231231231,-4.56130747269338,7.59441010828376e-06
0.001,232.232232232232,4.65328732532544,7.45709859739611e-06
0.001,233.233233233233,4.22929642020105,7.53339334797426e-06
0.001,234.234234234234,-2.54246197987858,6.73162272353369e-06
0.001,235.235235235235,-4.13032945535932,6.58986960656305e-06
0.001,236.236236236236,7.25119615883163,7.69940856492079e-06
0.001,237.237237237237,0.180138756318491,7.68995332594927e-06
0.001,238.238238238238,-1.48611200446337,7.0504374001406e-06
0.001,239.239239239239,-0.851557256299049,7.27598616004822e-06
0.001,240.24024024024,-2.21137438032738,7.54445801431525e-06
0.001,241.241241241241,3.82605786603786,8.06451559726352e-06
0.001,242.242242242242,-4.36660280442579,7.19783725564284e-06
0.001,243.243243243243,-1.34253036745923,7.2339069520511e-06
0.001,244.244244244244,-3.55761974312823,6.69844370057184e-06
0.001,245.245245245245,0.183228762067516,7.44507193936369e-06
0.001,246.246246246246,6.96552189488354,8.06993041240138e-06
0.001,247.247247247247,1.64709529097836,7.17397845218374e-06
0.001,248.248248248248,-3.92093199750271,7.49804925641017e-06
0.001,249.249249249249,0.550028383556641,7.58176003500075e-06
0.001,250.25025025025,-2.49312887293819,6.47345804056272e-06
0.001,251.251251251251,-4.72187695925412,6.74098957437972e-06
0.001,252.252252252252,-0.551299133114806,7.9016593308114e-06
0.001,253.253253253253,0.537679182527842,8.09450894773951e-06
0.001,254.254254254254,3.86207244089571,7.51712605672624e-06
0.001,255.255255255255,-6.2693368206223,7.43152717856986e-06
0.001,256.256256256256,-3.87325401455063,6.93008460468798e-06
0.001,257.257257257257,-4.6964959021781,7.51430362713486e-06
0.001,258.258258258258,-0.356087796323515,7.66960220965515e-06
0.001,259.259259259259,-2.37311804288958,6.88400919628477e-06
0.001,260.26026026026,-1.92471244834843,6.68819461290111e-06
0.001,261.261261261261,0.912040211178511,7.50325493525908e-06
0.001,262.262262262262,1.13887372256582,7.72014324456881e-06
0.001,263.263263263263,5.34527538638137,7.1274628650426e-06
0.001,264.264264264264,-2.50964008516643,7.02573429921165e-06
0.001,265.265265265265,-0.911958800072636,6.66322904915965e-06
0.001,266.266266266266,2.42734500430818,7.23355921378462e-06
0.001,267.267267267267,-0.635744651156738,7.12194169050589e-06
0.001,268.268268268268,-0.328983793292787,6.72452953241551e-06
0.001,269.269269269269,-1.23016830200843,7.22254041530144e-06
0.001,270.27027027027,3.68333384737249,7.55655532411842e-06
0.001,271.271271271271,-5.04988242015211,6.82334334564293e-06
0.001,272.272272272272,-4.35492772079542,7.63874189206383e-06
0.001,273.273273273273,0.566799465173328,7.4682595216359e-06
0.001,274.274274274274,-1.08242495593473,7.11271890349497e-06
0.001,275.275275275275,1.59499946963872,6.95264383841888e-06
0.001,276.276276276276,-4.06571368862302,7.61088054539628e-06
0.001,277.277277277277,-0.520430362143052,7.74215359097687e-06
0.001,278.278278278278,-6.29314109500763,7.67916791910112e-06
0.001,279.279279279279,-0.320330976037541,7.48494649497347e-06
0.001,280.28028028028,-2.73307304085151,7.3691907042617e-06
0.001,281.281281281281,-1.29506299285791,7.05564031869588e-06
0.001,282.282282282282,0.919929018163603,7.57280018063956e-06
0.001,283.283283283283,0.737734910458004,7.01036692241344e-06
0.001,284.284284284284,-4.92909767742615,7.14045509727519e-06
0.001,285.285285285285,-5.23288226399064,6.72457522408437e-06
0.001,286.286286286286,-0.517444856815719,7.47053705752074e-06
0.001,287.287287287287,0.93851382092408,8.02884743548251e-06
0.001,288.288288288288,-7.39936191666032,6.90673710157476e-06
0.001,289.289289289289,-3.06398793354242,7.20036556713955e-06
0.001,290.29029029029,1.83963488920689,7.26636430505542e-06
0.001,291.291291291291,3.47598416633026,7.99750083637684e-06
0.001,292.292292292292,-2.87947278148997,7.17033645030579e-06
0.001,293.293293293293,-1.75934995735839,6.90853364161388e-06
0.001,294.294294294294,0.881751893353431,7.49490534070653e-06
0.001,295.295295295295,0.101720825992514,7.53636565563624e-06
0.001,296.296296296296,1.24985014332402,7.71313356701505e-06
0.001,297.297297297297,-1.47979998789272,6.79962079497529e-06
0.001,298.298298298298,-5.53354500947655,6.45399785308172e-06
0.001,299.299299299299,-0.819684015884604,7.30818210737375e-06
0.001,300.3003003003,4.93778053912636,7.63727846660797e-06
0.001,301.301301301301,-0.645909959140648,7.35495017328665e-06
0.001,302.302302302302,-6.16956751074447,6.4571020088113e-06
0.001,303.303303303303,-1.61189357081755,7.31296064546736e-06
0.001,304.304304304304,2.78909289325682,7.55868069147624e-06
0.001,305.305305305305,0.619852949926117,7.17002905930989e-06
0.001,306.306306306306,-1.89820014637862,7.29070739322072e-06
0.001,307.307307307307,-3.35805472149465,7.45103975289999e-06
0.001,308.308308308308,-8.696529098774,6.72808690486565e-06
0.001,309.309309309309,-4.54415116087661,6.99381978437607e-06
0.001,310.31031031031,5.15414143478332,7.51749781542018e-06
0.001,311.311311311311,-2.40909175859766,7.36540916073181e-06
0.001,312.312312312312,-7.46188287519808,7.06711902907989e-06
0.001,313.313313313313,-4.05349217152057,6.74725902340608e-06
0.001,314.314314314314,2.679762984723,7.5541310228345e-06
0.001,315.315315315315,-3.05585792591892,7.67274213174249e-06
0.001,316.316316316316,0.996178456450339,6.94532060325581e-06
0.001,317.317317317317,-2.18391757625916,6.82692573692461e-06
0.001,318.318318318318,-3.06337797519126,7.10907138102979e-06
0.001,319.319319319319,2.01254266333248,7.51718701810449e-06
0.001,320.32032032032,-2.57142180828079,7.47459163520041e-06
0.001,321.321321321321,-3.19709778160185,7.50549588257103e-06
0.001,322.322322322322,-1.85986291886686,7.06339639139045e-06
0.001,323.323323323323,-3.44772256516063,7.55764111791519e-06
0.001,324.324324324324,0.604322883469674,7.69538523141572e-06
0.001,325.325325325325,1.76764337291233,7.71305169788087e-06
0.001,326.326326326326,-3.71134794915204,6.93403564199207e-06
0.001,327.327327327327,2.06494058720012,7.74527695130249e-06
0.001,328.328328328328,-1.07216026200052,7.23921200147032e-06
0.001,329.329329329329,-2.74323133207478,6.83965991106855e-06
0.001,330.33033033033,-6.64584375086364,7.03279900644886e-06
0.001,331.331331331331,-2.21856843967035,7.79691546721358e-06
0.001,332.332332332332,-2.24659126309901,7.34477696432565e-06
0.001,333.333333333333,-6.4605174956028,7.18412441058645e-06
0.001,334.334334334334,3.26635229279654,7.28254062407328e-06
0.001,335.335335335335,1.56335117835118,6.79390211262061e-06
0.001,336.336336336336,-2.54630571253892,6.62031629121891e-06
0.001,337.337337337337,-3.04213365178045,6.65144981914896e-06
0.001,338.338338338338,-1.8940399360114,7.56935533420168e-06
0.001,339.339339339339,2.30010355982252,7.62178405757358e-06
0.001,340.34034034034,1.42041142551558,7.23048677206684e-06
0.001,341.341341341341,-1.91534632708295,7.05785119642628e-06
0.001,342.342342342342,-7.67163263816138,7.00872290327924e-06
0.001,343.343343343343,1.04883416139323,7.26742601969508e-06
0.001,344.344344344344,0.00138881371228872,7.76555471426191e-06
0.001,345.345345345345,-1.45851362690064,7.09488059406956e-06
0.001,346.346346346346,-5.16700761065684,6.83547301548407e-06
0.001,347.347347347347,-3.22974547686715,6.80518660404713e-06
0.001,348.348348348348,0.155881838770135,7.60573941043437e-06
0.001,349.349349349349,-5.76503896481424,6.87044593565073e-06
0.001,350.35035035035,-6.12796471667795,7.19661150908656e-06
0.001,351.351351351351,-2.86721361497776,7.21598483541301e-06
0.001,352.352352352352,-2.03472666691944,7.79529100505333e-06
0.001,353.353353353353,0.0618235657212891,7.96843817468803e-06
0.001,354.354354354354,-3.64402262078713,7.24231639211851e-06
0.001,355.355355355355,-6.22471530502149,6.91548511808302e-06
0.001,356.356356356356,-0.0173838442996004,7.3502071666322e-06
0.001,357.357357357357,1.27631602356083,7.727703395146e-06
0.001,358.358358358358,6.43514019741173,6.98432296481129e-06
0.001,359.359359359359,-0.827706632918001,6.72045522157294e-06
0.001,360.36036036036,-1.8013517589987,6.43594312489056e-06
0.001,361.361361361361,-4.40082800026361,7.44002577024824e-06
0.001,362.362362362362,5.39130619280875,7.45004346309209e-06
0.001,363.363363363363,2.33925199265834,6.95443350708878e-06
0.001,364.364364364364,-5.11593397468241,7.11583210359088e-06
0.001,365.365365365365,-3.58066279201597,6.42662883708262e-06
0.001,366.366366366366,2.83024406209752,7.27566896120052e-06
0.001,367.367367367367,-2.20182983732408,6.65255334930049e-06
0.001,368.368368368368,-6.90582602518907,6.81238204348856e-06
0.001,369.369369369369,-5.93305078688233,6.98097537467628e-06
0.001,370.37037037037,0.692693666032954,7.50395246732984e-06
0.001,371.371371371371,1.47002301707233,7.61322497435417e-06
0.001,372.372372372372,-2.68725476565437,7.32388224637732e-06
0.001,373.373373373373,-3.29525834069349,6.5305264651321e-06
0.001,374.374374374374,-4.044446808873,6.99917375559498e-06
0.001,375.375375375375,-1.69565530615636,7.5665447679999e-06
0.001,376.376376376376,0.501362214599948,7.79629328528568e-06
0.001,377.377377377377,-7.48878441019229,6.66153082255712e-06
0.001,378.378378378378,1.03653580176726,7.67029568937996e-06
0.001,379.379379379379,1.32602987589288,6.77570473010598e-06
0.001,380.38038038038,0.189853321214367,7.24815958133435e-06
0.001,381.381381381381,4.59375135784533,7.31931930483434e-06
0.001,382.382382382382,5.6032553938056,6.78522686215055e-06
0.001,383.383383383383,2.07108269867495,7.52875993084949e-06
0.001,384.384384384384,-1.39583599485459,7.0470215074209e-06
0.001,385.385385385385,-4.10365110432342,7.26699699959094e-06
0.001,386.386386386386,2.58576935685682,7.35948163573643e-06
0.001,387.387387387387,-5.44329941885917,7.33170626927866e-06
0.001,388.388388388388,-3.2398974418282,7.17146975639063e-06
0.001,389.389389389389,7.32054503643588,7.34970955029511e-06
0.001,390.39039039039,-1.84500116172908,6.3997294821065e-06
0.001,391.391391391391,2.19246461306917,7.56916364061921e-06
0.001,392.392392392392,-1.76211112624098,7.53907444335198e-06
0.001,393.393393393393,-2.43703632815515,7.2010390200532e-06
0.001,394.394394394394,-6.29627371500948,6.76037969738649e-06
0.001,395.395395395395,-1.60955781316005,7.15982442998534e-06
0.001,396.396396396396,-0.558714876579788,7.31939142484637e-06
0.001,397.397397397397,-4.59741262425787,7.5951108117557e-06
0.001,398.398398398398,-0.953565021936231,7.58208598456653e-06
0.001,399.399399399399,-0.299039989187826,7.84596541500553e-06
0.001,400.4004004004,-0.9315639020802,6.93654216478807e-06
0.001,401.401401401401,-3.35805660823774,6.86581956608414e-06
0.001,402.402402402402,4.52507438886706,7.31873594320607e-06
0.001,403.403403403403,-3.78489764134541,6.63358067665652e-06
0.001,404.404404404404,3.94480697204838,7.02222138510769e-06
0.001,405.405405405405,1.36747913384554,7.50559090714715e-06
0.001,406.406406406406,-5.9330099904043,7.06065536109604e-06
0.001,407.407407407407,0.103381081479143,7.09479719796444e-06
0.001,408.408408408408,-2.26069810146211,7.81942178552849e-06
0.001,409.409409409409,-0.74883772555387,7.58289674740537e-06
0.001,410.41041041041,-3.38838273157337,6.97332542646195e-06
0.001,411.411411411411,-3.15940250679035,7.14100416078699e-06
0.001,412.412412412412,3.61681603784193,7.44656531694181e-06
0.001,413.413413413413,1.90661668960709,7.38955891088441e-06
0.001,414.414414414414,-0.581705354394108,6.86982892193216e-06
0.001,415.415415415415,0.297989394562185,7.57626088408335e-06
0.001,416.416416416416,6.04989881373449,7.38284229429159e-06
0.001,417.417417417417,-0.2003928051691,6.95762446524327e-06
0.001,418.418418418418,-5.68309239581135,6.27199108060092e-06
0.001,419.419419419419,7.53235470827123,7.50743043729116e-06
0.001,420.42042042042,-3.20720667167933,6.90466018617942e-06
0.001,421.421421421421,-3.53868513864,7.49861470549473e-06
0.001,422.422422422422,1.05572846498092,8.23012851609734e-06
0.001,423.423423423423,2.07064777997286,7.78906648421035e-06
0.001,424.424424424424,-4.85327074730235,6.67048615473515e-06
0.001,425.425425425425,-3.79209346191468,6.99503566435089e-06
0.001,426.426426426426,1.24156659769919,7.63980730667154e-06
0.001,427.427427427427,1.6530615904858,7.75948042386745e-06
0.001,428.428428428428,0.386501779171658,6.53167909327228e-06
0.001,429.429429429429,-4.54548030686691,6.64813077162457e-06
0.001,430.43043043043,-0.950362378969526,7.5109145738659e-06
0.001,431.431431431431,2.84599971005118,7.41008539391789e-06
0.001,432.432432432432,-0.610567019967349,7.30937214630193e-06
0.001,433.433433433433,-3.13682085829215,7.15340322353952e-06
0.001,434.434434434434,-8.54756132231199,7.34703412102142e-06
0.001,435.435435435435,0.489943131927897,8.0082431356608e-06
0.001,436.436436436436,-3.39979651700874,6.67922536179569e-06
0.001,437.437437437437,-2.08019874417739,7.54242168110908e-06
0.001,438.438438438438,-4.21003255545151,7.60982388150665e-06
0.001,439.439439439439,-4.26585516233233,6.80415542882625e-06
0.001,440.44044044044,-1.38737060781313,6.80566619038121e-06
0.001,441.441441441441,-2.09527583309093,7.63703785122581e-06
0.001,442.442442442442,-1.03766367374211,6.88891599993723e-06
0.001,443.443443443443,-0.485082565342109,6.95351750071447e-06
0.001,444.444444444444,3.63306255760399,7.92154143210872e-06
0.001,445.445445445446,-3.15792358627039,6.17496670112479e-06
0.001,446.446446446446,0.47148798959533,7.090783026285e-06
0.001,447.447447447447,-4.43507130934066,7.30537289195396e-06
0.001,448.448448448449,-2.22260773927474,7.61489935671819e-06
0.001,449.44944944945,-2.74857716056808,6.87147182520298e-06
0.001,450.45045045045,-3.05148911285615,6.8232729287908e-06
0.001,451.451451451451,-2.38725849913161,7.45242841550951e-06
0.001,452.452452452453,0.594562284455003,7.32650329199373e-06
0.001,453.453453453454,-3.0239272613192,6.84667334732001e-06
0.001,454.454454454454,-0.279364830017868,7.17296988787867e-06
0.001,455.455455455455,-1.96599258067104,7.18406726663555e-06
0.001,456.456456456457,-3.31758369355388,6.82714180331245e-06
0.001,457.457457457458,-3.344368960494,7.19767128564773e-06
0.001,458.458458458458,2.1675011095681,7.69709232619562e-06
0.001,459.459459459459,0.445465579709912,6.7479545586687e-06
0.001,460.460460460461,-4.89596093174493,6.77290379556705e-06
0.001,461.461461461462,-3.58465698922165,6.73896046492069e-06
0.001,462.462462462462,1.33015928261167,8.09048608407165e-06
0.001,463.463463463463,4.70340664882776,7.532034637487e-06
0.001,464.464464464465,-3.1389961302577,6.85768222049209e-06
0.001,465.465465465466,-4.29493181313396,7.47988987198006e-06
0.001,466.466466466466,0.157714469391368,7.05792742751391e-06
0.001,467.467467467467,-7.4856266704141,6.94653812766087e-06
0.001,468.468468468469,-6.11315338164424,7.298660680085e-06
0.001,469.46946946947,-0.525100800387937,7.28077315521164e-06
0.001,470.470470470471,-0.888462111469625,6.6305579202239e-06
0.001,471.471471471471,-3.3989824514189,6.95144322815344e-06
0.001,472.472472472473,6.97806732625707,7.08760399024976e-06
0.001,473.473473473474,-1.1254861220022,6.93536128768553e-06
0.001,474.474474474475,-1.79650926699643,6.98477124824113e-06
0.001,475.475475475475,-6.59591042325435,6.46407856284163e-06
0.001,476.476476476477,-1.28580697371937,7.79044340088957e-06
0.001,477.477477477478,-3.15054908337942,7.89677736980152e-06
0.001,478.478478478479,1.02121567964218,7.51867493382502e-06
0.001,479.479479479479,-1.51993447061793,6.53322286089138e-06
0.001,480.480480480481,-3.64035321173974,7.29339086845667e-06
0.001,481.481481481482,2.37826645300534,7.51931708383443e-06
0.001,482.482482482483,-3.15444158008732,7.01401867341353e-06
0.001,483.483483483484,0.71671610440103,7.96103630052161e-06
0.001,484.484484484485,4.19689954835503,8.05645953350913e-06
0.001,485.485485485486,-4.7777889990115,6.97919610115469e-06
0.001,486.486486486487,-0.919386170030795,7.30626793184269e-06
0.001,487.487487487488,2.67747027355522,7.43171540710289e-06
0.001,488.488488488489,-0.258681557533632,7.26644476467796e-06
0.001,489.48948948949,-7.2619941994936,6.93931273609718e-06
0.001,490.490490490491,4.06839956637959,7.83473753896304e-06
0.001,491.491491491492,0.965823626797236,7.44698476411277e-06
0.001,492.492492492493,-1.45584015440414,6.55887491552913e-06
0.001,493.493493493494,-2.07956638897747,7.01593995523242e-06
0.001,494.494494494495,-0.100517260319565,7.12992498822208e-06
0.001,495.495495495496,2.10648569751327,7.60256977114337e-06
0.001,496.496496496497,3.93908767985862,7.44859977079913e-06
0.001,497.497497497498,2.44601931038302,7.37176629312786e-06
0.001,498.498498498499,-7.63314542989762,6.73288411898843e-06
0.001,499.4994994995,-2.01810313398118,7.22088153756541e-06
0.001,500.500500500501,2.01394929778969,7.51684021951243e-06
0.001,501.501501501502,1.16130798711809,7.42348145123414e-06
0.001,502.502502502503,-2.82520416167463,7.18419835121767e-06
0.001,503.503503503504,0.469224816311749,7.59558053150833e-06
0.001,504.504504504505,1.2843798090757,7.3913502827142e-06
0.001,505.505505505506,5.68641259015196,7.7242752866588e-06
0.001,506.506506506507,-2.95454956780207,6.96382907673439e-06
0.001,507.507507507508,-1.74095926280876,6.6740673714238e-06
0.001,508.508508508509,-7.31658657294797,7.3539499485921e-06
0.001,509.50950950951,0.172927824220298,7.68966337765986e-06
0.001,510.510510510511,-3.14315700833205,7.12612564960779e-06
0.001,511.511511511512,-1.73431300851414,7.11420752397132e-06
0.001,512.512512512513,0.617482331806439,7.24027718115942e-06
0.001,513.513513513514,-3.24484412385453,6.78271106006961e-06
0.001,514.514514514515,-1.72064193744069,6.88313195148044e-06
0.001,515.515515515516,-2.36754809860225,7.53068661579632e-06
0.001,516.516516516517,1.45851767426881,7.59126272753068e-06
0.001,517.517517517518,0.716988435419958,7.32536411294375e-06
0.001,518.518518518519,-7.95872245799734,6.40987502940165e-06
0.001,519.51951951952,0.877311965034493,7.39900023092853e-06
0.001,520.520520520521,3.63545216075417,7.39143326771176e-06
0.001,521.521521521522,-0.858008996104745,6.93197605184391e-06
0.001,522.522522522523,-0.809085765602136,7.49588741793877e-06
0.001,523.523523523524,1.16608527651565,7.12982726208199e-06
0.001,524.524524524525,0.477915312438597,6.90329108054385e-06
0.001,525.525525525526,-1.14648415055741,7.43214812717508e-06
0.001,526.526526526527,-3.35524182573784,6.80725124494532e-06
0.001,527.527527527528,-5.80697377157456,6.71288720122244e-06
0.001,528.528528528529,-4.280832966361,6.8439518152699e-06
0.001,529.52952952953,1.89223996850223,7.68048152521603e-06
0.001,530.530530530531,-3.8573785697891,6.91212331537234e-06
0.001,531.531531531532,-4.19661936816904,6.8597600168322e-06
0.001,532.532532532533,-1.95261633420187,6.81577456180697e-06
0.001,533.533533533534,5.80568098138784,7.33578480865614e-06
0.001,534.534534534535,4.51747997826089,7.65843999336303e-06
0.001,535.535535535536,-0.23214196204842,7.06835845964496e-06
0.001,536.536536536537,-3.49059970499885,7.20016165778957e-06
0.001,537.537537537538,1.64788163759848,6.98504880457407e-06
0.001,538.538538538539,-0.832460885491396,7.27173695230351e-06
0.001,539.53953953954,-2.40267078402836,6.67907789164079e-06
0.001,540.540540540541,-2.30284249213723,6.95609373560679e-06
0.001,541.541541541542,1.87969940741741,7.37244409203572e-06
0.001,542.542542542543,-3.3991670813587,6.94541815320693e-06
0.001,543.543543543544,-2.10577478441304,7.51451129518254e-06
0.001,544.544544544545,-1.44200272459035,7.79804536697862e-06
0.001,545.545545545546,-8.4639621851994,6.87464557556958e-06
0.001,546.546546546547,-5.46983940564181,6.79881866539522e-06
0.001,547.547547547548,2.18497978520712,7.55774301386053e-06
0.001,548.548548548549,-1.70363499178657,7.08176473592057e-06
0.001,549.54954954955,-1.97659320062347,6.88431094923414e-06
0.001,550.550550550551,-0.322931197742854,7.01880696062928e-06
0.001,551.551551551552,0.0921109025702248,7.2534873591287e-06
0.001,552.552552552553,-0.442764862405836,6.70437228270095e-06
0.001,553.553553553554,-5.20240813390079,6.76415859808206e-06
0.001,554.554554554555,-1.23499143570147,7.28807313343273e-06
0.001,555.555555555556,-0.925767341494782,6.79408065076114e-06
0.001,556.556556556557,-0.446452062855456,6.63768488089169e-06
0.001,557.557557557558,0.322639641006949,7.82760270852195e-06
0.001,558.558558558559,-3.34999029700535,6.95216407589585e-06
0.001,559.55955955956,-3.02130885206328,6.92291547613042e-06
0.001,560.560560560561,2.64920337026956,7.53821986819313e-06
0.001,561.561561561562,0.262475694506157,7.28562117048296e-06
0.001,562.562562562563,-3.76877094574002,7.03053679900306e-06
0.001,563.563563563564,-3.30024595990256,7.02336590855596e-06
0.001,564.564564564565,4.65711051615931,7.36726824784978e-06
0.001,565.565565565566,-4.35842910561344,6.42232665519227e-06
0.001,566.566566566567,-4.12748233370292,7.05886974477209e-06
0.001,567.567567567568,-5.19396737878965,7.43251007801722e-06
0.001,568.568568568569,2.06734000893372,7.53557961798068e-06
0.001,569.56956956957,-4.4455188692804,6.73546082371796e-06
0.001,570.570570570571,1.72981002176878,7.66067130901214e-06
0.001,571.571571571572,3.76239728018617,7.98693449112876e-06
0.001,572.572572572573,3.14262462524673,7.48488124633067e-06
0.001,573.573573573574,0.467933293061709,6.73560999703275e-06
0.001,574.574574574575,-5.70540106018899,6.76824647547412e-06
0.001,575.575575575576,-0.93692312537828,7.91358145006417e-06
0.001,576.576576576577,0.737481107832736,7.40024618048492e-06
0.001,577.577577577578,-1.2628286874639,7.39252464082542e-06
0.001,578.578578578579,-3.73679810079308,6.63022092948364e-06
0.001,579.57957957958,-3.37530884912618,7.33760683736401e-06
0.001,580.580580580581,1.62099299321342,6.53018101732203e-06
0.001,581.581581581582,5.763135940847,7.92775667366676e-06
0.001,582.582582582583,-0.293200071575562,6.97385974883122e-06
0.001,583.583583583584,-4.71947600686273,6.92569385848318e-06
0.001,584.584584584585,-3.48568400965242,7.32047275518963e-06
0.001,585.585585585586,1.40737378667623,6.93523725066158e-06
0.001,586.586586586587,1.57817962354702,7.55606240615345e-06
0.001,587.587587587588,-3.06580363907308,7.25796390935434e-06
0.001,588.588588588589,-3.40238036149185,6.58225818500011e-06
0.001,589.58958958959,-1.13288091991026,7.3674679873945e-06
0.001,590.590590590591,0.684689734182922,7.52649972021184e-06
0.001,591.591591591592,0.314550106991121,7.68474230270209e-06
0.001,592.592592592593,-3.38550728785887,6.70881764748165e-06
0.001,593.593593593594,-4.05015282312532,7.34984128090341e-06
0.001,594.594594594595,4.38939868446949,7.49239059575932e-06
0.001,595.595595595596,1.44646843158003,7.57413598656273e-06
0.001,596.596596596597,5.97976359905761,6.69214048199587e-06
0.001,597.597597597598,-2.47322932009477,6.66536986241582e-06
0.001,598.598598598599,0.703291124816633,7.30269523095351e-06
0.001,599.5995995996,-0.260567116899412,7.63595470026335e-06
0.001,600.600600600601,-4.92889740511975,6.831367108089e-06
0.001,601.601601601602,-3.41989985236474,7.28206097900954e-06
0.001,602.602602602603,-1.89989484943173,7.25350803196603e-06
0.001,603.603603603604,-5.51614216395193,6.80888721811726e-06
0.001,604.604604604605,-1.71447274091836,7.66333957326835e-06
0.001,605.605605605606,0.379167442935117,7.81276994774126e-06
0.001,606.606606606607,-1.86761763654672,7.04260509635839e-06
0.001,607.607607607608,-9.15651477232767,6.63012314461391e-06
0.001,608.608608608609,-2.95913392221223,6.4812105894782e-06
0.001,609.60960960961,-1.68390279094163,6.90856488578848e-06
0.001,610.610610610611,-1.82032087594727,7.55060606915198e-06
0.001,611.611611611612,-3.6716487178,7.02127466312565e-06
0.001,612.612612612613,-2.32929256981719,7.4154215700524e-06
0.001,613.613613613614,2.32075000740598,7.63842651383532e-06
0.001,614.614614614615,-0.12666688937996,7.33272264462737e-06
0.001,615.615615615616,-2.20077419237528,6.80146901710772e-06
0.001,616.616616616617,-7.78712571647386,6.50933774654841e-06
0.001,617.617617617618,-0.249007218946251,7.36934293151836e-06
0.001,618.618618618619,-0.131518259182356,6.9128361171525e-06
0.001,619.61961961962,-5.59782796731305,6.4290988300354e-06
0.001,620.620620620621,-2.71011426498593,7.37295186860251e-06
0.001,621.621621621622,0.49537629169501,7.76452207079973e-06
0.001,622.622622622623,-0.417614733126391,6.61366645023983e-06
0.001,623.623623623624,-4.81284263927808,6.7280909572116e-06
0.001,624.624624624625,2.25275803779846,8.0366674060379e-06
0.001,625.625625625626,0.188500059394863,7.54188401114968e-06
0.001,626.626626626627,-2.34957179533242,6.69504055218652e-06
0.001,627.627627627628,-3.94601292929888,7.20368978287327e-06
0.001,628.628628628629,3.33086670111746,7.52214151023396e-06
0.001,629.62962962963,-4.07597411761208,6.8808953501627e-06
0.001,630.630630630631,-6.69532251237156,6.84510726243334e-06
0.001,631.631631631632,-0.735503441876005,7.93957249225033e-06
0.001,632.632632632633,-0.561458520133663,6.84300233299423e-06
0.001,633.633633633634,-6.48952093798959,6.99179854469034e-06
0.001,634.634634634635,-2.26031042871132,7.80265229703057e-06
0.001,635.635635635636,-6.24194253684239,6.53856238461603e-06
0.001,636.636636636637,-2.77004237281105,7.12120874445527e-06
0.001,637.637637637638,0.615855394080897,7.70287754924544e-06
0.001,638.638638638639,-5.29020302399241,7.04417746531777e-06
0.001,639.63963963964,-4.35152533624292,7.0962407727981e-06
0.001,640.640640640641,-0.286656255858768,8.06801171468715e-06
0.001,641.641641641642,-2.158950846331,7.29312452948716e-06
0.001,642.642642642643,2.93533157828976,7.66928272035103e-06
0.001,643.643643643644,0.610509418765607,7.62830439967112e-06
0.001,644.644644644645,-5.05348602075581,6.32346239319421e-06
0.001,645.645645645646,-3.89352398322198,7.23639109884989e-06
0.001,646.646646646647,0.243022789475399,8.08694086865937e-06
0.001,647.647647647648,6.06585425294181,7.32128087519415e-06
0.001,648.648648648649,-5.86360127378153,7.07696857893152e-06
0.001,649.64964964965,-1.5349044388738,7.82605776630981e-06
0.001,650.650650650651,-0.971842282163577,7.00029748874662e-06
0.001,651.651651651652,-7.42514581800202,6.78512737412092e-06
0.001,652.652652652653,-0.39377740375495,7.43163107132335e-06
0.001,653.653653653654,1.46070609275279,7.32933065487583e-06
0.001,654.654654654655,-1.75510454246038,6.47940212731983e-06
0.001,655.655655655656,2.59425861966612,6.67842241000049e-06
0.001,656.656656656657,-1.86575904693615,7.30919519386198e-06
0.001,657.657657657658,-7.65971970061365,7.49521155710941e-06
0.001,658.658658658659,0.324677759853485,7.27130481952784e-06
0.001,659.65965965966,-2.4369807746703,7.94266736869497e-06
0.001,660.660660660661,-0.80836384863521,7.10367612286587e-06
0.001,661.661661661662,1.86436878187069,7.14698107741927e-06
0.001,662.662662662663,-5.47443443172325,6.50950248322084e-06
0.001,663.663663663664,2.91244829144255,7.34076649261425e-06
0.001,664.664664664665,-1.47927897361009,7.04278363449893e-06
0.001,665.665665665666,-4.04682369611314,7.15646233362641e-06
0.001,666.666666666667,-7.08483019414953,6.90057941507518e-06
0.001,667.667667667668,2.80575173456467,8.12864461799451e-06
0.001,668.668668668669,-4.61795960639493,6.701562421255e-06
0.001,669.66966966967,-3.18968906242595,7.62710420051324e-06
0.001,670.670670670671,-5.09179643396087,6.88578271430051e-06
0.001,671.671671671672,-5.60990165129314,7.0381872170546e-06
0.001,672.672672672673,-6.78690191659236,7.20916614668589e-06
0.001,673.673673673674,-0.544287016908723,7.86906038061734e-06
0.001,674.674674674675,-2.48308619302117,6.7466886410308e-06
0.001,675.675675675676,-6.17053428223905,7.25802398978781e-06
0.001,676.676676676677,-3.57940528444474,7.49577653635676e-06
0.001,677.677677677678,-0.177952508343568,7.09178260495338e-06
0.001,678.678678678679,-5.50413251606684,7.30632020123252e-06
0.001,679.67967967968,-7.39422209087236,6.91024220463507e-06
0.001,680.680680680681,2.98876798211808,7.13637074366222e-06
0.001,681.681681681682,0.773780315768688,6.89442055398257e-06
0.001,682.682682682683,-2.65775688745446,6.75717681711275e-06
0.001,683.683683683684,-3.28759316425052,6.70617851313257e-06
0.001,684.684684684685,0.715344964486519,7.71101184089561e-06
0.001,685.685685685686,3.69670596538625,8.08092507299779e-06
0.001,686.686686686687,-2.01702535078005,6.81466662693158e-06
0.001,687.687687687688,-4.5234765555456,7.51209973823299e-06
0.001,688.688688688689,-7.19140471862412,7.37257118300155e-06
0.001,689.68968968969,0.713031031254345,7.1189811287742e-06
0.001,690.690690690691,-2.60848878761664,6.80993195988764e-06
0.001,691.691691691692,-3.07316834874363,7.53295522477413e-06
0.001,692.692692692693,-0.151412226560626,7.74753287467559e-06
0.001,693.693693693694,3.37966553879059,7.81121772305234e-06
0.001,694.694694694695,-4.05068150653765,7.28182283027275e-06
0.001,695.695695695696,-4.40399077071792,6.84440520817941e-06
0.001,696.696696696697,-4.28433910971213,6.69019870352861e-06
0.001,697.697697697698,7.35626362812253,8.07254065176192e-06
0.001,698.698698698699,-7.41190414917937,6.59006887627056e-06
0.001,699.6996996997,-8.68993307381933,7.90437328673647e-06
0.001,700.700700700701,-1.28682759061712,7.17888032254547e-06
0.001,701.701701701702,-3.45574185150218,5.94488025342433e-06
0.001,702.702702702703,-6.20377831482047,7.06604521613202e-06
0.001,703.703703703704,-1.49073334960072,6.77206472503619e-06
0.001,704.704704704705,1.34056612655208,7.87716677568305e-06
0.001,705.705705705706,1.23003736777847,7.61357423959159e-06
0.001,706.706706706707,-2.33157753272534,7.25662440346312e-06
0.001,707.707707707708,-2.88403514350435,7.18693397838415e-06
0.001,708.708708708709,-3.30172389916553,7.70361554604608e-06
0.001,709.70970970971,8.02491799164226,7.15369646068941e-06
0.001,710.710710710711,-0.0708173732565857,7.26217094920928e-06
0.001,711.711711711712,-3.67140720886383,6.4248737014478e-06
0.001,712.712712712713,0.865483433573255,7.39793963215224e-06
0.001,713.713713713714,1.85253147671333,6.79645984767271e-06
0.001,714.714714714715,-0.906772968979032,6.67030550232716e-06
0.001,715.715715715716,-3.79541314524573,7.1460743503299e-06
0.001,716.716716716717,-0.572057625139631,7.19745809701281e-06
0.001,717.717717717718,-5.67598165079695,6.84112251430929e-06
0.001,718.718718718719,-0.39397733376687,7.41389806416306e-06
0.001,719.71971971972,-2.2673497924123,7.3614551282155e-06
0.001,720.720720720721,-3.25267304465302,7.08464149043958e-06
0.001,721.721721721722,-2.27976174742047,7.27374303973916e-06
0.001,722.722722722723,2.78860669396553,7.2232318982181e-06
0.001,723.723723723724,-0.517881141331486,7.08531371003055e-06
0.001,724.724724724725,-2.96230511605569,7.25517601279804e-06
0.001,725.725725725726,-8.0098777654288,7.00729101564623e-06
0.001,726.726726726727,0.93485878603134,7.77415285269956e-06
0.001,727.727727727728,5.8810169730633,7.4192960826206e-06
0.001,728.728728728729,-0.833769807019425,7.41430670507814e-06
0.001,729.72972972973,-6.90605216530277,6.77121197049653e-06
0.001,730.730730730731,-5.02608757240922,7.17403072157356e-06
0.001,731.731731731732,-0.791430036914531,7.43620775560478e-06
0.001,732.732732732733,-2.85874792365975,7.27945162059378e-06
0.001,733.733733733734,-1.08636417949298,6.60665659649712e-06
0.001,734.734734734735,-5.23840586476567,7.47129478748428e-06
0.001,735.735735735736,4.09800923490857,7.92619164591381e-06
0.001,736.736736736737,0.0198215025453498,7.89670789262381e-06
0.001,737.737737737738,-7.74672203624482,7.12329417565008e-06
0.001,738.738738738739,-4.3754860640303,6.87681293462822e-06
0.001,739.73973973974,-2.19014013852995,6.87891991960513e-06
0.001,740.740740740741,1.39995551141623,7.60665077716621e-06
0.001,741.741741741742,-0.0388034285743561,7.76369051766427e-06
0.001,742.742742742743,-4.74366020376269,7.07167251514898e-06
0.001,743.743743743744,-6.68671194659454,6.817234757132e-06
0.001,744.744744744745,2.14197674894862,6.57891306151046e-06
0.001,745.745745745746,1.23620101377523,7.50757138845474e-06
0.001,746.746746746747,-1.32680891481672,6.96926785357006e-06
0.001,747.747747747748,-4.60710627728308,7.021038511197e-06
0.001,748.748748748749,-0.0604246712697485,7.74891865953218e-06
0.001,749.74974974975,-0.832901564090914,7.99667650698851e-06
0.001,750.750750750751,-0.971953848237482,6.98714427853929e-06
0.001,751.751751751752,-2.03659986590881,6.86118409342157e-06
0.001,752.752752752753,-0.0920909517613726,6.99499754880708e-06
0.001,753.753753753754,0.075976371299203,7.91644692849009e-06
0.001,754.754754754755,-1.05684343859939,7.66810571940549e-06
0.001,755.755755755756,-1.32192373455251,6.80309201102669e-06
0.001,756.756756756757,0.461105481600683,7.34962562562313e-06
0.001,757.757757757758,-2.16061013883601,7.64474981795211e-06
0.001,758.758758758759,2.10937315036391,7.06409709486239e-06
0.001,759.75975975976,-4.48864650407091,6.88283830322299e-06
0.001,760.760760760761,1.46275697892825,7.49351937966099e-06
0.001,761.761761761762,4.13500350775765,7.94987478898531e-06
0.001,762.762762762763,-7.75684863168131,6.67148508737737e-06
0.001,763.763763763764,-3.93129623521718,6.58477539659268e-06
0.001,764.764764764765,0.743012620105526,7.37121546772652e-06
0.001,765.765765765766,-2.10061008513987,7.3071149308765e-06
0.001,766.766766766767,-6.83393285856486,6.73663077710532e-06
0.001,767.767767767768,-1.92467934938087,7.34009421429363e-06
0.001,768.768768768769,1.26495678956334,7.25210010603082e-06
0.001,769.76976976977,-6.41456804460714,6.92969487472068e-06
0.001,770.770770770771,-3.48320690033215,6.82008197063631e-06
0.001,771.771771771772,1.71915108981588,8.03316799975378e-06
0.001,772.772772772773,-5.19131227575975,6.62052049421715e-06
0.001,773.773773773774,-3.6733973914604,6.93221537517374e-06
0.001,774.774774774775,1.98424317909797,7.54692865329419e-06
0.001,775.775775775776,-1.11105379810603,6.97213932242043e-06
0.001,776.776776776777,-7.09912114579717,7.14580307806966e-06
0.001,777.777777777778,7.05440700019249,7.37655604858489e-06
0.001,778.778778778779,-8.45215210780884,6.41180529685722e-06
0.001,779.77977977978,-5.26433106239333,6.88961253360392e-06
0.001,780.780780780781,-4.81967336778309,7.96396526570079e-06
0.001,781.781781781782,-0.800977197227056,7.49854282040131e-06
0.001,782.782782782783,0.399383631124614,7.37412922192596e-06
0.001,783.783783783784,0.164695289411467,6.90087188873961e-06
0.001,784.784784784785,-2.99706933902438,7.9373091102115e-06
0.001,785.785785785786,-0.87441335830837,7.25368081460072e-06
0.001,786.786786786787,-1.04648132531888,7.50866540440273e-06
0.001,787.787787787788,-2.18675461533191,7.01006170441464e-06
0.001,788.788788788789,-4.12920074047296,7.06977120141159e-06
0.001,789.78978978979,0.0300693813147396,6.42653898071584e-06
0.001,790.790790790791,5.41083755356511,7.68243892577059e-06
0.001,791.791791791792,-0.289978062403046,7.41484971943583e-06
0.001,792.792792792793,-1.47483443628178,7.00786991382098e-06
0.001,793.793793793794,0.193402588265501,7.61380469474404e-06
0.001,794.794794794795,-0.548564733384984,7.39366006117771e-06
0.001,795.795795795796,-3.49916617658355,7.71449832665641e-06
0.001,796.796796796797,1.07113333494465,7.87429037354195e-06
0.001,797.797797797798,-6.06780271432994,6.59365144374119e-06
0.001,798.798798798799,-2.25905668125689,7.36151468008211e-06
0.001,799.7997997998,-1.25796718101621,8.13323498628473e-06
0.001,800.800800800801,-1.55421176401177,8.05352422552758e-06
0.001,801.801801801802,-1.19822464126449,7.02298293249858e-06
0.001,802.802802802803,-5.1948097957657,7.15406299244437e-06
0.001,803.803803803804,-0.498189647616113,8.09851307664855e-06
0.001,804.804804804805,-0.330614288938367,7.63619026489548e-06
0.001,805.805805805806,-7.63559451521889,6.34596172268059e-06
0.001,806.806806806807,-7.0335835000992,6.51039018190313e-06
0.001,807.807807807808,-1.04345882361409,7.38805355245738e-06
0.001,808.808808808809,2.07745366527902,6.80658877447649e-06
0.001,809.80980980981,-1.50595547378223,7.13329019725254e-06
0.001,810.810810810811,1.29416287979792,7.08987430238747e-06
0.001,811.811811811812,-0.726978756877979,8.16226170542683e-06
0.001,812.812812812813,-2.89774544369178,7.63515127863095e-06
0.001,813.813813813814,-1.20230216555322,7.01702310619488e-06
0.001,814.814814814815,-7.11831173026419,7.01473969734489e-06
0.001,815.815815815816,-0.610190523237387,7.11773353478757e-06
0.001,816.816816816817,0.905283335345836,7.66906266034689e-06
0.001,817.817817817818,-5.51474448974748,6.79385031306799e-06
0.001,818.818818818819,-3.08842886719044,7.52720265541054e-06
0.001,819.81981981982,1.70508097667003,7.73118518253468e-06
0.001,820.820820820821,0.869317369955721,7.3741934721647e-06
0.001,821.821821821822,-1.23576775348902,6.76713431206383e-06
0.001,822.822822822823,-3.64343974864369,6.9992569167815e-06
0.001,823.823823823824,-0.359221708795756,7.38769254128966e-06
0.001,824.824824824825,-1.35632014125923,7.4522979182239e-06
0.001,825.825825825826,-5.55085165730631,6.73621655687335e-06
0.001,826.826826826827,1.93214625426351,7.82085625726617e-06
0.001,827.827827827828,1.56452209679259,7.14584389517744e-06
0.001,828.828828828829,-1.04153799457948,7.28146340480562e-06
0.001,829.82982982983,-1.93807200985217,6.70374822142421e-06
0.001,830.830830830831,-4.80130805498542,7.10128923236996e-06
0.001,831.831831831832,0.796931383759326,7.08443981281636e-06
0.001,832.832832832833,4.80637166083666,7.54545031050685e-06
0.001,833.833833833834,3.0181686643581,7.34979200672581e-06
0.001,834.834834834835,-5.00568319172696,6.77928025001843e-06
0.001,835.835835835836,1.09414353725352,7.20496368774377e-06
0.001,836.836836836837,0.585554722132118,7.16515661250355e-06
0.001,837.837837837838,-6.49453055109407,6.66286333961981e-06
0.001,838.838838838839,-1.23828945480783,7.11043661050836e-06
0.001,839.83983983984,0.311417156855085,7.60554765812225e-06
0.001,840.840840840841,-6.1912521832154,7.57777816462963e-06
0.001,841.841841841842,-4.69257536591901,6.89773889675115e-06
0.001,842.842842842843,0.736001573555948,7.24071424722582e-06
0.001,843.843843843844,-0.292058531613568,7.7123856449033e-06
0.001,844.844844844845,0.670342990829921,7.59845147179184e-06
0.001,845.845845845846,-1.99697585580304,6.85960150550283e-06
0.001,846.846846846847,-4.83193737025032,6.19122917654138e-06
0.001,847.847847847848,-6.2410878202842,6.70355429611498e-06
0.001,848.848848848849,-1.19244412002029,7.71827323373567e-06
0.001,849.84984984985,1.55009049857259,7.30429649490143e-06
0.001,850.850850850851,-4.22403257110327,7.17560808255332e-06
0.001,851.851851851852,-4.48284594789483,6.84513098921254e-06
0.001,852.852852852853,-1.57899977533027,7.33307108764967e-06
0.001,853.853853853854,0.854995580155082,7.26648182308805e-06
0.001,854.854854854855,0.864360107019149,7.1823114262449e-06
0.001,855.855855855856,-2.99825644913087,6.56833303225357e-06
0.001,856.856856856857,-3.32167020849781,7.26457898237973e-06
0.001,857.857857857858,-0.545946094557862,7.32861579755788e-06
0.001,858.858858858859,-3.60607043819172,6.76552506088331e-06
0.001,859.85985985986,-0.980108443008011,7.07915872509494e-06
0.001,860.860860860861,0.229635654907523,7.78393644915257e-06
0.001,861.861861861862,3.31727882034518,7.52142465610785e-06
0.001,862.862862862863,-5.96453212258088,6.8437729834811e-06
0.001,863.863863863864,0.0308283193631548,7.60445804689813e-06
0.001,864.864864864865,-0.296223672981024,7.7535168975957e-06
0.001,865.865865865866,0.396795921214332,7.30987404990357e-06
0.001,866.866866866867,-4.59579315633413,7.32622215315204e-06
0.001,867.867867867868,-1.36396134185787,7.26399280172819e-06
0.001,868.868868868869,-4.02230656959407,7.82380994762863e-06
0.001,869.86986986987,-3.15407340936155,7.6121592660982e-06
0.001,870.870870870871,-2.89451821162756,7.02985418426378e-06
0.001,871.871871871872,0.163353903805229,7.15097997938933e-06
0.001,872.872872872873,-0.805731957937737,6.90526028575835e-06
0.001,873.873873873874,-5.33020598461863,6.49387728325258e-06
0.001,874.874874874875,-0.784134966133636,6.72408952986653e-06
0.001,875.875875875876,-0.326152965051673,7.20429986649296e-06
0.001,876.876876876877,6.94271305140207,7.73005516531033e-06
0.001,877.877877877878,0.470273148711307,6.99572667743034e-06
0.001,878.878878878879,-6.08275106510281,6.66487218734908e-06
0.001,879.87987987988,-6.1013046607073,6.57663264787269e-06
0.001,880.880880880881,4.28111713874399,7.87537616733873e-06
0.001,881.881881881882,1.32271155496135,7.30491685621013e-06
0.001,882.882882882883,0.530211367213116,7.08522344255621e-06
0.001,883.883883883884,-2.18177705952492,7.17993029125484e-06
0.001,884.884884884885,-3.88141329526527,6.36384924755395e-06
0.001,885.885885885886,-0.58068252892053,7.09387097263077e-06
0.001,886.886886886887,3.83494774863855,7.61275308160443e-06
0.001,887.887887887888,0.755701079493296,6.96604776550843e-06
0.001,888.888888888889,-8.90615716327853,6.73113233094374e-06
0.001,889.88988988989,-2.80909402881923,7.36881583289623e-06
0.001,890.890890890891,-0.249272176828023,7.73016023265685e-06
0.001,891.891891891892,0.812580337617467,6.74902073676187e-06
0.001,892.892892892893,-4.68295007942308,6.69282521100261e-06
0.001,893.893893893894,-4.13303859645598,6.85452332872731e-06
0.001,894.894894894895,-8.0408256889496,7.47862577496136e-06
0.001,895.895895895896,-0.374589211347529,7.56075120533957e-06
0.001,896.896896896897,0.402808741966833,7.15701374632426e-06
0.001,897.897897897898,-3.84821295081926,7.06248155960917e-06
0.001,898.898898898899,3.69006780914888,7.48751039663898e-06
0.001,899.8998998999,1.74491357297185,6.76334290195249e-06
0.001,900.900900900901,-0.125856700841794,7.10209001116804e-06
0.001,901.901901901902,2.72463312416927,8.00493078331668e-06
0.001,902.902902902903,1.40076357549126,7.51716117705783e-06
0.001,903.903903903904,-8.39098931746313,7.42528016427037e-06
0.001,904.904904904905,1.89924895438773,7.39744929829194e-06
0.001,905.905905905906,-6.12843543267137,7.48799450515623e-06
0.001,906.906906906907,-7.63165606539405,6.99979282485136e-06
0.001,907.907907907908,-5.02244219868628,7.63177720142311e-06
0.001,908.908908908909,2.01442705484926,7.32173291732168e-06
0.001,909.90990990991,-1.2083798965024,7.37843774661868e-06
0.001,910.910910910911,-4.28611456057409,6.44884203570694e-06
0.001,911.911911911912,5.06815752747693,7.69396444368684e-06
0.001,912.912912912913,-11.158346465699,6.60955320163833e-06
0.001,913.913913913914,-1.5851372514575,6.94409491542918e-06
0.001,914.914914914915,-2.93311395726347,7.32964315535142e-06
0.001,915.915915915916,4.3627485857482,7.91658042098793e-06
0.001,916.916916916917,-2.29367339289123,7.27449137295846e-06
0.001,917.917917917918,-7.2891293489026,6.39228356070146e-06
0.001,918.918918918919,1.06243560689231,6.99577882936087e-06
0.001,919.91991991992,-1.28406066832176,7.47046352799707e-06
0.001,920.920920920921,-2.91281108231616,6.75346016984777e-06
0.001,921.921921921922,-3.19662860741475,7.60293659654659e-06
0.001,922.922922922923,4.642187874432,7.27425704164901e-06
0.001,923.923923923924,-4.0924741123003,6.9830120015307e-06
0.001,924.924924924925,1.08955644463917,7.19673172868317e-06
0.001,925.925925925926,-0.533500460717247,7.59448698539756e-06
0.001,926.926926926927,1.15347843041117,6.62672398984489e-06
0.001,927.927927927928,-4.2056458841454,6.55418470683137e-06
0.001,928.928928928929,-0.108072544305041,7.90354637324347e-06
0.001,929.92992992993,2.19092212590918,7.27274956895453e-06
0.001,930.930930930931,-4.21140433978735,7.08850413961817e-06
0.001,931.931931931932,1.69724941666761,6.5477283213243e-06
0.001,932.932932932933,-0.65736718893922,6.51241893898425e-06
0.001,933.933933933934,-2.21888443350749,7.27066918850974e-06
0.001,934.934934934935,1.15449520987264,7.91219666361165e-06
0.001,935.935935935936,-1.68849309664992,6.83676072182267e-06
0.001,936.936936936937,-3.68049614380416,7.76913927854069e-06
0.001,937.937937937938,0.327306278397483,7.62724427073205e-06
0.001,938.938938938939,2.99599162860065,8.15800627233906e-06
0.001,939.93993993994,-3.14565820071748,7.10158939961873e-06
0.001,940.940940940941,-7.25528884291819,7.29341024924166e-06
0.001,941.941941941942,-0.361680247179806,8.06446191836205e-06
0.001,942.942942942943,-4.72990444175131,7.03081793784475e-06
0.001,943.943943943944,0.357048661953938,6.48400582724094e-06
0.001,944.944944944945,-4.80021337267188,7.14033176500706e-06
0.001,945.945945945946,4.05051520601014,7.58026066699817e-06
0.001,946.946946946947,-3.28109286735435,6.70676246205735e-06
0.001,947.947947947948,-2.82207147216515,7.24275486769655e-06
0.001,948.948948948949,6.90288796490649,7.79859448922007e-06
0.001,949.94994994995,-5.83371316160884,7.34388157205901e-06
0.001,950.950950950951,-3.4719194345749,7.30042215852219e-06
0.001,951.951951951952,-4.9709479613598,6.55980190434827e-06
0.001,952.952952952953,-3.63005906429422,6.94502202170762e-06
0.001,953.953953953954,-0.374993526738272,7.90006523188097e-06
0.001,954.954954954955,-0.966910341618704,7.43255659190121e-06
0.001,955.955955955956,-2.91844387220703,6.75924856429876e-06
0.001,956.956956956957,-2.84922653342501,7.15108299119804e-06
0.001,957.957957957958,1.65898424286183,8.02321784600914e-06
0.001,958.958958958959,0.358931457397262,7.54624286715373e-06
0.001,959.95995995996,-1.48118352671661,7.04526877970179e-06
0.001,960.960960960961,-3.19179814032594,6.69622037215533e-06
0.001,961.961961961962,-3.77662325368411,7.09332038214803e-06
0.001,962.962962962963,-0.264720847791721,7.51764111576982e-06
0.001,963.963963963964,-1.9345755937044,7.04904867880143e-06
0.001,964.964964964965,3.87202664072575,7.31248840033971e-06
0.001,965.965965965966,-5.00281509421139,7.11056434750035e-06
0.001,966.966966966967,-5.37208100021042,6.13815842061937e-06
0.001,967.967967967968,-4.00586205642333,7.73117003028459e-06
0.001,968.968968968969,3.06165339501367,7.22975329744936e-06
0.001,969.96996996997,-3.08355684621565,6.34124543801757e-06
0.001,970.970970970971,-6.13061441748714,6.96260973171012e-06
0.001,971.971971971972,-1.55918105182889,6.88503021127595e-06
0.001,972.972972972973,1.43286029928353,8.14239581351332e-06
0.001,973.973973973974,0.223417775498339,7.38687202932867e-06
0.001,974.974974974975,1.17690827828063,7.52947384849302e-06
0.001,975.975975975976,-3.55679561478089,6.31025444695169e-06
0.001,976.976976976977,-4.74706967107102,7.56090431354101e-06
0.001,977.977977977978,2.75033587442546,7.81815739486153e-06
0.001,978.978978978979,2.71931982324347,7.35052078297117e-06
0.001,979.97997997998,-7.6177840741281,6.76222838935614e-06
0.001,980.980980980981,-1.05541002621699,7.96475459221684e-06
0.001,981.981981981982,-0.728792903103388,7.06202734448453e-06
0.001,982.982982982983,-4.85227516765406,7.20452715024423e-06
0.001,983.983983983984,-0.878490390578457,7.42878973078419e-06
0.001,984.984984984985,0.558137267429801,8.17742552525297e-06
0.001,985.985985985986,-6.71327490040734,7.18479616034021e-06
0.001,986.986986986987,-5.73320135882757,7.09698840126158e-06
0.001,987.987987987988,1.92108725030405,7.60002601374832e-06
0.001,988.988988988989,-2.96111731789573,6.81851095245891e-06
0.001,989.98998998999,-2.90618196674616,7.02338129572465e-06
0.001,990.990990990991,-4.03543171986852,7.784969386263e-06
0.001,991.991991991992,4.82154013371435,7.23820226257223e-06
0.001,992.992992992993,-1.43798276130319,6.59543289025989e-06
0.001,993.993993993994,4.1476072131941,6.9178115170379e-06
0.001,994.994994994995,3.43438262463213,7.37588653055789e-06
0.001,995.995995995996,-0.310064613129172,6.80366380291361e-06
0.001,996.996996996997,-6.67212897407885,7.2454051606794e-06
0.001,997.997997997998,-0.586270544671048,7.75131283250488e-06
0.001,998.998998998999,3.84395170734609,7.0879225986091e-06
0.001,1000.0,0.694053869113446,7.59322629469864e-06
0.012,0.0,-1.43157783160748,6.57870090651741e-05
0.012,1.001001001001,-1.80728984566308,8.59256074757364e-05
0.012,2.002002002002,-1.86607583003352,8.60627478484196e-05
0.012,3.003003003003,-1.7686974060252,8.66789575580601e-05
0.012,4.004004004004,-1.79348733998689,8.60235438092409e-05
0.012,5.00500500500501,-1.83326826263254,8.60046998132633e-05
0.012,6.00600600600601,-1.94197159876009,8.6226353975062e-05
0.012,7.00700700700701,-1.80132816227764,8.61207360967906e-05
0.012,8.00800800800801,-1.65640590140277,8.63975732851568e-05
0.012,9.00900900900901,-1.81786758766411,8.53927181099634e-05
0.012,10.01001001001,-2.19829493493839,8.58561838594642e-05
0.012,11.011011011011,-1.47386608485214,8.58800434851384e-05
0.012,12.012012012012,-1.6842498467612,8.64375698222527e-05
0.012,13.013013013013,-1.56619531547958,8.64750692920266e-05
0.012,14.014014014014,-1.97135963373811,8.62103739305394e-05
0.012,15.015015015015,-1.93281690964002,8.50193580933449e-05
0.012,16.016016016016,-1.90628645661371,8.63746627893803e-05
0.012,17.017017017017,-1.67413545629211,8.65045131678832e-05
0.012,18.018018018018,-1.82010742004542,8.5904633061651e-05
0.012,19.019019019019,-1.98096417871465,8.57040088134584e-05
0.012,20.02002002002,-1.65157056071044,8.64672059789884e-05
0.012,21.021021021021,-1.89835129671495,8.63767232604733e-05
0.012,22.022022022022,-1.52593914079377,8.64306928737114e-05
0.012,23.023023023023,-1.89845743468149,8.60419253679426e-05
0.012,24.024024024024,-1.55653528884858,8.64572540633542e-05
0.012,25.025025025025,-1.89958368037233,8.57258831419937e-05
0.012,26.026026026026,-1.60749866635395,8.60068783896854e-05
0.012,27.027027027027,-1.35028623293653,8.59856647697295e-05
0.012,28.028028028028,-1.64435548645447,8.65126708926643e-05
0.012,29.029029029029,-1.7592836267846,8.53542543580418e-05
0.012,30.03003003003,-2.27214554214493,8.60158425313112e-05
0.012,31.031031031031,-1.93320759800085,8.6457208430415e-05
0.012,32.032032032032,-1.80406517905584,8.66587068107403e-05
0.012,33.033033033033,-1.61823212448049,8.63927299682576e-05
0.012,34.034034034034,-2.19461059603204,8.55013994443158e-05
0.012,35.035035035035,-1.49825972726061,8.62852975199442e-05
0.012,36.036036036036,-1.91451400763267,8.669210695084e-05
0.012,37.037037037037,-1.62850482209238,8.570184309883e-05
0.012,38.038038038038,-1.97086312350008,8.54969491462444e-05
0.012,39.039039039039,-1.78563102406512,8.65984848388045e-05
0.012,40.04004004004,-1.24947671726298,8.67594756753363e-05
0.012,41.041041041041,-1.47238597024545,8.6287122250216e-05
0.012,42.042042042042,-1.54693166004369,8.63945465351079e-05
0.012,43.043043043043,-1.88617209159737,8.57312568463755e-05
0.012,44.044044044044,-1.95902327454395,8.55417453053788e-05
0.012,45.0450450450451,-2.01844362851612,8.52837162291732e-05
0.012,46.0460460460461,-1.53656547433293,8.65600964957553e-05
0.012,47.0470470470471,-2.30080498831573,8.60272686199274e-05
0.012,48.0480480480481,-1.60408325817951,8.67018333446125e-05
0.012,49.0490490490491,-1.95171316037943,8.61299820232843e-05
0.012,50.0500500500501,-2.12147834516391,8.54738944691735e-05
0.012,51.0510510510511,-2.00444707892005,8.56858295784061e-05
0.012,52.0520520520521,-1.79062504493483,8.61712064212039e-05
0.012,53.0530530530531,-1.65754064494862,8.52384308520418e-05
0.012,54.0540540540541,-2.37801238200865,8.50995792735031e-05
0.012,55.0550550550551,-2.06832744806552,8.58516868125902e-05
0.012,56.0560560560561,-1.64014173851615,8.62955954706849e-05
0.012,57.0570570570571,-2.14505147379149,8.56095159168802e-05
0.012,58.0580580580581,-1.685345717016,8.5180498514299e-05
0.012,59.0590590590591,-2.02908134425343,8.64985208640822e-05
0.012,60.0600600600601,-1.61016278852814,8.65320322968715e-05
0.012,61.0610610610611,-2.20126022103473,8.55231398692456e-05
0.012,62.0620620620621,-1.87333650654779,8.5812434321449e-05
0.012,63.0630630630631,-1.42486618170942,8.64083739617143e-05
0.012,64.0640640640641,-1.23447037278247,8.62556480315777e-05
0.012,65.0650650650651,-2.26717633840749,8.52842307009202e-05
0.012,66.0660660660661,-1.95354046914915,8.59387458273419e-05
0.012,67.0670670670671,-1.28224495078604,8.68133662971931e-05
0.012,68.0680680680681,-1.98231221377558,8.58381327137817e-05
0.012,69.0690690690691,-2.34207084974428,8.5358384168405e-05
0.012,70.0700700700701,-1.37976244840788,8.66959995521409e-05
0.012,71.0710710710711,-1.91523901764184,8.62335927569862e-05
0.012,72.0720720720721,-2.06217217650541,8.59245075280936e-05
0.012,73.0730730730731,-1.53220644419904,8.65786496624987e-05
0.012,74.0740740740741,-1.16507286932738,8.63988414345215e-05
0.012,75.0750750750751,-1.85737964058135,8.59899515644512e-05
0.012,76.0760760760761,-1.89670880732534,8.60763515150539e-05
0.012,77.0770770770771,-1.32728482265895,8.637067909839e-05
0.012,78.0780780780781,-2.05062362982056,8.52544019696574e-05
0.012,79.0790790790791,-2.04696277259255,8.52892836239456e-05
0.012,80.0800800800801,-1.99057664602741,8.73088015912129e-05
0.012,81.0810810810811,-1.3519804065018,8.66188374233399e-05
0.012,82.0820820820821,-1.43593582685287,8.66629783944823e-05
0.012,83.0830830830831,-2.19697611565762,8.55150856261104e-05
0.012,84.0840840840841,-2.08606525585895,8.53901401719112e-05
0.012,85.0850850850851,-1.98962321630647,8.57685541686889e-05
0.012,86.0860860860861,-1.46793225439946,8.68736896365074e-05
0.012,87.0870870870871,-1.76759117284401,8.49375991947216e-05
0.012,88.0880880880881,-1.84827615290037,8.60511522660291e-05
0.012,89.0890890890891,-1.13208550501728,8.6186223475631e-05
0.012,90.0900900900901,-2.18781104169289,8.54098483159808e-05
0.012,91.0910910910911,-1.45203334775335,8.68996903690861e-05
0.012,92.0920920920921,-1.17369598818196,8.64047733642407e-05
0.012,93.0930930930931,-1.96750033174047,8.51695575913337e-05
0.012,94.0940940940941,-1.58686819522847,8.65264970272184e-05
0.012,95.0950950950951,-1.44227130037898,8.64333316556825e-05
0.012,96.0960960960961,-1.92582145011318,8.53664294846332e-05
0.012,97.0970970970971,-2.30147546596877,8.61127643100861e-05
0.012,98.0980980980981,-1.32925171613243,8.68436612244295e-05
0.012,99.0990990990991,-1.75249542977829,8.58755318145812e-05
0.012,100.1001001001,-2.06343149402168,8.55672251646784e-05
0.012,101.101101101101,-1.53593220307994,8.64605587808436e-05
0.012,102.102102102102,-1.47208306131446,8.61525454855501e-05
0.012,103.103103103103,-2.25280127168177,8.60500433914793e-05
0.012,104.104104104104,-1.55182710474757,8.63582456787914e-05
0.012,105.105105105105,-1.18280343251533,8.68730385008613e-05
0.012,106.106106106106,-1.98506472526197,8.57738217485904e-05
0.012,107.107107107107,-1.94183512358182,8.6716265745359e-05
0.012,108.108108108108,-2.08298941430631,8.56707512689525e-05
0.012,109.109109109109,-2.08648271664595,8.5578950657058e-05
0.012,110.11011011011,-1.68658569350873,8.63664106273196e-05
0.012,111.111111111111,-1.66234265717544,8.61261900258764e-05
0.012,112.112112112112,-1.72163906573599,8.62605803238989e-05
0.012,113.113113113113,-2.15855136934128,8.52365308303568e-05
0.012,114.114114114114,-2.3830084216788,8.53496582929753e-05
0.012,115.115115115115,-1.51752035566807,8.66186607058185e-05
0.012,116.116116116116,-1.55040908915838,8.60725223417766e-05
0.012,117.117117117117,-2.11412875171113,8.57394338932119e-05
0.012,118.118118118118,-1.57636427445729,8.69682198264144e-05
0.012,119.119119119119,-1.03500280132023,8.69601356311569e-05
0.012,120.12012012012,-1.98414678423719,8.57366414744725e-05
0.012,121.121121121121,-1.33068427842071,8.65081730235752e-05
0.012,122.122122122122,-1.96078972334884,8.50195928944915e-05
0.012,123.123123123123,-2.06000773638085,8.57708346997859e-05
0.012,124.124124124124,-1.37512701068958,8.62618093593156e-05
0.012,125.125125125125,-1.90610424219923,8.51660911911137e-05
0.012,126.126126126126,-1.80984151210121,8.57682891217717e-05
0.012,127.127127127127,-1.28389769186192,8.64775988368459e-05
0.012,128.128128128128,-2.37110234085037,8.56988189916154e-05
0.012,129.129129129129,-2.01293439280076,8.52460169023953e-05
0.012,130.13013013013,-1.48818301381518,8.69992892802946e-05
0.012,131.131131131131,-1.9348131353884,8.59108892965058e-05
0.012,132.132132132132,-1.98930484992117,8.56378939082919e-05
0.012,133.133133133133,-1.59495922682295,8.65662972310894e-05
0.012,134.134134134134,-1.86465387373947,8.60799428919722e-05
0.012,135.135135135135,-2.0218332400861,8.58865055674216e-05
0.012,136.136136136136,-2.10372755752398,8.59389139116045e-05
0.012,137.137137137137,-1.27999325141309,8.64877801504988e-05
0.012,138.138138138138,-1.71373525542353,8.62344184958862e-05
0.012,139.139139139139,-1.48322567697557,8.63074151654255e-05
0.012,140.14014014014,-1.54917647080713,8.67618207503203e-05
0.012,141.141141141141,-1.46602546560602,8.62761941303147e-05
0.012,142.142142142142,-1.9790434702183,8.57211159387228e-05
0.012,143.143143143143,-1.72999680612319,8.61610266345219e-05
0.012,144.144144144144,-1.19597377999379,8.65769543136491e-05
0.012,145.145145145145,-1.78083869937725,8.65458126810271e-05
0.012,146.146146146146,-1.71568008235836,8.52381317419268e-05
0.012,147.147147147147,-2.01559667212304,8.56408097180292e-05
0.012,148.148148148148,-1.57105249507486,8.62532084605843e-05
0.012,149.149149149149,-1.59433112303726,8.60467217011206e-05
0.012,150.15015015015,-1.85992180662247,8.53099406042647e-05
0.012,151.151151151151,-2.02145645621519,8.53388379419846e-05
0.012,152.152152152152,-1.74871414005125,8.60978660070144e-05
0.012,153.153153153153,-1.134858849149,8.72644912437556e-05
0.012,154.154154154154,-1.14604639704404,8.63451691107792e-05
0.012,155.155155155155,-1.82891297972538,8.57214419470182e-05
0.012,156.156156156156,-2.44491856265868,8.55231143805769e-05
0.012,157.157157157157,-1.89467133748566,8.58651138791624e-05
0.012,158.158158158158,-1.51368388311909,8.71311045180178e-05
0.012,159.159159159159,-1.63053791771329,8.61943590006038e-05
0.012,160.16016016016,-1.84334364863252,8.54614968159326e-05
0.012,161.161161161161,-1.46379228552272,8.63156236326255e-05
0.012,162.162162162162,-2.10188740309125,8.55622962199473e-05
0.012,163.163163163163,-2.05041180123256,8.59114503408665e-05
0.012,164.164164164164,-1.50266698611596,8.66654550238856e-05
0.012,165.165165165165,-1.2977859960555,8.61458561782452e-05
0.012,166.166166166166,-2.00488063707921,8.58353768248855e-05
0.012,167.167167167167,-2.19846331971865,8.59135565623579e-05
0.012,168.168168168168,-1.80284376591321,8.6146137963113e-05
0.012,169.169169169169,-1.84082967916392,8.65605714424469e-05
0.012,170.17017017017,-2.21276107961671,8.57370373710532e-05
0.012,171.171171171171,-2.21182089588757,8.53097853230661e-05
0.012,172.172172172172,-1.56304126277553,8.61623244423606e-05
0.012,173.173173173173,-1.73165646108468,8.5450032200665e-05
0.012,174.174174174174,-2.25288823115546,8.56750359494068e-05
0.012,175.175175175175,-2.24836153203055,8.58335730610992e-05
0.012,176.176176176176,-1.51381982894685,8.64767022699863e-05
0.012,177.177177177177,-1.65310328925016,8.62888555384205e-05
0.012,178.178178178178,-1.84477242074505,8.57054421693327e-05
0.012,179.179179179179,-1.7803730843649,8.58682933850348e-05
0.012,180.18018018018,-1.40702857278234,8.68634724977671e-05
0.012,181.181181181181,-1.54971205524978,8.63314803448799e-05
0.012,182.182182182182,-1.96698183796747,8.57292141116373e-05
0.012,183.183183183183,-1.86362594524697,8.5480352968948e-05
0.012,184.184184184184,-1.66576731010749,8.58801733363978e-05
0.012,185.185185185185,-1.557372074713,8.61376905249611e-05
0.012,186.186186186186,-2.2725043625119,8.5846412420049e-05
0.012,187.187187187187,-2.09502736510878,8.58515644787261e-05
0.012,188.188188188188,-1.53679298210785,8.64549852781874e-05
0.012,189.189189189189,-1.82709599856844,8.60051580220043e-05
0.012,190.19019019019,-1.7280324863568,8.60546363438742e-05
0.012,191.191191191191,-2.13833794132761,8.60712430925078e-05
0.012,192.192192192192,-1.46827795599941,8.59206048252927e-05
0.012,193.193193193193,-1.13215991611086,8.62566446737635e-05
0.012,194.194194194194,-1.83755505827782,8.65283680951853e-05
0.012,195.195195195195,-1.76476359900211,8.59565027374703e-05
0.012,196.196196196196,-1.68329693164941,8.61210131832864e-05
0.012,197.197197197197,-1.2657608244246,8.61525243428755e-05
0.012,198.198198198198,-1.45574500655972,8.63359728695708e-05
0.012,199.199199199199,-1.88053201183442,8.59851009650752e-05
0.012,200.2002002002,-1.52690757738001,8.66943636964282e-05
0.012,201.201201201201,-1.75611858978089,8.66207687479292e-05
0.012,202.202202202202,-2.0132129518505,8.60633300941845e-05
0.012,203.203203203203,-1.77841116382273,8.56882189942771e-05
0.012,204.204204204204,-1.37413804184754,8.59651219598529e-05
0.012,205.205205205205,-1.84780712594776,8.61070611910891e-05
0.012,206.206206206206,-1.57127227796259,8.6164118574484e-05
0.012,207.207207207207,-1.5462108414738,8.59386466329605e-05
0.012,208.208208208208,-1.93585953688402,8.63364415321897e-05
0.012,209.209209209209,-2.04739670624021,8.51021428227907e-05
0.012,210.21021021021,-1.90871645678505,8.5912735698019e-05
0.012,211.211211211211,-1.43074568099484,8.64613149838362e-05
0.012,212.212212212212,-1.5865586100534,8.61946090714599e-05
0.012,213.213213213213,-2.236099599009,8.58313402772088e-05
0.012,214.214214214214,-1.62103597800138,8.67811744609432e-05
0.012,215.215215215215,-1.43588597879399,8.62742946371965e-05
0.012,216.216216216216,-1.75609981179597,8.61646845521354e-05
0.012,217.217217217217,-2.25097801099918,8.56901557807239e-05
0.012,218.218218218218,-1.60840027785236,8.64404888033912e-05
0.012,219.219219219219,-1.75785083320427,8.61561150150381e-05
0.012,220.22022022022,-2.10319846283602,8.55513850141857e-05
0.012,221.221221221221,-1.90417651170662,8.59995366546821e-05
0.012,222.222222222222,-1.81579368492429,8.56537731140029e-05
0.012,223.223223223223,-1.66425585985811,8.63494920829662e-05
0.012,224.224224224224,-2.08045840461293,8.57197470680058e-05
0.012,225.225225225225,-1.74992842076295,8.67146594893907e-05
0.012,226.226226226226,-1.7624060198161,8.6346049996822e-05
0.012,227.227227227227,-2.01133027157657,8.57365221945503e-05
0.012,228.228228228228,-1.96094742228469,8.6120607126476e-05
0.012,229.229229229229,-1.57311710357526,8.66044770838758e-05
0.012,230.23023023023,-1.62900175426751,8.64664594076586e-05
0.012,231.231231231231,-1.6959211975012,8.56630528100461e-05
0.012,232.232232232232,-2.06422177369378,8.580333422068e-05
0.012,233.233233233233,-1.8207383811034,8.65637389087408e-05
0.012,234.234234234234,-1.65447671876283,8.66091145533465e-05
0.012,235.235235235235,-1.84411637176538,8.63341753311276e-05
0.012,236.236236236236,-2.08625409517758,8.59408118190221e-05
0.012,237.237237237237,-1.6951010209423,8.65083465109657e-05
0.012,238.238238238238,-1.713595630259,8.57980920707175e-05
0.012,239.239239239239,-1.92412258056986,8.58098687753532e-05
0.012,240.24024024024,-1.64475844529206,8.64209125073892e-05
0.012,241.241241241241,-1.79356283377422,8.57029140927547e-05
0.012,242.242242242242,-1.63719906895162,8.63018835957405e-05
0.012,243.243243243243,-1.4037966121766,8.56974899983318e-05
0.012,244.244244244244,-1.94198403099941,8.56028612013401e-05
0.012,245.245245245245,-2.13705694963893,8.5758532775877e-05
0.012,246.246246246246,-1.42655844990763,8.61836314424624e-05
0.012,247.247247247247,-1.90984681517983,8.5752410209709e-05
0.012,248.248248248248,-1.62626056728202,8.53989322356581e-05
0.012,249.249249249249,-1.95585162551003,8.52771257638717e-05
0.012,250.25025025025,-1.46234860994492,8.63858674084808e-05
0.012,251.251251251251,-1.63602299419217,8.58622363611579e-05
0.012,252.252252252252,-1.66417467782655,8.63613915325735e-05
0.012,253.253253253253,-1.8580311025559,8.57469322014661e-05
0.012,254.254254254254,-1.91745117249591,8.55420618582004e-05
0.012,255.255255255255,-2.00359645148222,8.61521151146639e-05
0.012,256.256256256256,-1.17385726254238,8.66563405930817e-05
0.012,257.257257257257,-1.66182806171554,8.61672498633126e-05
0.012,258.258258258258,-1.94642473211785,8.62446194252427e-05
0.012,259.259259259259,-1.64894315577743,8.67039658769878e-05
0.012,260.26026026026,-1.58469274348357,8.58978275283658e-05
0.012,261.261261261261,-2.01691387968142,8.60649678879756e-05
0.012,262.262262262262,-2.19095755285156,8.60577026189786e-05
0.012,263.263263263263,-1.4919575280739,8.66689780982193e-05
0.012,264.264264264264,-1.69740491424674,8.62245421065838e-05
0.012,265.265265265265,-2.26279979159974,8.56729711323196e-05
0.012,266.266266266266,-1.63322547088001,8.63961300039714e-05
0.012,267.267267267267,-1.49190965071663,8.64528950311612e-05
0.012,268.268268268268,-1.46906196434477,8.63232150861069e-05
0.012,269.269269269269,-2.21148575868473,8.58474468841304e-05
0.012,270.27027027027,-1.68309668900173,8.64417689923344e-05
0.012,271.271271271271,-1.16462185390255,8.64405013128069e-05
0.012,272.272272272272,-2.01792029494639,8.52257067206683e-05
0.012,273.273273273273,-1.54882331539842,8.64336574290593e-05
0.012,274.274274274274,-1.51634742098913,8.68357500467253e-05
0.012,275.275275275275,-1.45644150449872,8.61054547002022e-05
0.012,276.276276276276,-1.90582943366372,8.59059928880016e-05
0.012,277.277277277277,-2.14761328540546,8.66345316893783e-05
0.012,278.278278278278,-1.43518752749482,8.63488009524275e-05
0.012,279.279279279279,-1.64219161789221,8.59031712806254e-05
0.012,280.28028028028,-1.86348853676979,8.61348015546746e-05
0.012,281.281281281281,-1.92210631894213,8.54629777428246e-05
0.012,282.282282282282,-1.71115633370081,8.6129690019457e-05
0.012,283.283283283283,-1.55140226606906,8.59635386671783e-05
0.012,284.284284284284,-1.90594789254711,8.59073686888175e-05
0.012,285.285285285285,-1.41082173133628,8.61003297746241e-05
0.012,286.286286286286,-1.7146432437827,8.61605045866498e-05
0.012,287.287287287287,-1.92493548129486,8.64120516712204e-05
0.012,288.288288288288,-1.86958154008427,8.56235292815633e-05
0.012,289.289289289289,-1.85002109866851,8.65979540402143e-05
0.012,290.29029029029,-1.70575455122726,8.63367354740954e-05
0.012,291.291291291291,-1.80655958831424,8.56376290962933e-05
0.012,292.292292292292,-1.91191309020454,8.6032298755848e-05
0.012,293.293293293293,-2.0637675028662,8.57859657484665e-05
0.012,294.294294294294,-1.44298157414282,8.67217076935958e-05
0.012,295.295295295295,-1.45659216165669,8.69181364129451e-05
0.012,296.296296296296,-2.09728342613811,8.58691813186357e-05
0.012,297.297297297297,-1.24313111839663,8.64807410493897e-05
0.012,298.298298298298,-1.36056487664453,8.63975916088081e-05
0.012,299.299299299299,-1.82955691202632,8.60632174507129e-05
0.012,300.3003003003,-1.60581981779079,8.68812630599859e-05
0.012,301.301301301301,-1.71936075858584,8.6279055673854e-05
0.012,302.302302302302,-1.65445154416313,8.55533280259756e-05
0.012,303.303303303303,-1.2861331114676,8.65552993403622e-05
0.012,304.304304304304,-1.94641388621571,8.62113828472224e-05
0.012,305.305305305305,-1.55797108739913,8.57884180050646e-05
0.012,306.306306306306,-1.42312298564982,8.58586042258614e-05
0.012,307.307307307307,-1.44445746720547,8.64099667098628e-05
0.012,308.308308308308,-1.47102157552459,8.5992265160342e-05
0.012,309.309309309309,-1.93883014254978,8.59405630402184e-05
0.012,310.31031031031,-1.39766242228997,8.59120402214861e-05
0.012,311.311311311311,-1.53861403446479,8.63705406726014e-05
0.012,312.312312312312,-1.54953454633269,8.61123956053341e-05
0.012,313.313313313313,-2.1633012815393,8.57044545715133e-05
0.012,314.314314314314,-1.65075531610396,8.60179348926049e-05
0.012,315.315315315315,-1.58601005233166,8.60651800782065e-05
0.012,316.316316316316,-1.96744312223566,8.60333975876274e-05
0.012,317.317317317317,-2.12993287553828,8.55886453955483e-05
0.012,318.318318318318,-1.96961433478004,8.57598117902271e-05
0.012,319.319319319319,-1.84524889071324,8.66084133213077e-05
0.012,320.32032032032,-1.97419223453995,8.6399801546864e-05
0.012,321.321321321321,-1.6990062275104,8.53720904944701e-05
0.012,322.322322322322,-1.74342300361258,8.53940691268663e-05
0.012,323.323323323323,-1.87420357060989,8.59877261804968e-05
0.012,324.324324324324,-1.86912382520844,8.638047332491e-05
0.012,325.325325325325,-1.77907622133147,8.61943775004441e-05
0.012,326.326326326326,-1.74314544715006,8.65869322465189e-05
0.012,327.327327327327,-2.27172883597519,8.57121843920536e-05
0.012,328.328328328328,-2.068649263551,8.63702271737218e-05
0.012,329.329329329329,-1.90359903047686,8.55462242635202e-05
0.012,330.33033033033,-2.23971351306014,8.5370737656948e-05
0.012,331.331331331331,-1.90041071601829,8.60531909484214e-05
0.012,332.332332332332,-1.89024059970856,8.56892870517191e-05
0.012,333.333333333333,-1.8837026684798,8.57992067007732e-05
0.012,334.334334334334,-2.10687401797769,8.65901274919379e-05
0.012,335.335335335335,-1.49408417721637,8.60225475781626e-05
0.012,336.336336336336,-2.02508918468702,8.52711807374402e-05
0.012,337.337337337337,-1.96125784923435,8.57979485354493e-05
0.012,338.338338338338,-1.57792288896405,8.69077863102738e-05
0.012,339.339339339339,-1.55819371584132,8.62372698791957e-05
0.012,340.34034034034,-1.75699717329455,8.54344437067289e-05
0.012,341.341341341341,-1.83854434436692,8.55934198812959e-05
0.012,342.342342342342,-2.1314240366157,8.60504421658129e-05
0.012,343.343343343343,-1.52739693593968,8.6258954276038e-05
0.012,344.344344344344,-1.88063132659959,8.52768627137627e-05
0.012,345.345345345345,-1.62654919712786,8.60920810188832e-05
0.012,346.346346346346,-1.56861629885212,8.56161455548592e-05
0.012,347.347347347347,-1.68174657997452,8.55239082880057e-05
0.012,348.348348348348,-1.85528976461139,8.54472953989055e-05
0.012,349.349349349349,-1.90904136911169,8.61903534034535e-05
0.012,350.35035035035,-1.33713919683887,8.63561088004218e-05
0.012,351.351351351351,-1.81336538139561,8.59020925343868e-05
0.012,352.352352352352,-1.82969256793565,8.56579245956075e-05
0.012,353.353353353353,-1.92514842113293,8.69763359706022e-05
0.012,354.354354354354,-1.72645052189238,8.71423382082958e-05
0.012,355.355355355355,-1.95397797628135,8.56121643305142e-05
0.012,356.356356356356,-1.80597404157532,8.66981792444264e-05
0.012,357.357357357357,-1.2879646318502,8.67684850387936e-05
0.012,358.358358358358,-1.68296569320987,8.60446312191758e-05
0.012,359.359359359359,-1.51934439388679,8.67845219923485e-05
0.012,360.36036036036,-1.63418593454889,8.55308924181611e-05
0.012,361.361361361361,-1.95231299767485,8.53400881788055e-05
0.012,362.362362362362,-1.56909564014832,8.64936429554183e-05
0.012,363.363363363363,-1.59049975687496,8.64570741744317e-05
0.012,364.364364364364,-1.9908585264713,8.6027383788774e-05
0.012,365.365365365365,-1.96826651795878,8.57490487006466e-05
0.012,366.366366366366,-2.07370969482081,8.59354548525909e-05
0.012,367.367367367367,-1.24798934301749,8.6611526286485e-05
0.012,368.368368368368,-1.63023488727481,8.600659619371e-05
0.012,369.369369369369,-2.41945952428939,8.58078882940456e-05
0.012,370.37037037037,-1.66175732257866,8.62449446700526e-05
0.012,371.371371371371,-1.38796301591864,8.59841022673516e-05
0.012,372.372372372372,-1.75296563581941,8.58304466468317e-05
0.012,373.373373373373,-1.67179610289019,8.65052728359252e-05
0.012,374.374374374374,-1.88873184510445,8.65286240390065e-05
0.012,375.375375375375,-1.98592127818246,8.54535256752543e-05
0.012,376.376376376376,-1.97363336289462,8.59753914267127e-05
0.012,377.377377377377,-1.61775411587803,8.54063598921415e-05
0.012,378.378378378378,-2.09808436179322,8.61359385607275e-05
0.012,379.379379379379,-1.80093059895075,8.60129402293938e-05
0.012,380.38038038038,-1.55148014706768,8.56152145724237e-05
0.012,381.381381381381,-1.81002782483306,8.58768401350274e-05
0.012,382.382382382382,-1.6258175046217,8.64173180177993e-05
0.012,383.383383383383,-1.56891509921576,8.60637749712945e-05
0.012,384.384384384384,-2.23644751402445,8.59299652158771e-05
0.012,385.385385385385,-1.77100464516725,8.65244323863203e-05
0.012,386.386386386386,-1.8015433077497,8.64276536142467e-05
0.012,387.387387387387,-1.65385534377049,8.66040681493124e-05
0.012,388.388388388388,-1.85297277950778,8.58130830491793e-05
0.012,389.389389389389,-2.15142578244064,8.59520139714772e-05
0.012,390.39039039039,-1.46815826028632,8.61718983152281e-05
0.012,391.391391391391,-2.15661098627118,8.57113895449503e-05
0.012,392.392392392392,-1.80394260503052,8.56396212060719e-05
0.012,393.393393393393,-1.5976581202156,8.57568709616584e-05
0.012,394.394394394394,-1.7109757159944,8.53869754071813e-05
0.012,395.395395395395,-1.65072556988564,8.69148941250752e-05
0.012,396.396396396396,-1.89909895614966,8.59091768573276e-05
0.012,397.397397397397,-1.41266040247149,8.63116644318999e-05
0.012,398.398398398398,-1.64586579356543,8.70147613720615e-05
0.012,399.399399399399,-1.94186382081624,8.66023510704918e-05
0.012,400.4004004004,-1.39984614691966,8.60895077792031e-05
0.012,401.401401401401,-1.80707285295706,8.60585843859661e-05
0.012,402.402402402402,-1.69704986581777,8.57143454670396e-05
0.012,403.403403403403,-1.5230557686644,8.65757494161191e-05
0.012,404.404404404404,-1.63264559314275,8.55836029851305e-05
0.012,405.405405405405,-1.77610493533519,8.54709056584795e-05
0.012,406.406406406406,-1.26288381157075,8.63517627474818e-05
0.012,407.407407407407,-1.84552067665824,8.57968939270975e-05
0.012,408.408408408408,-2.19735730220888,8.5216460735445e-05
0.012,409.409409409409,-1.55772937455023,8.59941974246057e-05
0.012,410.41041041041,-1.82086970694885,8.68039744275155e-05
0.012,411.411411411411,-1.72411382813551,8.56892700201201e-05
0.012,412.412412412412,-2.26295297327781,8.57016738399744e-05
0.012,413.413413413413,-1.435157955874,8.61281496581577e-05
0.012,414.414414414414,-2.01945559220097,8.62380909784532e-05
0.012,415.415415415415,-1.93702143018947,8.56208110383737e-05
0.012,416.416416416416,-1.97626395521046,8.52260522859377e-05
0.012,417.417417417417,-2.05754479844393,8.58076879672044e-05
0.012,418.418418418418,-1.85967271485759,8.61871939243922e-05
0.012,419.419419419419,-1.65062878275958,8.67313776481732e-05
0.012,420.42042042042,-1.81097507850671,8.50863605210047e-05
0.012,421.421421421421,-1.86232162889081,8.59465263903011e-05
0.012,422.422422422422,-1.4686223233438,8.61887315841276e-05
0.012,423.423423423423,-2.09374113867842,8.55465254879027e-05
0.012,424.424424424424,-1.39370211181205,8.68214104388282e-05
0.012,425.425425425425,-1.90482682102992,8.57867418020813e-05
0.012,426.426426426426,-1.766014824893,8.66386732456718e-05
0.012,427.427427427427,-1.55246711963349,8.64744644940755e-05
0.012,428.428428428428,-1.91404003143028,8.53739074724279e-05
0.012,429.429429429429,-1.64155041092282,8.66775456385085e-05
0.012,430.43043043043,-1.10108201365093,8.64270168673652e-05
0.012,431.431431431431,-1.60281968683811,8.61025042399706e-05
0.012,432.432432432432,-1.92444462954218,8.584116968279e-05
0.012,433.433433433433,-2.00825018676413,8.54994914353982e-05
0.012,434.434434434434,-1.80087787063391,8.65374925687596e-05
0.012,435.435435435435,-1.77991634372969,8.65550813946255e-05
0.012,436.436436436436,-1.82345373384736,8.59163020561058e-05
0.012,437.437437437437,-1.96167010055288,8.62998290563423e-05
0.012,438.438438438438,-1.18758176580206,8.63124014302964e-05
0.012,439.439439439439,-2.24830849517707,8.59465739025892e-05
0.012,440.44044044044,-1.86930637314858,8.58743948085283e-05
0.012,441.441441441441,-1.46936002666806,8.62334933276862e-05
0.012,442.442442442442,-1.53460363704689,8.5944984149653e-05
0.012,443.443443443443,-1.69205762483242,8.53535883637939e-05
0.012,444.444444444444,-2.03233848366911,8.55897153910688e-05
0.012,445.445445445446,-1.80469443072206,8.59803144984786e-05
0.012,446.446446446446,-1.98443251326663,8.62369912069994e-05
0.012,447.447447447447,-1.69283298007349,8.55490367678005e-05
0.012,448.448448448449,-1.90711389901785,8.58627974642483e-05
0.012,449.44944944945,-1.48326462430418,8.67512400750373e-05
0.012,450.45045045045,-2.25617090413082,8.58966747827663e-05
0.012,451.451451451451,-1.91626911846776,8.56972534940253e-05
0.012,452.452452452453,-1.68051382770641,8.65701704516053e-05
0.012,453.453453453454,-1.7293445987829,8.59858031955181e-05
0.012,454.454454454454,-1.888487694266,8.60256488561393e-05
0.012,455.455455455455,-1.77380916058889,8.65634251162129e-05
0.012,456.456456456457,-1.73319527496967,8.57860170194523e-05
0.012,457.457457457458,-2.05638373996819,8.55909378487646e-05
0.012,458.458458458458,-1.82516127877832,8.60542826739129e-05
0.012,459.459459459459,-1.6722013878505,8.66222849713417e-05
0.012,460.460460460461,-1.15966018552247,8.66344162856131e-05
0.012,461.461461461462,-1.74072949875064,8.59018767616472e-05
0.012,462.462462462462,-2.0922591416393,8.5218402396453e-05
0.012,463.463463463463,-1.96684071066618,8.60315325688147e-05
0.012,464.464464464465,-1.38296959942269,8.66379272029089e-05
0.012,465.465465465466,-1.74417118409567,8.63930757684456e-05
0.012,466.466466466466,-2.09880742351121,8.53927061878442e-05
0.012,467.467467467467,-1.63047734700442,8.60411888981129e-05
0.012,468.468468468469,-1.29752625970017,8.67040925568461e-05
0.012,469.46946946947,-1.29637896983499,8.5982269902225e-05
0.012,470.470470470471,-2.13506643754748,8.5519378176338e-05
0.012,471.471471471471,-2.05334370446902,8.62208091324757e-05
0.012,472.472472472473,-0.978284478526808,8.59940359767938e-05
0.012,473.473473473474,-1.65890482989742,8.59231533985192e-05
0.012,474.474474474475,-2.31528169779871,8.58804010899863e-05
0.012,475.475475475475,-2.07879627239097,8.59296658121138e-05
0.012,476.476476476477,-1.58525617601631,8.59082701889679e-05
0.012,477.477477477478,-1.43172254395412,8.61017406957715e-05
0.012,478.478478478479,-1.45322244452996,8.66544668822806e-05
0.012,479.479479479479,-1.34318726134794,8.66267287504218e-05
0.012,480.480480480481,-1.6273443353903,8.55615892324027e-05
0.012,481.481481481482,-1.97125103857627,8.59194062705651e-05
0.012,482.482482482483,-1.81942300119224,8.63041042813227e-05
0.012,483.483483483484,-1.23667838160717,8.62588807465143e-05
0.012,484.484484484485,-1.28161238315983,8.64184635983813e-05
0.012,485.485485485486,-2.21806605130537,8.57811402266517e-05
0.012,486.486486486487,-2.27708283471403,8.5747443325623e-05
0.012,487.487487487488,-1.70340657844743,8.63917515909934e-05
0.012,488.488488488489,-1.55492880131349,8.6463837892205e-05
0.012,489.48948948949,-2.25310960203175,8.59289904798513e-05
0.012,490.490490490491,-1.3513764689866,8.70560164855889e-05
0.012,491.491491491492,-1.48547903065725,8.63703692994784e-05
0.012,492.492492492493,-2.09102996539084,8.53432317421312e-05
0.012,493.493493493494,-2.15720642883123,8.58762802065301e-05
0.012,494.494494494495,-1.76047163850673,8.60296391835802e-05
0.012,495.495495495496,-1.58070133604084,8.63310204329791e-05
0.012,496.496496496497,-1.87826947581774,8.54915436691211e-05
0.012,497.497497497498,-1.59574819646049,8.62494643278425e-05
0.012,498.498498498499,-1.75996572088246,8.5844536829899e-05
0.012,499.4994994995,-1.87531590333249,8.56324728090814e-05
0.012,500.500500500501,-2.10377032771558,8.57270448732298e-05
0.012,501.501501501502,-1.60075303770078,8.61176368156221e-05
0.012,502.502502502503,-1.42066011732222,8.60058783411798e-05
0.012,503.503503503504,-1.56845995329194,8.55353239814737e-05
0.012,504.504504504505,-1.55000869554977,8.5991848414735e-05
0.012,505.505505505506,-1.65102122343384,8.69536560474375e-05
0.012,506.506506506507,-1.90542568283451,8.58172559671068e-05
0.012,507.507507507508,-2.01390531581227,8.58326669213064e-05
0.012,508.508508508509,-1.81422770900715,8.7086121539862e-05
0.012,509.50950950951,-1.94355607049391,8.58538185227503e-05
0.012,510.510510510511,-2.15025875950183,8.58201471103904e-05
0.012,511.511511511512,-2.13633300334905,8.54213725418447e-05
0.012,512.512512512513,-1.63667694669349,8.59016350891313e-05
0.012,513.513513513514,-1.61081930504242,8.62797747009772e-05
0.012,514.514514514515,-1.97487027975925,8.58589939558287e-05
0.012,515.515515515516,-1.59454462584957,8.57420653339767e-05
0.012,516.516516516517,-1.68970800630054,8.60967705815548e-05
0.012,517.517517517518,-1.48835652789582,8.61601099821215e-05
0.012,518.518518518519,-1.83943240089529,8.61705453602467e-05
0.012,519.51951951952,-1.6688551978446,8.58206211174076e-05
0.012,520.520520520521,-2.01193097360595,8.58836642268825e-05
0.012,521.521521521522,-1.3509710715047,8.66102219009254e-05
0.012,522.522522522523,-1.26632937872148,8.66499508657291e-05
0.012,523.523523523524,-2.02711580424908,8.59666684877656e-05
0.012,524.524524524525,-1.86613100673649,8.59028781022051e-05
0.012,525.525525525526,-1.40392427717919,8.56920769450835e-05
0.012,526.526526526527,-1.33968081366305,8.58679816480447e-05
0.012,527.527527527528,-1.54037418374178,8.63306372807328e-05
0.012,528.528528528529,-2.40526441819888,8.59733912122422e-05
0.012,529.52952952953,-1.8430754259104,8.63998763097104e-05
0.012,530.530530530531,-1.4582175520365,8.61779503470847e-05
0.012,531.531531531532,-1.34749726387462,8.66255503399646e-05
0.012,532.532532532533,-1.63031313875526,8.58130771174845e-05
0.012,533.533533533534,-1.88196355468768,8.57458177475994e-05
0.012,534.534534534535,-1.80882201387479,8.65245863167368e-05
0.012,535.535535535536,-1.66852476045893,8.6402499175946e-05
0.012,536.536536536537,-1.77878082886596,8.59462818400323e-05
0.012,537.537537537538,-1.94989609523832,8.61451991109043e-05
0.012,538.538538538539,-1.72178306772536,8.61560933437967e-05
0.012,539.53953953954,-1.8495346479422,8.59946586872885e-05
0.012,540.540540540541,-1.80032619631013,8.56692326963539e-05
0.012,541.541541541542,-1.53892399318445,8.64713586939157e-05
0.012,542.542542542543,-1.75037004827578,8.54473286398882e-05
0.012,543.543543543544,-1.87861399999739,8.5266074194243e-05
0.012,544.544544544545,-1.63010511770887,8.59738057261224e-05
0.012,545.545545545546,-1.61932493245581,8.59759952849893e-05
0.012,546.546546546547,-1.70154564191374,8.59713746709286e-05
0.012,547.547547547548,-2.06864972498422,8.58111536626685e-05
0.012,548.548548548549,-1.84935307440161,8.53030850333164e-05
0.012,549.54954954955,-1.7739768205216,8.56224290990019e-05
0.012,550.550550550551,-1.3684363454939,8.65882753936485e-05
0.012,551.551551551552,-1.86862917077194,8.56906283782295e-05
0.012,552.552552552553,-1.734771313989,8.63011788986522e-05
0.012,553.553553553554,-1.65993786569351,8.63468607009311e-05
0.012,554.554554554555,-1.65883166875485,8.58749754098629e-05
0.012,555.555555555556,-1.43400356691436,8.61601983115173e-05
0.012,556.556556556557,-1.21832311404142,8.64013027942155e-05
0.012,557.557557557558,-1.66002014727855,8.56925422601123e-05
0.012,558.558558558559,-1.60266168236607,8.56834668845266e-05
0.012,559.55955955956,-1.7524362482905,8.61813664159933e-05
0.012,560.560560560561,-1.66168365090054,8.62527543041894e-05
0.012,561.561561561562,-1.29389932278093,8.65217291191917e-05
0.012,562.562562562563,-1.46917640993105,8.59598137977621e-05
0.012,563.563563563564,-2.0207218627062,8.59593466033845e-05
0.012,564.564564564565,-1.47393897788993,8.64076452441986e-05
0.012,565.565565565566,-1.69738280343503,8.5749316742776e-05
0.012,566.566566566567,-1.70266219298721,8.58995038488083e-05
0.012,567.567567567568,-1.25553911837348,8.60386098441973e-05
0.012,568.568568568569,-2.05218913711224,8.56555984903009e-05
0.012,569.56956956957,-1.83037410193221,8.54681557600077e-05
0.012,570.570570570571,-1.55131932560294,8.63479774452542e-05
0.012,571.571571571572,-1.25758021389197,8.64983610607005e-05
0.012,572.572572572573,-1.691427259758,8.58581301601146e-05
0.012,573.573573573574,-2.15264073318955,8.66143534731782e-05
0.012,574.574574574575,-1.46294180245188,8.62824065528495e-05
0.012,575.575575575576,-1.60858153895416,8.631338497577e-05
0.012,576.576576576577,-1.6964104374558,8.55690276364123e-05
0.012,577.577577577578,-1.57294118213604,8.65033269463824e-05
0.012,578.578578578579,-1.91444961074372,8.61580478078686e-05
0.012,579.57957957958,-1.98658802938516,8.6101991882491e-05
0.012,580.580580580581,-1.86215667314259,8.56567938148977e-05
0.012,581.581581581582,-1.20766299237589,8.63993118003003e-05
0.012,582.582582582583,-2.23407675407187,8.53737931257965e-05
0.012,583.583583583584,-2.16286598058362,8.56803629637156e-05
0.012,584.584584584585,-1.65880486752732,8.63815972342505e-05
0.012,585.585585585586,-1.5216940902834,8.61236341114435e-05
0.012,586.586586586587,-1.64283231699626,8.62106676375265e-05
0.012,587.587587587588,-1.90494151694698,8.62486708902508e-05
0.012,588.588588588589,-1.19224946074963,8.67366421741329e-05
0.012,589.58958958959,-1.32204701175798,8.59801202795211e-05
0.012,590.590590590591,-1.62203083905662,8.6018567822059e-05
0.012,591.591591591592,-2.05837893652646,8.64139498722862e-05
0.012,592.592592592593,-1.60068279883603,8.58759688806476e-05
0.012,593.593593593594,-1.91927183211624,8.55241800301032e-05
0.012,594.594594594595,-1.34599972677104,8.62197001991962e-05
0.012,595.595595595596,-1.83515551927897,8.59613061182065e-05
0.012,596.596596596597,-2.17255589400576,8.56617984621496e-05
0.012,597.597597597598,-1.59185806793438,8.65090520889987e-05
0.012,598.598598598599,-1.71241831106,8.53717762908346e-05
0.012,599.5995995996,-1.62845925889085,8.5641205086043e-05
0.012,600.600600600601,-1.93803760578412,8.51775987964863e-05
0.012,601.601601601602,-1.54714297110233,8.61597076252791e-05
0.012,602.602602602603,-1.77420726101016,8.68364630834241e-05
0.012,603.603603603604,-1.95665413973131,8.58366563678025e-05
0.012,604.604604604605,-1.58790926673256,8.62379837381096e-05
0.012,605.605605605606,-1.37984119150512,8.66225598848404e-05
0.012,606.606606606607,-1.64613105961867,8.67707751428239e-05
0.012,607.607607607608,-1.9357218139221,8.62015274831352e-05
0.012,608.608608608609,-1.40575280779293,8.66461173464577e-05
0.012,609.60960960961,-1.74034334324949,8.54451142383787e-05
0.012,610.610610610611,-1.65362677126144,8.57508449470374e-05
0.012,611.611611611612,-1.69330992047743,8.61975241177117e-05
0.012,612.612612612613,-1.84098864824003,8.55225276713585e-05
0.012,613.613613613614,-2.03404711483777,8.53135802569566e-05
0.012,614.614614614615,-1.8971851263159,8.63713736352486e-05
0.012,615.615615615616,-1.65571239223573,8.62167428088657e-05
0.012,616.616616616617,-1.59919766103485,8.5482724178627e-05
0.012,617.617617617618,-1.666796980427,8.55250718985908e-05
0.012,618.618618618619,-1.82057807771292,8.60453398511507e-05
0.012,619.61961961962,-1.78438629382092,8.66798503074924e-05
0.012,620.620620620621,-2.08426405876194,8.58580667908206e-05
0.012,621.621621621622,-1.33489480745731,8.60795615603451e-05
0.012,622.622622622623,-2.00561829799371,8.56915984746128e-05
0.012,623.623623623624,-1.61096094290841,8.62921963159159e-05
0.012,624.624624624625,-1.63687182544329,8.56960533535971e-05
0.012,625.625625625626,-1.67004859189071,8.55365786230185e-05
0.012,626.626626626627,-1.99089920671505,8.58390693342637e-05
0.012,627.627627627628,-1.485399541574,8.64534161393589e-05
0.012,628.628628628629,-1.79044468423268,8.66115330991246e-05
0.012,629.62962962963,-1.53329396513153,8.60216064942271e-05
0.012,630.630630630631,-1.79968149162069,8.5952303684848e-05
0.012,631.631631631632,-1.65150473845458,8.69261803196616e-05
0.012,632.632632632633,-2.1068557315837,8.57998459730297e-05
0.012,633.633633633634,-1.84539826738671,8.56936584758685e-05
0.012,634.634634634635,-1.78417156571289,8.57305300669383e-05
0.012,635.635635635636,-1.59781045111643,8.62920032715515e-05
0.012,636.636636636637,-2.21088234093128,8.55870206397398e-05
0.012,637.637637637638,-1.81468567494828,8.63333265702042e-05
0.012,638.638638638639,-2.23003734881606,8.6456381340733e-05
0.012,639.63963963964,-2.20739522558369,8.58003097610875e-05
0.012,640.640640640641,-1.51521447826736,8.63289136241912e-05
0.012,641.641641641642,-1.51188000981458,8.54561762618854e-05
0.012,642.642642642643,-2.11452600966034,8.56954857315154e-05
0.012,643.643643643644,-2.10691675022412,8.59901628737372e-05
0.012,644.644644644645,-1.87465462688971,8.65686238649629e-05
0.012,645.645645645646,-1.81013825182008,8.7025029194491e-05
0.012,646.646646646647,-2.26347008172824,8.59309030696817e-05
0.012,647.647647647648,-1.89933638314416,8.62990131840238e-05
0.012,648.648648648649,-1.74593644482253,8.64041794900048e-05
0.012,649.64964964965,-1.55645496719773,8.64084806734911e-05
0.012,650.650650650651,-1.72800209287159,8.56817028219848e-05
0.012,651.651651651652,-2.11053593869874,8.50198379733272e-05
0.012,652.652652652653,-1.45950663205963,8.5885797052906e-05
0.012,653.653653653654,-1.8842275529901,8.53089877156692e-05
0.012,654.654654654655,-1.95977181749527,8.52638135137682e-05
0.012,655.655655655656,-1.5978902676847,8.62148421411545e-05
0.012,656.656656656657,-1.69645886501637,8.6426113311677e-05
0.012,657.657657657658,-1.78532767061084,8.66916227248635e-05
0.012,658.658658658659,-1.75467566869656,8.6081201409674e-05
0.012,659.65965965966,-1.93934765467877,8.52928870404425e-05
0.012,660.660660660661,-1.65008652313114,8.60986834063039e-05
0.012,661.661661661662,-1.83160580124364,8.60202244680682e-05
0.012,662.662662662663,-1.98060710296238,8.5165530146753e-05
0.012,663.663663663664,-2.37016310288594,8.55367852339325e-05
0.012,664.664664664665,-1.65429243671817,8.57492755732903e-05
0.012,665.665665665666,-1.7649511223572,8.68106618554715e-05
0.012,666.666666666667,-1.77233886583869,8.61193343961985e-05
0.012,667.667667667668,-1.82656347967808,8.59289250550195e-05
0.012,668.668668668669,-1.5764784346163,8.5881098974435e-05
0.012,669.66966966967,-1.62442252207494,8.59929952873694e-05
0.012,670.670670670671,-1.80182481888742,8.54157266255282e-05
0.012,671.671671671672,-1.93867353198092,8.60303617344825e-05
0.012,672.672672672673,-1.43138794465089,8.64417913683316e-05
0.012,673.673673673674,-1.88550891247934,8.58777943156752e-05
0.012,674.674674674675,-1.92353794483475,8.60239036458156e-05
0.012,675.675675675676,-2.18051943838494,8.62842581225721e-05
0.012,676.676676676677,-1.00557248455745,8.63727319933579e-05
0.012,677.677677677678,-1.96948889965024,8.66891572540939e-05
0.012,678.678678678679,-1.85355005156438,8.56446284961581e-05
0.012,679.67967967968,-1.56306936414432,8.67001347656321e-05
0.012,680.680680680681,-2.05914006852835,8.57437072975731e-05
0.012,681.681681681682,-1.84002056544052,8.57595051039871e-05
0.012,682.682682682683,-1.65337131128774,8.59662179138794e-05
0.012,683.683683683684,-1.42600452352997,8.64553683129745e-05
0.012,684.684684684685,-1.76574896090699,8.54206132261806e-05
0.012,685.685685685686,-2.08803037553051,8.56082891719198e-05
0.012,686.686686686687,-1.47344237279241,8.64511767777475e-05
0.012,687.687687687688,-1.50359320115317,8.65136512667367e-05
0.012,688.688688688689,-1.7659526082265,8.58554396960501e-05
0.012,689.68968968969,-1.89433033614301,8.61149197470255e-05
0.012,690.690690690691,-1.89198800236218,8.58394904845946e-05
0.012,691.691691691692,-1.72375891447937,8.62993349637843e-05
0.012,692.692692692693,-1.79276071045435,8.62094500543918e-05
0.012,693.693693693694,-2.23106297624781,8.59987495598928e-05
0.012,694.694694694695,-1.65058129025935,8.60235285395315e-05
0.012,695.695695695696,-1.3593888471268,8.67538194813307e-05
0.012,696.696696696697,-1.97503866811211,8.60891413649074e-05
0.012,697.697697697698,-1.81083889088224,8.55460959392317e-05
0.012,698.698698698699,-1.7058651285917,8.5640054278522e-05
0.012,699.6996996997,-1.78034969200869,8.62049800818871e-05
0.012,700.700700700701,-2.34959966536416,8.58078319135802e-05
0.012,701.701701701702,-1.5527137137988,8.61781480898212e-05
0.012,702.702702702703,-1.30188572955658,8.57117722860891e-05
0.012,703.703703703704,-1.93997028495504,8.5938802090348e-05
0.012,704.704704704705,-1.56852515964176,8.63670851960966e-05
0.012,705.705705705706,-1.46419493013914,8.61844201816819e-05
0.012,706.706706706707,-1.6136905542977,8.62847064060019e-05
0.012,707.707707707708,-2.11075629493159,8.54792480292849e-05
0.012,708.708708708709,-1.963976659268,8.55378707928106e-05
0.012,709.70970970971,-1.65525272685986,8.63329710208941e-05
0.012,710.710710710711,-2.10277740745563,8.5575872518564e-05
0.012,711.711711711712,-2.05021165222352,8.6057643067112e-05
0.012,712.712712712713,-1.68609471335909,8.62624506283803e-05
0.012,713.713713713714,-1.20114888812026,8.56710548425211e-05
0.012,714.714714714715,-1.65488843913447,8.56776907058431e-05
0.012,715.715715715716,-1.82079685319662,8.55081548224786e-05
0.012,716.716716716717,-1.28606131442729,8.66697229663892e-05
0.012,717.717717717718,-1.53945834242345,8.61862513134858e-05
0.012,718.718718718719,-1.89897557046023,8.56196026170646e-05
0.012,719.71971971972,-2.11510883971688,8.56831078701671e-05
0.012,720.720720720721,-1.5704611829959,8.65338046402942e-05
0.012,721.721721721722,-1.75110057025487,8.62883802393509e-05
0.012,722.722722722723,-2.03934806476854,8.53351116043271e-05
0.012,723.723723723724,-1.43635988412415,8.64027151836042e-05
0.012,724.724724724725,-1.54623840715968,8.65327519700209e-05
0.012,725.725725725726,-2.05474517991153,8.6453794945611e-05
0.012,726.726726726727,-1.9547265766519,8.56954954806375e-05
0.012,727.727727727728,-1.49378771573285,8.59667453648794e-05
0.012,728.728728728729,-1.63799985969332,8.58661909222411e-05
0.012,729.72972972973,-1.89872884249685,8.53529418677902e-05
0.012,730.730730730731,-2.11361944786458,8.55325986907259e-05
0.012,731.731731731732,-1.79787944652998,8.68090972975558e-05
0.012,732.732732732733,-1.89097844491165,8.66119260592227e-05
0.012,733.733733733734,-1.74102375387261,8.54194443299269e-05
0.012,734.734734734735,-1.90946833789688,8.56423447936599e-05
0.012,735.735735735736,-1.98696470641301,8.62809106498964e-05
0.012,736.736736736737,-1.81282781031598,8.60879098041156e-05
0.012,737.737737737738,-1.88189254855213,8.54065982757969e-05
0.012,738.738738738739,-2.10387740705945,8.62230406830434e-05
0.012,739.73973973974,-1.442205938762,8.66817956097387e-05
0.012,740.740740740741,-1.48227770034466,8.56656372670896e-05
0.012,741.741741741742,-2.60474824428033,8.59773930506948e-05
0.012,742.742742742743,-2.22462198895264,8.54329546164153e-05
0.012,743.743743743744,-1.66297738583999,8.61581733131339e-05
0.012,744.744744744745,-1.61802890126327,8.65120745517831e-05
0.012,745.745745745746,-1.73071270489752,8.64812489434158e-05
0.012,746.746746746747,-2.44554978691747,8.49370819626809e-05
0.012,747.747747747748,-2.12097895145243,8.64517998406202e-05
0.012,748.748748748749,-1.60161918016212,8.62855456527217e-05
0.012,749.74974974975,-1.69146127094918,8.54337991488038e-05
0.012,750.750750750751,-1.36447355317596,8.62647277531575e-05
0.012,751.751751751752,-1.58242365123282,8.61388747496538e-05
0.012,752.752752752753,-1.85545836353043,8.62306420031063e-05
0.012,753.753753753754,-1.57741106820558,8.6509219879613e-05
0.012,754.754754754755,-1.46154114693111,8.651678343651e-05
0.012,755.755755755756,-1.7803617010389,8.54374591219551e-05
0.012,756.756756756757,-2.13819251037341,8.54571926959638e-05
0.012,757.757757757758,-1.72256397642743,8.64826885246331e-05
0.012,758.758758758759,-1.41802849117328,8.5705476173801e-05
0.012,759.75975975976,-1.53535129921385,8.61989971748304e-05
0.012,760.760760760761,-2.35573213682828,8.55709043424257e-05
0.012,761.761761761762,-1.78894024322744,8.66491064508e-05
0.012,762.762762762763,-2.07453150551424,8.5272947677735e-05
0.012,763.763763763764,-1.93478827127093,8.6400787206605e-05
0.012,764.764764764765,-1.73112404886604,8.59618758545557e-05
0.012,765.765765765766,-2.03136926544382,8.58010545117981e-05
0.012,766.766766766767,-2.00649969708124,8.58870603864393e-05
0.012,767.767767767768,-1.31149167080739,8.65148218074205e-05
0.012,768.768768768769,-1.4194487223932,8.66608615429239e-05
0.012,769.76976976977,-2.05164060785709,8.57007816778386e-05
0.012,770.770770770771,-1.84961535658067,8.56678962444046e-05
0.012,771.771771771772,-1.15210449276013,8.64748960395547e-05
0.012,772.772772772773,-1.65604439638924,8.69203209797916e-05
0.012,773.773773773774,-1.99661137724563,8.57425073920634e-05
0.012,774.774774774775,-1.96381878277319,8.65502025462872e-05
0.012,775.775775775776,-1.47986770400825,8.57956227237909e-05
0.012,776.776776776777,-2.2626224140923,8.58385363626764e-05
0.012,777.777777777778,-2.10786239573077,8.62178354153021e-05
0.012,778.778778778779,-2.0118117702404,8.68891847502976e-05
0.012,779.77977977978,-2.34417440123818,8.53391372870182e-05
0.012,780.780780780781,-1.47170457358341,8.67530616339079e-05
0.012,781.781781781782,-1.89596944209945,8.59577263697592e-05
0.012,782.782782782783,-1.95311633580876,8.56869824414649e-05
0.012,783.783783783784,-1.47831127339078,8.59768239603719e-05
0.012,784.784784784785,-1.94290104602017,8.53204819894109e-05
0.012,785.785785785786,-1.25745781950774,8.63775319677743e-05
0.012,786.786786786787,-1.89730151264549,8.57619274084628e-05
0.012,787.787787787788,-2.16491665585107,8.55457507850699e-05
0.012,788.788788788789,-1.7732234061101,8.60013355439073e-05
0.012,789.78978978979,-1.80263082767119,8.7046756111601e-05
0.012,790.790790790791,-1.87557072036773,8.5954485315212e-05
0.012,791.791791791792,-1.59354147942979,8.59824749274384e-05
0.012,792.792792792793,-1.29319916277722,8.6217998037707e-05
0.012,793.793793793794,-1.83373484669831,8.50957173290803e-05
0.012,794.794794794795,-1.83171120710656,8.58302344566009e-05
0.012,795.795795795796,-1.42951898898415,8.56888418809608e-05
0.012,796.796796796797,-1.77174008602676,8.62868135671678e-05
0.012,797.797797797798,-1.46055851114104,8.54040569850472e-05
0.012,798.798798798799,-1.74289614070864,8.63206541796537e-05
0.012,799.7997997998,-2.20601183051089,8.58350005440084e-05
0.012,800.800800800801,-2.0593536097942,8.59069793699577e-05
0.012,801.801801801802,-1.19386026199729,8.59555129079241e-05
0.012,802.802802802803,-1.68485217608313,8.66184903898292e-05
0.012,803.803803803804,-2.18088384647083,8.56410472207398e-05
0.012,804.804804804805,-1.5894124548011,8.65962097108353e-05
0.012,805.805805805806,-1.30444442370678,8.59063532531432e-05
0.012,806.806806806807,-2.35075288389039,8.55554228539147e-05
0.012,807.807807807808,-1.69964381643956,8.59644913208552e-05
0.012,808.808808808809,-1.74402455449725,8.68199382039246e-05
0.012,809.80980980981,-1.93708238728542,8.58791574308863e-05
0.012,810.810810810811,-1.58078803413612,8.64798865916902e-05
0.012,811.811811811812,-1.80371493909544,8.60002624357153e-05
0.012,812.812812812813,-2.25761270929843,8.56350258457613e-05
0.012,813.813813813814,-1.54965269618932,8.61335667050223e-05
0.012,814.814814814815,-1.53096462050047,8.63139381503574e-05
0.012,815.815815815816,-1.72720734005762,8.5701210991591e-05
0.012,816.816816816817,-2.03131907424841,8.55695236670488e-05
0.012,817.817817817818,-1.56988793066638,8.66086387257101e-05
0.012,818.818818818819,-1.95896675031256,8.6217745265287e-05
0.012,819.81981981982,-1.93584526432253,8.57387515721209e-05
0.012,820.820820820821,-1.41942944383203,8.63732356588491e-05
0.012,821.821821821822,-1.63119238348993,8.62384376008563e-05
0.012,822.822822822823,-2.02902218308621,8.53373984194968e-05
0.012,823.823823823824,-1.51163913090032,8.60885647571891e-05
0.012,824.824824824825,-1.60889478763597,8.63265053561021e-05
0.012,825.825825825826,-1.8086921761433,8.58067195152513e-05
0.012,826.826826826827,-1.70172957889822,8.61162021676955e-05
0.012,827.827827827828,-1.39722763292733,8.64537107272907e-05
0.012,828.828828828829,-1.85940494519018,8.5898190477612e-05
0.012,829.82982982983,-1.51291985024374,8.60122997825443e-05
0.012,830.830830830831,-1.54490766590731,8.66460921514372e-05
0.012,831.831831831832,-1.52976555262734,8.58513928119548e-05
0.012,832.832832832833,-1.93805113686935,8.6104366792138e-05
0.012,833.833833833834,-1.56793697376685,8.58798415725966e-05
0.012,834.834834834835,-1.73696896859045,8.66694649670302e-05
0.012,835.835835835836,-2.07680076434731,8.56551560211065e-05
0.012,836.836836836837,-1.5575816393642,8.66527979617741e-05
0.012,837.837837837838,-1.73232464942221,8.54288507058284e-05
0.012,838.838838838839,-1.73898535936021,8.59158197094781e-05
0.012,839.83983983984,-1.27824889840089,8.65090682983825e-05
0.012,840.840840840841,-1.78141907283537,8.6335052223554e-05
0.012,841.841841841842,-1.87701665110513,8.5525475958593e-05
0.012,842.842842842843,-1.33372201823428,8.6497639390743e-05
0.012,843.843843843844,-1.58195056651311,8.5863959606592e-05
0.012,844.844844844845,-1.96985859949968,8.56096551061542e-05
0.012,845.845845845846,-1.62850920948525,8.65516415989376e-05
0.012,846.846846846847,-1.86765702751101,8.55967742253409e-05
0.012,847.847847847848,-1.77190559005868,8.63607529650728e-05
0.012,848.848848848849,-1.63096139385348,8.60554407639107e-05
0.012,849.84984984985,-2.22357182566851,8.60139064496201e-05
0.012,850.850850850851,-1.69457202244455,8.64949599091233e-05
0.012,851.851851851852,-1.35327018427078,8.57762455800371e-05
0.012,852.852852852853,-1.92630459284681,8.59843761237165e-05
0.012,853.853853853854,-1.42182703306808,8.65764024898437e-05
0.012,854.854854854855,-1.2332932842288,8.65235662414201e-05
0.012,855.855855855856,-1.98125742034564,8.53742437584124e-05
0.012,856.856856856857,-1.7743349078087,8.63348170112998e-05
0.012,857.857857857858,-2.07728481376726,8.61442363557274e-05
0.012,858.858858858859,-2.06044025755303,8.58027502130256e-05
0.012,859.85985985986,-1.76601473240059,8.61579629435222e-05
0.012,860.860860860861,-1.97777611711666,8.54160068834252e-05
0.012,861.861861861862,-1.67334481257459,8.57989134048936e-05
0.012,862.862862862863,-1.73821269861726,8.61731190110344e-05
0.012,863.863863863864,-2.20211473898841,8.49830807288889e-05
0.012,864.864864864865,-2.03184424084707,8.62139371759547e-05
0.012,865.865865865866,-1.62048185274112,8.63472604736688e-05
0.012,866.866866866867,-1.94477554821288,8.527814390111e-05
0.012,867.867867867868,-2.06117043426403,8.55356858148566e-05
0.012,868.868868868869,-1.50176776780328,8.57802396661758e-05
0.012,869.86986986987,-1.58542344484067,8.63865302900572e-05
0.012,870.870870870871,-2.08106616314469,8.59211174764206e-05
0.012,871.871871871872,-1.66256813057118,8.63129675254072e-05
0.012,872.872872872873,-2.02643007762584,8.51285075030196e-05
0.012,873.873873873874,-1.84793784593502,8.61686573194106e-05
0.012,874.874874874875,-1.88203728773412,8.61136840751582e-05
0.012,875.875875875876,-2.02416027014408,8.5394961817569e-05
0.012,876.876876876877,-2.12422300401178,8.59163603746498e-05
0.012,877.877877877878,-1.74593796691921,8.59960840559302e-05
0.012,878.878878878879,-1.64960498141925,8.63638682207066e-05
0.012,879.87987987988,-1.95571559908184,8.53857603494216e-05
0.012,880.880880880881,-1.35694344468,8.61491820971388e-05
0.012,881.881881881882,-1.4023444923823,8.60625143393253e-05
0.012,882.882882882883,-1.69769157095079,8.56573814637905e-05
0.012,883.883883883884,-1.72552155634246,8.57655158488986e-05
0.012,884.884884884885,-1.65149983902385,8.60629568085196e-05
0.012,885.885885885886,-1.59038404161034,8.61944886756743e-05
0.012,886.886886886887,-1.86990260373078,8.5618835784005e-05
0.012,887.887887887888,-1.50699174198818,8.63295446742964e-05
0.012,888.888888888889,-2.14546375394106,8.59699323294176e-05
0.012,889.88988988989,-1.87989167129661,8.59247603592433e-05
0.012,890.890890890891,-1.35735102646539,8.63152912227981e-05
0.012,891.891891891892,-1.397408982681,8.55674495119471e-05
0.012,892.892892892893,-2.06210035294125,8.57745234504665e-05
0.012,893.893893893894,-1.93843216245327,8.58684224728088e-05
0.012,894.894894894895,-1.30400648468766,8.66233426923651e-05
0.012,895.895895895896,-1.69928677415752,8.63588877700711e-05
0.012,896.896896896897,-2.28832617612955,8.52312078683938e-05
0.012,897.897897897898,-2.14772823855492,8.59262353544405e-05
0.012,898.898898898899,-1.85343163362929,8.61656727372514e-05
0.012,899.8998998999,-1.29082718915306,8.60860573534483e-05
0.012,900.900900900901,-1.6958812045932,8.58669609854314e-05
0.012,901.901901901902,-1.91366880783919,8.59923457374239e-05
0.012,902.902902902903,-1.67791732972926,8.65309344047665e-05
0.012,903.903903903904,-1.28819837859323,8.65795407087711e-05
0.012,904.904904904905,-1.59256847067105,8.60445908131755e-05
0.012,905.905905905906,-1.89312268458613,8.59483900583319e-05
0.012,906.906906906907,-2.01588755632329,8.63664552618548e-05
0.012,907.907907907908,-1.72572870224381,8.57332903018287e-05
0.012,908.908908908909,-1.77738952562264,8.56799004089805e-05
0.012,909.90990990991,-2.09687970363379,8.57306678467007e-05
0.012,910.910910910911,-1.45577568822943,8.68211097430126e-05
0.012,911.911911911912,-1.66989711821395,8.60059620309332e-05
0.012,912.912912912913,-2.30156015685702,8.57982394821428e-05
0.012,913.913913913914,-1.69993436667224,8.67325717394473e-05
0.012,914.914914914915,-1.34379201487258,8.654286650806e-05
0.012,915.915915915916,-1.8445580945512,8.60707908154617e-05
0.012,916.916916916917,-1.77595166646333,8.60954856942394e-05
0.012,917.917917917918,-1.73256240214217,8.62686806698105e-05
0.012,918.918918918919,-1.64772448627037,8.54334458312204e-05
0.012,919.91991991992,-1.9484323580415,8.65449830072405e-05
0.012,920.920920920921,-1.56360673341293,8.64154014930822e-05
0.012,921.921921921922,-1.76957785563528,8.64725204251518e-05
0.012,922.922922922923,-1.74666053035789,8.59858806011987e-05
0.012,923.923923923924,-2.07238079695454,8.55096150765333e-05
0.012,924.924924924925,-1.62074933306752,8.65090788697198e-05
0.012,925.925925925926,-1.49706040597786,8.63878127694568e-05
0.012,926.926926926927,-1.88651531172593,8.56901453855756e-05
0.012,927.927927927928,-2.08918867447182,8.55203303014479e-05
0.012,928.928928928929,-1.84670226735952,8.62991164894808e-05
0.012,929.92992992993,-1.61461949561312,8.56754852312407e-05
0.012,930.930930930931,-1.639333650093,8.59922367351907e-05
0.012,931.931931931932,-1.65265580124363,8.66927972591637e-05
0.012,932.932932932933,-2.09470852972383,8.55768165389821e-05
0.012,933.933933933934,-1.89182583255339,8.64003399215793e-05
0.012,934.934934934935,-1.53782705655065,8.63504028036719e-05
0.012,935.935935935936,-1.7405319912784,8.61700016411332e-05
0.012,936.936936936937,-2.00947947696191,8.56688137190202e-05
0.012,937.937937937938,-1.74713120805531,8.64712158046736e-05
0.012,938.938938938939,-1.9909952099852,8.54053019361995e-05
0.012,939.93993993994,-1.64219592349975,8.5714177206588e-05
0.012,940.940940940941,-1.45919180027133,8.66169263017507e-05
0.012,941.941941941942,-1.69199999093432,8.53799744803456e-05
0.012,942.942942942943,-2.02216945569261,8.62809667954432e-05
0.012,943.943943943944,-1.6376843683046,8.64458878789824e-05
0.012,944.944944944945,-1.63140310570674,8.57818116240276e-05
0.012,945.945945945946,-1.98686203636082,8.56990030503432e-05
0.012,946.946946946947,-2.08899598909628,8.54353936001121e-05
0.012,947.947947947948,-1.38044435179075,8.61289154340835e-05
0.012,948.948948948949,-1.72658011863363,8.60454204869622e-05
0.012,949.94994994995,-2.15211989541676,8.57506650581149e-05
0.012,950.950950950951,-2.03302594919686,8.59896354227372e-05
0.012,951.951951951952,-1.64586259005097,8.59419364331185e-05
0.012,952.952952952953,-2.08274098911098,8.54739220133801e-05
0.012,953.953953953954,-1.52438633247329,8.63576755900643e-05
0.012,954.954954954955,-1.28396837476106,8.6150518901466e-05
0.012,955.955955955956,-1.46803232272518,8.55452198690204e-05
0.012,956.956956956957,-2.28543929019256,8.57021184234362e-05
0.012,957.957957957958,-1.36499866600839,8.6674038714829e-05
0.012,958.958958958959,-1.63282127775278,8.60972801787408e-05
0.012,959.95995995996,-1.94172967480229,8.61713348629517e-05
0.012,960.960960960961,-1.66952704702148,8.61449518590715e-05
0.012,961.961961961962,-1.91523546262043,8.55694597104584e-05
0.012,962.962962962963,-2.10191084535115,8.59747368847468e-05
0.012,963.963963963964,-1.70258732707037,8.66274943501587e-05
0.012,964.964964964965,-1.70504800042729,8.57897970947409e-05
0.012,965.965965965966,-2.23263988237579,8.59201612989646e-05
0.012,966.966966966967,-1.8411292455674,8.60161552667054e-05
0.012,967.967967967968,-1.80319444431968,8.63855452763424e-05
0.012,968.968968968969,-1.91981276440331,8.59166574879567e-05
0.012,969.96996996997,-2.19222908153574,8.60124510701265e-05
0.012,970.970970970971,-2.15038407375889,8.63164101401183e-05
0.012,971.971971971972,-1.88631083016128,8.61069138971232e-05
0.012,972.972972972973,-1.81386485223438,8.60541256895545e-05
0.012,973.973973973974,-1.56553566368243,8.59888166139361e-05
0.012,974.974974974975,-1.84108952786014,8.63025842404828e-05
0.012,975.975975975976,-1.63511963321508,8.64287860981164e-05
0.012,976.976976976977,-1.90723882734881,8.56013209575e-05
0.012,977.977977977978,-1.97642618254378,8.52078707016993e-05
0.012,978.978978978979,-1.62804866561999,8.6148400816585e-05
0.012,979.97997997998,-1.60691061745602,8.65564540827698e-05
0.012,980.980980980981,-2.0778854412904,8.53740477188357e-05
0.012,981.981981981982,-2.32021897748478,8.57763127667584e-05
0.012,982.982982982983,-1.40540364794971,8.62392604620034e-05
0.012,983.983983983984,-1.87607770762404,8.64703785547619e-05
0.012,984.984984984985,-2.35674852391673,8.60359661876651e-05
0.012,985.985985985986,-1.71891044472732,8.60649320041586e-05
0.012,986.986986986987,-1.99890532554572,8.56739152114674e-05
0.012,987.987987987988,-1.99566714545472,8.51793766604962e-05
0.012,988.988988988989,-1.61729793021092,8.64053048675867e-05
0.012,989.98998998999,-1.89462362248606,8.59766669172838e-05
0.012,990.990990990991,-1.97012614864081,8.60516658568314e-05
0.012,991.991991991992,-2.13269857661862,8.62823276201979e-05
0.012,992.992992992993,-1.50410614773364,8.56651651394213e-05
0.012,993.993993993994,-1.82249482094327,8.61763786241515e-05
0.012,994.994994994995,-1.96626274990982,8.58315078916342e-05
0.012,995.995995995996,-2.04761634188361,8.59696673412301e-05
0.012,996.996996996997,-1.69512608988415,8.66749843796773e-05
0.012,997.997997997998,-2.25503768519703,8.66976668869467e-05
0.012,998.998998998999,-1.98453384305823,8.60989870973317e-05
0.012,1000.0,-1.64685443532688,8.62044688990005e-05
0.023,0.0,-1.76930482901749,0.000142995215447595
0.023,1.001001001001,-1.66086350540683,0.000165379627861418
0.023,2.002002002002,-1.53291451430619,0.000165669805959957
0.023,3.003003003003,-1.96169746352924,0.000164664450466863
0.023,4.004004004004,-1.62377234612965,0.00016500585321346
0.023,5.00500500500501,-1.80035029453004,0.00016496003668536
0.023,6.00600600600601,-1.86444037050299,0.0001646531367868
0.023,7.00700700700701,-1.84113188409028,0.000165734268506379
0.023,8.00800800800801,-1.71290755410997,0.000166563229080111
0.023,9.00900900900901,-2.0372197387371,0.000164250405307985
0.023,10.01001001001,-1.69378102934222,0.000165182796667767
0.023,11.011011011011,-1.66910160903881,0.000165288891430808
0.023,12.012012012012,-1.98754358167797,0.000164677099600471
0.023,13.013013013013,-1.80308023213788,0.000164756813943737
0.023,14.014014014014,-1.54239586535795,0.000165177002693999
0.023,15.015015015015,-1.83462974692227,0.000165034059655559
0.023,16.016016016016,-1.86752932861626,0.000164394188062981
0.023,17.017017017017,-1.68574814119772,0.00016486489359281
0.023,18.018018018018,-1.81966001073363,0.000165135696368215
0.023,19.019019019019,-1.83439963342801,0.00016486897677183
0.023,20.02002002002,-2.02363167569483,0.000164996483954698
0.023,21.021021021021,-1.60329368532047,0.000165219754943802
0.023,22.022022022022,-1.84150181281885,0.000164739131678996
0.023,23.023023023023,-1.8639589228342,0.000165377482349789
0.023,24.024024024024,-1.67145749242787,0.00016523982903233
0.023,25.025025025025,-1.66018787669002,0.000164948116562916
0.023,26.026026026026,-1.71426531664936,0.000164376217964218
0.023,27.027027027027,-1.72862006670161,0.000165977232780951
0.023,28.028028028028,-1.86675378719379,0.000164807755221226
0.023,29.029029029029,-1.93608816414507,0.000165307919485513
0.023,30.03003003003,-1.70964091011347,0.000165055241091666
0.023,31.031031031031,-1.93005070924681,0.000164552740738031
0.023,32.032032032032,-1.66482991476112,0.000166010100360571
0.023,33.033033033033,-1.78797333798813,0.000164735345554553
0.023,34.034034034034,-1.74778254542863,0.000165512845152111
0.023,35.035035035035,-1.67464023070857,0.00016498378419613
0.023,36.036036036036,-1.94501912056525,0.000164788497357394
0.023,37.037037037037,-1.80756921095756,0.000164639383183365
0.023,38.038038038038,-1.90106973012842,0.000164304538953139
0.023,39.039039039039,-1.95435662397875,0.000165076075552992
0.023,40.04004004004,-1.79913655921256,0.000165439979038587
0.023,41.041041041041,-1.70344402896298,0.000164634777604095
0.023,42.042042042042,-1.94914332180748,0.000165043807133277
0.023,43.043043043043,-1.90417730944057,0.00016537413047239
0.023,44.044044044044,-1.88805281290967,0.000164705623593797
0.023,45.0450450450451,-1.68317161802046,0.0001653847250666
0.023,46.0460460460461,-1.81622628128107,0.000164338409459018
0.023,47.0470470470471,-1.76903595145936,0.000164620459021413
0.023,48.0480480480481,-1.89934294736685,0.000164857636545964
0.023,49.0490490490491,-1.88027692828309,0.000164180801450412
0.023,50.0500500500501,-1.79996625705438,0.000164685478324931
0.023,51.0510510510511,-1.53333225318286,0.000164988566140543
0.023,52.0520520520521,-1.79796533030282,0.000164751283196267
0.023,53.0530530530531,-2.00839817401307,0.000164435078054265
0.023,54.0540540540541,-1.69103794407979,0.000165300704900206
0.023,55.0550550550551,-1.7225562209298,0.000165238661545588
0.023,56.0560560560561,-1.70785877179768,0.000165290363724441
0.023,57.0570570570571,-1.84581921609129,0.00016498482564904
0.023,58.0580580580581,-1.72631066817688,0.000165458652072549
0.023,59.0590590590591,-1.95216599480968,0.000164530050595907
0.023,60.0600600600601,-1.50157323748346,0.000165688713736336
0.023,61.0610610610611,-1.70727908230921,0.000165402328163771
0.023,62.0620620620621,-2.03641935342443,0.000164523632325944
0.023,63.0630630630631,-1.80102934623531,0.000165529855079802
0.023,64.0640640640641,-1.93937691672648,0.000164917944204462
0.023,65.0650650650651,-1.63152285030806,0.000165256259650739
0.023,66.0660660660661,-1.970516086852,0.000164987217531556
0.023,67.0670670670671,-1.90462116367756,0.000165123809134376
0.023,68.0680680680681,-1.87579363217844,0.000165539016670516
0.023,69.0690690690691,-1.94393557219767,0.000164230110454697
0.023,70.0700700700701,-1.89976102787856,0.000164843526512275
0.023,71.0710710710711,-1.79642746709575,0.000165449261964761
0.023,72.0720720720721,-1.80690498476865,0.000165117233410217
0.023,73.0730730730731,-1.78050228169617,0.000164969077351722
0.023,74.0740740740741,-1.81264746006177,0.000164998494446857
0.023,75.0750750750751,-1.67177043865193,0.000164895034119793
0.023,76.0760760760761,-1.73483249452935,0.000165303823855807
0.023,77.0770770770771,-1.88506697388893,0.000164960120668762
0.023,78.0780780780781,-1.88721001555515,0.000164969772240958
0.023,79.0790790790791,-1.79259481408496,0.000165141235925133
0.023,80.0800800800801,-1.57657187550982,0.000165311139221197
0.023,81.0810810810811,-1.9204556408078,0.00016466437852304
0.023,82.0820820820821,-1.6911010837462,0.00016487460871049
0.023,83.0830830830831,-1.77302631287254,0.000165501386351079
0.023,84.0840840840841,-1.79842514213479,0.00016484442548705
0.023,85.0850850850851,-1.7805104774011,0.000165018345773817
0.023,86.0860860860861,-1.85998037837407,0.00016500829836377
0.023,87.0870870870871,-1.68682567188241,0.000164973596774593
0.023,88.0880880880881,-1.90934145122146,0.000165100484535826
0.023,89.0890890890891,-1.75383343008682,0.000164991887302335
0.023,90.0900900900901,-1.75287525380305,0.000165537513896194
0.023,91.0910910910911,-1.56081936664915,0.000164705964049586
0.023,92.0920920920921,-1.86197775560529,0.000164503485706296
0.023,93.0930930930931,-1.49755004271278,0.000165025645047283
0.023,94.0940940940941,-1.85636688165524,0.000165401161557974
0.023,95.0950950950951,-1.99289767059941,0.000164700323830046
0.023,96.0960960960961,-1.72684756662811,0.000165403840628486
0.023,97.0970970970971,-1.7036991709824,0.000165545736282321
0.023,98.0980980980981,-1.84618015575158,0.000164768042818184
0.023,99.0990990990991,-1.74441068587087,0.00016482703293568
0.023,100.1001001001,-1.6174469383515,0.000165041126888171
0.023,101.101101101101,-1.75053048737681,0.000165255569107497
0.023,102.102102102102,-1.8583529229856,0.000165083361083719
0.023,103.103103103103,-1.76496540176711,0.000165797080925783
0.023,104.104104104104,-1.8656381522745,0.00016388851900973
0.023,105.105105105105,-1.8734974409457,0.000164596339986868
0.023,106.106106106106,-1.63247788639572,0.000165379878754489
0.023,107.107107107107,-1.70660604296141,0.000164739600224156
0.023,108.108108108108,-1.71506292929138,0.00016444508376626
0.023,109.109109109109,-1.51178438230892,0.000165515196276249
0.023,110.11011011011,-1.75154832335217,0.000165038562986506
0.023,111.111111111111,-1.92305735465259,0.000164105571174767
0.023,112.112112112112,-1.6957284415347,0.000164893662312593
0.023,113.113113113113,-1.57074815089893,0.000165559154950553
0.023,114.114114114114,-1.77601573485107,0.000164699197630249
0.023,115.115115115115,-1.73923417396239,0.000164853229942754
0.023,116.116116116116,-1.57511735126235,0.000165090543720096
0.023,117.117117117117,-1.82055558331742,0.000164288953571875
0.023,118.118118118118,-2.00977767801348,0.000164876579853783
0.023,119.119119119119,-1.85194200264361,0.000165475832374959
0.023,120.12012012012,-1.73630486177458,0.000164373617826357
0.023,121.121121121121,-1.86692735908477,0.000164860282140575
0.023,122.122122122122,-1.78281932658858,0.000165346095285954
0.023,123.123123123123,-1.87716512223522,0.000165226253555928
0.023,124.124124124124,-2.00523827544785,0.000165356668150193
0.023,125.125125125125,-1.67655795167222,0.000164426197308745
0.023,126.126126126126,-1.49220434747821,0.000165508725619437
0.023,127.127127127127,-1.76130949592399,0.000164980905503532
0.023,128.128128128128,-1.87940780175111,0.000164859819116003
0.023,129.129129129129,-1.61746194318916,0.000165145127939137
0.023,130.13013013013,-1.74167386698329,0.000165340386352721
0.023,131.131131131131,-1.68322236053427,0.00016473063432064
0.023,132.132132132132,-1.82217343755835,0.000165786861261668
0.023,133.133133133133,-1.62544233487774,0.000165413777979167
0.023,134.134134134134,-2.05320008243488,0.000164718614181599
0.023,135.135135135135,-1.74706435062598,0.000164297667995022
0.023,136.136136136136,-1.65497002261627,0.00016502409687494
0.023,137.137137137137,-1.89256619267878,0.000165164419631248
0.023,138.138138138138,-1.97222874561101,0.000164953101477004
0.023,139.139139139139,-1.65360051658465,0.000165632943178335
0.023,140.14014014014,-1.58369211360624,0.000165290593592297
0.023,141.141141141141,-1.75529676017751,0.000165047824300168
0.023,142.142142142142,-1.74887511654826,0.000164813153592061
0.023,143.143143143143,-1.62095158140539,0.00016513671849907
0.023,144.144144144144,-1.8356952348727,0.000164823417303415
0.023,145.145145145145,-1.81883690664945,0.000165165852810933
0.023,146.146146146146,-1.46048950002385,0.000165123754868178
0.023,147.147147147147,-1.81494503250705,0.000165104478915613
0.023,148.148148148148,-1.8439700041016,0.00016417575804159
0.023,149.149149149149,-1.7568426556066,0.000165943301372424
0.023,150.15015015015,-1.8440776392528,0.000165286079278906
0.023,151.151151151151,-2.03096523938353,0.00016505509550086
0.023,152.152152152152,-1.58071272331142,0.000165298972904053
0.023,153.153153153153,-2.05930415160971,0.00016449688766487
0.023,154.154154154154,-1.77013730736814,0.000165358857239223
0.023,155.155155155155,-1.81536256806769,0.00016508527531798
0.023,156.156156156156,-1.72482152947174,0.00016460954141412
0.023,157.157157157157,-1.82119368548487,0.000165201316593527
0.023,158.158158158158,-1.48766083042695,0.000165082701021166
0.023,159.159159159159,-1.91691547478877,0.000164256384515073
0.023,160.16016016016,-1.93338937333057,0.000164805820196669
0.023,161.161161161161,-1.88616426737374,0.000164555896106017
0.023,162.162162162162,-1.93577048674007,0.000164565937231992
0.023,163.163163163163,-1.82551640454957,0.000165388082993154
0.023,164.164164164164,-1.91514972722833,0.000164308584134075
0.023,165.165165165165,-1.75326927077041,0.00016470031807454
0.023,166.166166166166,-1.80492633257321,0.000165082097221619
0.023,167.167167167167,-1.84024008265064,0.000164752750908988
0.023,168.168168168168,-1.67567631463566,0.000164766698144083
0.023,169.169169169169,-1.74032323403681,0.000164650067222835
0.023,170.17017017017,-1.99207150251367,0.000164313824580877
0.023,171.171171171171,-1.69487175296964,0.000165092315182574
0.023,172.172172172172,-1.68838678105429,0.000165622066094501
0.023,173.173173173173,-1.70282854575577,0.000164732959251354
0.023,174.174174174174,-1.94723865350931,0.000164362619524523
0.023,175.175175175175,-1.6697386443354,0.000164931033046971
0.023,176.176176176176,-1.63775397398197,0.000164754019704379
0.023,177.177177177177,-1.93205100511565,0.000164420212228691
0.023,178.178178178178,-1.76286344286698,0.000165756941734364
0.023,179.179179179179,-1.52883896062152,0.000165459949762928
0.023,180.18018018018,-2.01779798231647,0.000164752895031553
0.023,181.181181181181,-2.00385585051424,0.000164766862528378
0.023,182.182182182182,-1.85084335703048,0.000165022023542053
0.023,183.183183183183,-1.97806274590959,0.000164269569086915
0.023,184.184184184184,-1.77734356990003,0.000165260418297361
0.023,185.185185185185,-1.75552181553195,0.000165437533653358
0.023,186.186186186186,-1.87214044733007,0.000164896247709311
0.023,187.187187187187,-2.09905846890096,0.000164575565312328
0.023,188.188188188188,-1.84428232399971,0.000165264789251673
0.023,189.189189189189,-1.82943336657574,0.000164784511610866
0.023,190.19019019019,-1.92565662446308,0.000165115517564719
0.023,191.191191191191,-1.88470153044619,0.000165106472904741
0.023,192.192192192192,-1.69778407269436,0.000164903377782651
0.023,193.193193193193,-1.68741327711259,0.000165541501345882
0.023,194.194194194194,-1.96661227879611,0.000164744316861196
0.023,195.195195195195,-1.79092494220455,0.000164847819297421
0.023,196.196196196196,-1.73386814463125,0.000165153933040867
0.023,197.197197197197,-1.80137340135818,0.000164757330940859
0.023,198.198198198198,-1.83845843313434,0.000164911101142929
0.023,199.199199199199,-1.89564628603545,0.000165154402232053
0.023,200.2002002002,-1.67680807406963,0.000165017454668815
0.023,201.201201201201,-1.77033527013235,0.000164703874683505
0.023,202.202202202202,-1.87632117005364,0.00016480113010543
0.023,203.203203203203,-1.49584877561304,0.00016551457256735
0.023,204.204204204204,-1.75571234547455,0.000164932594022378
0.023,205.205205205205,-1.92457359354471,0.000164807044122606
0.023,206.206206206206,-1.84102090090807,0.00016502233574888
0.023,207.207207207207,-1.53535545204803,0.000165594821996471
0.023,208.208208208208,-1.88905130245107,0.000164719743494068
0.023,209.209209209209,-1.75339729487847,0.000165286785679154
0.023,210.21021021021,-1.60315301538985,0.000165257675387718
0.023,211.211211211211,-1.76422559839112,0.000164531478842302
0.023,212.212212212212,-1.99079905181426,0.000164600917493365
0.023,213.213213213213,-1.66900879597185,0.000165305969249976
0.023,214.214214214214,-1.81466673318282,0.000164761066205424
0.023,215.215215215215,-1.78539072140093,0.000165324234641427
0.023,216.216216216216,-1.80532311574724,0.000165581606532833
0.023,217.217217217217,-1.73827543850271,0.000164622418183857
0.023,218.218218218218,-1.95297981806844,0.000165359517243046
0.023,219.219219219219,-1.79148473083993,0.000165405111949252
0.023,220.22022022022,-1.73874578686471,0.000164717222582507
0.023,221.221221221221,-1.95493831816651,0.000164464910896604
0.023,222.222222222222,-1.72095530399301,0.000164914290104276
0.023,223.223223223223,-1.9577015976795,0.000164669507089856
0.023,224.224224224224,-1.66215139205207,0.000165359770602763
0.023,225.225225225225,-1.83666843150363,0.000165298349371344
0.023,226.226226226226,-1.84017989927875,0.000164614523098078
0.023,227.227227227227,-1.8896444738318,0.000164606077186897
0.023,228.228228228228,-1.70488896314406,0.000165213357875243
0.023,229.229229229229,-1.78386750361156,0.000164677430013491
0.023,230.23023023023,-1.90072669573338,0.000164846648521819
0.023,231.231231231231,-1.79067802316953,0.000165504860738531
0.023,232.232232232232,-1.74465473511518,0.000164699711279781
0.023,233.233233233233,-1.9350491807491,0.000164832082511115
0.023,234.234234234234,-1.59626813009052,0.000165938409486103
0.023,235.235235235235,-1.68142818574505,0.000165264035808974
0.023,236.236236236236,-1.83593192049522,0.000164937857373745
0.023,237.237237237237,-1.69822051493663,0.000165228177480582
0.023,238.238238238238,-1.76803816105952,0.000164613691133835
0.023,239.239239239239,-1.83005724063202,0.000165314668227226
0.023,240.24024024024,-1.73406711743033,0.000165328259443174
0.023,241.241241241241,-1.73770335995911,0.000165590673040241
0.023,242.242242242242,-1.65991664572243,0.000165231773144765
0.023,243.243243243243,-1.76430200200403,0.000164494015080156
0.023,244.244244244244,-1.85284259153562,0.000165085255114979
0.023,245.245245245245,-1.55451212550925,0.000165783845082956
0.023,246.246246246246,-1.93049554624252,0.000165374712189588
0.023,247.247247247247,-1.77923872276542,0.000164602036410685
0.023,248.248248248248,-1.74094187187404,0.000165341394212271
0.023,249.249249249249,-1.87292866086841,0.000164704151300164
0.023,250.25025025025,-1.68461585305423,0.000166073084975313
0.023,251.251251251251,-1.87514825838174,0.00016441126911228
0.023,252.252252252252,-1.76061932025067,0.000164701063236358
0.023,253.253253253253,-1.73806313232001,0.000165610248748947
0.023,254.254254254254,-2.06984522781115,0.000164365024914859
0.023,255.255255255255,-1.84659734781609,0.000166042501685488
0.023,256.256256256256,-1.66815463070355,0.000165113325304288
0.023,257.257257257257,-1.88642026596219,0.000164926657218098
0.023,258.258258258258,-1.75426102996905,0.000165089842194409
0.023,259.259259259259,-1.70469722880445,0.000165301775483023
0.023,260.26026026026,-2.00672219818395,0.000164527011218983
0.023,261.261261261261,-1.58721041939244,0.00016599174229373
0.023,262.262262262262,-1.58625599087224,0.000165174237702007
0.023,263.263263263263,-2.02895489447446,0.000164971793950481
0.023,264.264264264264,-1.89076486844099,0.000165156859421941
0.023,265.265265265265,-1.60717471731656,0.000165201963559368
0.023,266.266266266266,-1.89188468800135,0.000164858311702038
0.023,267.267267267267,-1.56404281427588,0.000164896826959864
0.023,268.268268268268,-1.8838483850963,0.000164971865894304
0.023,269.269269269269,-1.9116798120933,0.000164066649037916
0.023,270.27027027027,-1.7458413139846,0.000164901419031314
0.023,271.271271271271,-1.65340092167059,0.000165300690335252
0.023,272.272272272272,-2.12572885941409,0.000164611864935321
0.023,273.273273273273,-1.6798784719136,0.00016509919307079
0.023,274.274274274274,-1.67171993365154,0.000165663479719358
0.023,275.275275275275,-1.83867109357658,0.000164218527499181
0.023,276.276276276276,-1.81291153484023,0.000164789624907973
0.023,277.277277277277,-1.7081183621235,0.000164958578897951
0.023,278.278278278278,-1.99058524390093,0.000164947019845404
0.023,279.279279279279,-1.93426479118512,0.000164793717190089
0.023,280.28028028028,-1.60637356072596,0.000165031267471738
0.023,281.281281281281,-1.89673109351072,0.000165078195517222
0.023,282.282282282282,-1.82153753743944,0.000164966129593054
0.023,283.283283283283,-1.77555785565286,0.000165878482689396
0.023,284.284284284284,-2.08571733363517,0.000164705378867339
0.023,285.285285285285,-1.94619476580759,0.000165006187326447
0.023,286.286286286286,-1.77313248462487,0.000165234201792043
0.023,287.287287287287,-1.80186983652527,0.000164586180755564
0.023,288.288288288288,-1.82140120500857,0.00016552376023403
0.023,289.289289289289,-2.01865343538664,0.000164555768603944
0.023,290.29029029029,-1.68634523145741,0.000165329662729467
0.023,291.291291291291,-1.88688363513133,0.000164938348353631
0.023,292.292292292292,-1.85677861733724,0.000165273886592149
0.023,293.293293293293,-1.83478921942869,0.000165402785667757
0.023,294.294294294294,-1.97886474832656,0.000164781586345655
0.023,295.295295295295,-1.74952966298633,0.000165358587905041
0.023,296.296296296296,-1.80973267832355,0.000164096649142301
0.023,297.297297297297,-1.84088710877477,0.000165730277650371
0.023,298.298298298298,-1.74967110370016,0.000165473948856306
0.023,299.299299299299,-1.82739529786515,0.000165038230459219
0.023,300.3003003003,-1.95023192845999,0.000164641362255161
0.023,301.301301301301,-1.77278536849623,0.000165188094669628
0.023,302.302302302302,-1.82283782352114,0.000165017377615512
0.023,303.303303303303,-1.95237589029416,0.000164405580382048
0.023,304.304304304304,-1.90212031897427,0.000165223866313055
0.023,305.305305305305,-1.57806440445108,0.000165156403914764
0.023,306.306306306306,-1.82404502502384,0.000164799012666575
0.023,307.307307307307,-2.05122071347516,0.000164306539696177
0.023,308.308308308308,-1.66835665482978,0.000165189269849954
0.023,309.309309309309,-2.01549394377247,0.000164593408789962
0.023,310.31031031031,-1.66724135302323,0.000165037502094081
0.023,311.311311311311,-1.71418812524454,0.00016527001207958
0.023,312.312312312312,-1.94744046305019,0.000164952165385089
0.023,313.313313313313,-1.75757566778262,0.000165385236836783
0.023,314.314314314314,-1.53575232577238,0.000165459850744736
0.023,315.315315315315,-1.7680025492095,0.000164727712520479
0.023,316.316316316316,-1.82693101140641,0.000164350296869047
0.023,317.317317317317,-1.67248673122103,0.000165541429049681
0.023,318.318318318318,-2.05755749919143,0.000164510031478333
0.023,319.319319319319,-1.61025570552287,0.000165486838957675
0.023,320.32032032032,-1.77149825347653,0.000164206503483983
0.023,321.321321321321,-1.9424296065504,0.000164654409399618
0.023,322.322322322322,-1.62656637365464,0.00016557381481124
0.023,323.323323323323,-1.81063298879082,0.000165445701890747
0.023,324.324324324324,-1.82729791017658,0.000164393038664972
0.023,325.325325325325,-1.62759406728709,0.000164867672268811
0.023,326.326326326326,-1.81093556334543,0.000165413615944058
0.023,327.327327327327,-1.80732924548567,0.000164726324151517
0.023,328.328328328328,-1.52069072437247,0.000165320372462086
0.023,329.329329329329,-1.97947533871902,0.000164263410049633
0.023,330.33033033033,-1.65924129251946,0.000165099628668615
0.023,331.331331331331,-1.68138992614842,0.000164994548636492
0.023,332.332332332332,-1.82719467013089,0.000163830169632732
0.023,333.333333333333,-1.67197720370927,0.00016528542814326
0.023,334.334334334334,-1.63735555160655,0.000165639703548518
0.023,335.335335335335,-2.03402400184245,0.000164675268938505
0.023,336.336336336336,-1.62852866247624,0.00016559476485252
0.023,337.337337337337,-1.74291588304341,0.000165169236461075
0.023,338.338338338338,-1.89336595172333,0.000164726785590389
0.023,339.339339339339,-1.87259349748727,0.00016539918900517
0.023,340.34034034034,-1.64342336819811,0.000165052221506635
0.023,341.341341341341,-2.09480908536056,0.000164542639179245
0.023,342.342342342342,-1.82551074025675,0.000165130535265172
0.023,343.343343343343,-1.60220512320714,0.000165178044323098
0.023,344.344344344344,-1.75917510294365,0.000165109520503816
0.023,345.345345345345,-1.95332774511519,0.00016439808266109
0.023,346.346346346346,-1.73075256183436,0.0001649619342404
0.023,347.347347347347,-1.77838776851074,0.000165581196541136
0.023,348.348348348348,-2.02299205811349,0.000164660241958767
0.023,349.349349349349,-1.83653079205195,0.000164736452784673
0.023,350.35035035035,-1.92451591198744,0.000165435096196632
0.023,351.351351351351,-1.70395977965967,0.000164608033530317
0.023,352.352352352352,-1.71763822396003,0.000165799861833511
0.023,353.353353353353,-1.74259866884629,0.000165597256046877
0.023,354.354354354354,-1.82502353291364,0.000164527515060663
0.023,355.355355355355,-1.56295689724857,0.000164880949281124
0.023,356.356356356356,-1.52165636025158,0.000165433967354001
0.023,357.357357357357,-1.84586914463071,0.000164493889222513
0.023,358.358358358358,-1.82342679691929,0.00016552032073199
0.023,359.359359359359,-1.86321792708826,0.000164990770323093
0.023,360.36036036036,-1.76454432094368,0.000164596335347226
0.023,361.361361361361,-1.71857487081964,0.00016519313796099
0.023,362.362362362362,-1.46723093456377,0.000165303388140523
0.023,363.363363363363,-1.60288120347166,0.000165727784048099
0.023,364.364364364364,-2.19272514174873,0.000164472179278272
0.023,365.365365365365,-1.74546968227452,0.000164686490236826
0.023,366.366366366366,-1.59952701843738,0.000164876605048803
0.023,367.367367367367,-1.87085985998788,0.000164948934314583
0.023,368.368368368368,-1.81506264568725,0.000164874168473022
0.023,369.369369369369,-1.78025078808164,0.000164564922089966
0.023,370.37037037037,-1.54274029904335,0.000165421004310405
0.023,371.371371371371,-1.9049113207863,0.000164491720336483
0.023,372.372372372372,-1.838633431081,0.00016517397594395
0.023,373.373373373373,-1.64886537078275,0.00016523828708533
0.023,374.374374374374,-1.78398198767345,0.000164615084024979
0.023,375.375375375375,-1.93477796205313,0.000164744592479451
0.023,376.376376376376,-2.0407436268552,0.000164379559152821
0.023,377.377377377377,-1.75750898489979,0.000165558541871721
0.023,378.378378378378,-1.84650037922501,0.000165156703670906
0.023,379.379379379379,-1.97968977678576,0.000164401765010239
0.023,380.38038038038,-1.71601365263,0.000165362993040011
0.023,381.381381381381,-1.74474774839843,0.000164315315080703
0.023,382.382382382382,-1.76453531525233,0.000165084424618978
0.023,383.383383383383,-1.63005839084798,0.000164752605259452
0.023,384.384384384384,-1.88135553859476,0.00016470440137102
0.023,385.385385385385,-1.97822078577084,0.00016489055381087
0.023,386.386386386386,-1.74237242459597,0.000165516701928324
0.023,387.387387387387,-1.94633152387394,0.000164769956406418
0.023,388.388388388388,-1.9047501081042,0.000164994811334223
0.023,389.389389389389,-1.99523689149418,0.000165468637992651
0.023,390.39039039039,-1.78422099965593,0.00016507084174264
0.023,391.391391391391,-1.81546205236799,0.000164929198978685
0.023,392.392392392392,-1.89162538179324,0.000164625585004125
0.023,393.393393393393,-1.94355540596096,0.000164887940635026
0.023,394.394394394394,-1.65648456270627,0.000165526197514566
0.023,395.395395395395,-1.64809766882507,0.000165387837914318
0.023,396.396396396396,-1.78503689961225,0.000164924904607838
0.023,397.397397397397,-1.83374145551117,0.00016408197330715
0.023,398.398398398398,-1.74916578965962,0.000165800739489423
0.023,399.399399399399,-1.76082622054053,0.000165602149342709
0.023,400.4004004004,-1.82132799729954,0.000164866350205627
0.023,401.401401401401,-1.87395608652366,0.000164621787368671
0.023,402.402402402402,-1.45096890745637,0.000165970276429921
0.023,403.403403403403,-1.79348980839232,0.000164965394180358
0.023,404.404404404404,-2.03708340987831,0.000165136263637919
0.023,405.405405405405,-1.7048856525096,0.000165202080666293
0.023,406.406406406406,-1.7635921727748,0.000164559746833076
0.023,407.407407407407,-2.11018926581977,0.000164469161278941
0.023,408.408408408408,-1.54210350796279,0.000165515745163572
0.023,409.409409409409,-1.62227641860388,0.000165097251233593
0.023,410.41041041041,-1.91223751109933,0.000164644632674534
0.023,411.411411411411,-1.54515493434255,0.000165517247761705
0.023,412.412412412412,-1.76082989307725,0.000165092419368976
0.023,413.413413413413,-2.13062714093068,0.000164655967556001
0.023,414.414414414414,-1.84964020156954,0.000165349203141651
0.023,415.415415415415,-1.71860212232482,0.000164866792263713
0.023,416.416416416416,-1.84284076309083,0.000164335243108587
0.023,417.417417417417,-1.67939586283673,0.000164871742938415
0.023,418.418418418418,-1.548900731377,0.000164822248818269
0.023,419.419419419419,-2.05457954636967,0.000164872316374733
0.023,420.42042042042,-1.96133022267325,0.000165171973732671
0.023,421.421421421421,-1.46042094907624,0.000165778203688823
0.023,422.422422422422,-1.8711254985331,0.000164439175387131
0.023,423.423423423423,-1.93438416769842,0.000165114824202453
0.023,424.424424424424,-1.54454315906291,0.000165616957554496
0.023,425.425425425425,-1.75242151008074,0.000165493887455528
0.023,426.426426426426,-1.86382179284941,0.000164426266316085
0.023,427.427427427427,-1.71257227522657,0.000164740992762922
0.023,428.428428428428,-1.83463067527767,0.000164966219038313
0.023,429.429429429429,-1.85840531618463,0.000164866114523535
0.023,430.43043043043,-1.81641463904527,0.000165105906985819
0.023,431.431431431431,-1.7763236908604,0.000164632323703067
0.023,432.432432432432,-1.75105112247073,0.0001648217650034
0.023,433.433433433433,-1.79694997317966,0.000165231549443522
0.023,434.434434434434,-1.67795076099127,0.00016554808059382
0.023,435.435435435435,-1.87474857189249,0.000164560375064158
0.023,436.436436436436,-1.72629721158747,0.000164742152379891
0.023,437.437437437437,-1.64979800100455,0.000165378725421593
0.023,438.438438438438,-1.88389296472877,0.000164625298403426
0.023,439.439439439439,-1.81510936552401,0.000165016218938218
0.023,440.44044044044,-1.64655527203666,0.000164881820418044
0.023,441.441441441441,-1.86729559051562,0.000164815378447449
0.023,442.442442442442,-1.61411453982182,0.000165445717630293
0.023,443.443443443443,-1.72536528611829,0.000165215760270367
0.023,444.444444444444,-1.69726291026953,0.00016492815335597
0.023,445.445445445446,-1.79197813831809,0.00016513870356129
0.023,446.446446446446,-1.7558855341703,0.000165178238600785
0.023,447.447447447447,-1.80117003905502,0.000164553517613861
0.023,448.448448448449,-1.91705458137792,0.000164918749505443
0.023,449.44944944945,-1.58363327163536,0.000165058731512314
0.023,450.45045045045,-1.73779589354471,0.000164879833770123
0.023,451.451451451451,-1.87187754116853,0.00016505525565662
0.023,452.452452452453,-1.62938484480156,0.000165097390833975
0.023,453.453453453454,-1.88276066310382,0.00016509028519217
0.023,454.454454454454,-1.96320495629384,0.000164566337592026
0.023,455.455455455455,-1.61589886750473,0.000165520786399397
0.023,456.456456456457,-1.65375882789482,0.000165427699901783
0.023,457.457457457458,-1.7857623712018,0.000164596658066661
0.023,458.458458458458,-1.87921683280943,0.00016463062107174
0.023,459.459459459459,-1.74567490352993,0.000165504642264228
0.023,460.460460460461,-1.71233843928169,0.000165081793060754
0.023,461.461461461462,-1.72034051616202,0.000164573978672063
0.023,462.462462462462,-1.81623740205382,0.000164715284445278
0.023,463.463463463463,-1.43784681946697,0.00016543312487715
0.023,464.464464464465,-1.91710527840155,0.000164666609486311
0.023,465.465465465466,-1.79107443221058,0.000164981497557149
0.023,466.466466466466,-1.59992778565191,0.000165182783277406
0.023,467.467467467467,-1.84748726010523,0.000165417960293839
0.023,468.468468468469,-1.56024536466617,0.000165415003197156
0.023,469.46946946947,-1.55774800193231,0.000165016215062061
0.023,470.470470470471,-1.79190643968669,0.00016453520676566
0.023,471.471471471471,-1.66636492377818,0.000165374109799552
0.023,472.472472472473,-1.73018778746626,0.000165689785669935
0.023,473.473473473474,-1.9653920241473,0.000164425082737419
0.023,474.474474474475,-1.79549430235989,0.000164386720705253
0.023,475.475475475475,-1.65651253145573,0.000165170790447653
0.023,476.476476476477,-1.91472481633315,0.000164180148259228
0.023,477.477477477478,-1.84326758382391,0.000165493873536601
0.023,478.478478478479,-1.99029585696171,0.000165057988347304
0.023,479.479479479479,-1.90126513693993,0.000164666346260013
0.023,480.480480480481,-1.77779388555832,0.000165431862307102
0.023,481.481481481482,-2.1220677002817,0.00016489756742331
0.023,482.482482482483,-1.80541492602453,0.000164713404685323
0.023,483.483483483484,-1.55804959707562,0.000165246839238451
0.023,484.484484484485,-1.72588192755329,0.000164714514147169
0.023,485.485485485486,-1.92936203417098,0.000164193729138758
0.023,486.486486486487,-1.6518762342317,0.00016511468654015
0.023,487.487487487488,-1.57924703932928,0.000165320796079062
0.023,488.488488488489,-1.80536932026494,0.000165219089125743
0.023,489.48948948949,-1.81445640815002,0.000164512771921331
0.023,490.490490490491,-2.02918263065041,0.000165149230264024
0.023,491.491491491492,-1.52194161475699,0.000165453004981639
0.023,492.492492492493,-1.83529614270202,0.000164610927492624
0.023,493.493493493494,-1.9025795615059,0.000164476700697952
0.023,494.494494494495,-1.73957434244135,0.000165102538253009
0.023,495.495495495496,-1.64959317603592,0.000165071415296417
0.023,496.496496496497,-1.96347319222303,0.000164966273421971
0.023,497.497497497498,-1.85505579287777,0.000165283580449694
0.023,498.498498498499,-1.66810704342741,0.000165236306838941
0.023,499.4994994995,-1.87404691236863,0.000164275525389439
0.023,500.500500500501,-1.85538879672193,0.00016455657983662
0.023,501.501501501502,-1.85155600298346,0.000165177899789425
0.023,502.502502502503,-1.64695789978207,0.000165423365359854
0.023,503.503503503504,-1.59452744510719,0.000165003132503625
0.023,504.504504504505,-1.98159927128894,0.000164881326149298
0.023,505.505505505506,-1.89461212314277,0.000165048149368789
0.023,506.506506506507,-1.77075558995905,0.000165570130171635
0.023,507.507507507508,-1.71176232709672,0.000165409359218918
0.023,508.508508508509,-2.05681680282605,0.000164699407295105
0.023,509.50950950951,-1.73455963078016,0.000165133003261316
0.023,510.510510510511,-1.63075961433568,0.00016554238135098
0.023,511.511511511512,-1.78423528401884,0.000165376884305748
0.023,512.512512512513,-1.74115847184103,0.000164858610166127
0.023,513.513513513514,-1.57496434333807,0.000165563450789641
0.023,514.514514514515,-1.65291007436166,0.000164723800714582
0.023,515.515515515516,-1.89005746981688,0.00016450305697984
0.023,516.516516516517,-1.72951164884565,0.00016528200209031
0.023,517.517517517518,-1.87691767578273,0.000164906104894018
0.023,518.518518518519,-2.0145073621182,0.000164911044527545
0.023,519.51951951952,-2.0499605516502,0.000164277917154496
0.023,520.520520520521,-1.74201937692557,0.000165575522786965
0.023,521.521521521522,-1.75036222255615,0.000165145979930191
0.023,522.522522522523,-1.80432922437972,0.000164645971651858
0.023,523.523523523524,-1.87154395359668,0.000165023815031342
0.023,524.524524524525,-1.73749399135412,0.000165292802884327
0.023,525.525525525526,-1.93714381771577,0.000164876777126682
0.023,526.526526526527,-1.69539734700781,0.000165340010130574
0.023,527.527527527528,-1.62890159431012,0.000165772175090097
0.023,528.528528528529,-1.74285211680633,0.000165086789544584
0.023,529.52952952953,-2.05395772257933,0.000164924701227055
0.023,530.530530530531,-1.63888705394395,0.00016522717003214
0.023,531.531531531532,-1.97251872743065,0.000164518146330468
0.023,532.532532532533,-1.89540593699396,0.00016429889526855
0.023,533.533533533534,-1.80897671013565,0.000164918187580138
0.023,534.534534534535,-1.716447571042,0.000164762369122742
0.023,535.535535535536,-1.80223010387947,0.00016524959794637
0.023,536.536536536537,-1.74877796033119,0.00016555670351617
0.023,537.537537537538,-1.7598550784324,0.000165134168222683
0.023,538.538538538539,-2.02670451767365,0.000164823349999235
0.023,539.53953953954,-1.85987580693936,0.000164923868205678
0.023,540.540540540541,-1.85076304440108,0.000165656018175866
0.023,541.541541541542,-1.60020738151752,0.000166172254748958
0.023,542.542542542543,-1.84484644225181,0.000164863592848489
0.023,543.543543543544,-1.69669203910152,0.000164953818272401
0.023,544.544544544545,-1.53940839361108,0.000164638365868342
0.023,545.545545545546,-1.70386161315108,0.000164705861742534
0.023,546.546546546547,-1.70624026426452,0.000165801927296624
0.023,547.547547547548,-1.83615535859953,0.000164230943945911
0.023,548.548548548549,-1.63170857239516,0.000165309978488365
0.023,549.54954954955,-1.70711390332324,0.000165184503292709
0.023,550.550550550551,-1.93068763629494,0.000164461410961753
0.023,551.551551551552,-2.04161349418465,0.000164039144180233
0.023,552.552552552553,-1.66556922270449,0.000165164617315255
0.023,553.553553553554,-1.58070367527973,0.000165461328206578
0.023,554.554554554555,-1.89949962622651,0.00016449028850758
0.023,555.555555555556,-1.83959149992076,0.00016504829084852
0.023,556.556556556557,-1.79422932556465,0.000165414557204183
0.023,557.557557557558,-1.64841406412914,0.000164714234828947
0.023,558.558558558559,-1.96809895046779,0.000164780378335454
0.023,559.55955955956,-1.96834088989619,0.000165312663373113
0.023,560.560560560561,-1.71132175670037,0.000165198635643666
0.023,561.561561561562,-1.76906909324848,0.0001649734674519
0.023,562.562562562563,-1.9026307612677,0.00016437846901303
0.023,563.563563563564,-1.70985843742016,0.000165371121693614
0.023,564.564564564565,-1.76279236936318,0.000165462695785243
0.023,565.565565565566,-1.96869193999883,0.000164784985089317
0.023,566.566566566567,-1.81421035620037,0.000165306894476906
0.023,567.567567567568,-1.6761597189669,0.000164971494546718
0.023,568.568568568569,-1.86322289397251,0.000165120949998752
0.023,569.56956956957,-2.01986086782172,0.000164925407568573
0.023,570.570570570571,-1.72065382325462,0.0001654528599194
0.023,571.571571571572,-1.89094667220764,0.000164916467682294
0.023,572.572572572573,-1.85961610986364,0.000165156684701228
0.023,573.573573573574,-1.57739532777827,0.000164831516827112
0.023,574.574574574575,-1.93665575169432,0.00016445898818744
0.023,575.575575575576,-1.95984149951861,0.000164670295652887
0.023,576.576576576577,-1.86107431346541,0.00016524361386472
0.023,577.577577577578,-1.56461146313823,0.0001656849737734
0.023,578.578578578579,-1.78467403205314,0.000165342611090649
0.023,579.57957957958,-1.58663180744097,0.000165335255554178
0.023,580.580580580581,-1.70332520366395,0.000165515588061754
0.023,581.581581581582,-1.83941724677821,0.000164557200550306
0.023,582.582582582583,-1.58980402515496,0.000165372611488684
0.023,583.583583583584,-1.64372012710909,0.000165148546239773
0.023,584.584584584585,-1.72718331835392,0.00016414040989768
0.023,585.585585585586,-1.90470448095645,0.000164124199456735
0.023,586.586586586587,-1.73263358570032,0.000165224517918538
0.023,587.587587587588,-1.85721290033992,0.000165079228278143
0.023,588.588588588589,-1.73289987533092,0.000165361714319309
0.023,589.58958958959,-1.90536710007193,0.00016519169374013
0.023,590.590590590591,-1.92224098241188,0.000164825862101348
0.023,591.591591591592,-1.70225437082021,0.00016491843994145
0.023,592.592592592593,-1.85192988280677,0.000165402238483594
0.023,593.593593593594,-2.05907456332585,0.000164432910284099
0.023,594.594594594595,-1.84175991028798,0.00016515617040567
0.023,595.595595595596,-1.70388266536537,0.000165254296024841
0.023,596.596596596597,-1.859216914078,0.000164336274342538
0.023,597.597597597598,-1.89377776745314,0.000164962214557026
0.023,598.598598598599,-1.80003825878315,0.000165024049715029
0.023,599.5995995996,-1.81305359194062,0.000164815689244764
0.023,600.600600600601,-1.91708448586023,0.000165375542920508
0.023,601.601601601602,-1.57075017241821,0.000165451733191036
0.023,602.602602602603,-1.50720318584346,0.000165516961454654
0.023,603.603603603604,-1.95994208020566,0.000164404984452274
0.023,604.604604604605,-1.90793102184884,0.000164819242095031
0.023,605.605605605606,-1.8808910162908,0.000164735402463586
0.023,606.606606606607,-1.44275367062435,0.00016533404701541
0.023,607.607607607608,-1.70348304640626,0.000165066089691619
0.023,608.608608608609,-1.92468675464099,0.000164432643416563
0.023,609.60960960961,-1.55989587007203,0.000164670090862592
0.023,610.610610610611,-1.86715181168699,0.000164711291651192
0.023,611.611611611612,-1.79466541168083,0.000165423449930552
0.023,612.612612612613,-1.8747694833388,0.000165084405825489
0.023,613.613613613614,-1.77665797287713,0.000164980421923582
0.023,614.614614614615,-1.90599627169382,0.000165389265044849
0.023,615.615615615616,-1.75199743960127,0.00016497143522977
0.023,616.616616616617,-1.72044860454488,0.000164657059222763
0.023,617.617617617618,-1.89128771839177,0.000165156076203309
0.023,618.618618618619,-1.77152547200299,0.000165557701744057
0.023,619.61961961962,-1.73191936811634,0.000165446252539959
0.023,620.620620620621,-1.57219417487135,0.000164917863392461
0.023,621.621621621622,-1.72296673759253,0.000164729762302775
0.023,622.622622622623,-1.76067332536823,0.000165773687026245
0.023,623.623623623624,-1.74177291214759,0.000164991013933688
0.023,624.624624624625,-1.90507505241449,0.000164973205106547
0.023,625.625625625626,-1.78826939513983,0.000165303721313836
0.023,626.626626626627,-1.8774608442976,0.000164669930765562
0.023,627.627627627628,-1.63272184992223,0.000165174250974908
0.023,628.628628628629,-1.71039092399704,0.000165262625475123
0.023,629.62962962963,-1.83537590095808,0.00016448375506877
0.023,630.630630630631,-1.81579557875963,0.000164959282302987
0.023,631.631631631632,-1.7293045438286,0.000165405604925947
0.023,632.632632632633,-1.90252603701958,0.000164664598935422
0.023,633.633633633634,-1.71646613150742,0.000165364021748586
0.023,634.634634634635,-1.85180745773518,0.000164969162862094
0.023,635.635635635636,-1.92357730060269,0.000165146890944545
0.023,636.636636636637,-1.77802851510874,0.000165553722986357
0.023,637.637637637638,-1.69053063928623,0.000165199099607913
0.023,638.638638638639,-1.67383140814541,0.000165092284173318
0.023,639.63963963964,-1.70933417918988,0.000164857873989945
0.023,640.640640640641,-1.59366114903905,0.000165046063115379
0.023,641.641641641642,-1.81218799218764,0.000164470985950484
0.023,642.642642642643,-1.67449449082367,0.000164505440464017
0.023,643.643643643644,-1.62391220198626,0.000165361547174721
0.023,644.644644644645,-1.69476648779674,0.000165493144525437
0.023,645.645645645646,-1.86992512715838,0.000165000453315653
0.023,646.646646646647,-1.56692426093846,0.000164917023852093
0.023,647.647647647648,-1.752071326755,0.000165256507959705
0.023,648.648648648649,-1.90781924180228,0.000164648577838873
0.023,649.64964964965,-1.88077891273378,0.000164583340002322
0.023,650.650650650651,-1.52331486872853,0.000164900421743102
0.023,651.651651651652,-1.62235497925181,0.000164945905626455
0.023,652.652652652653,-2.0078072016513,0.000164901862146535
0.023,653.653653653654,-1.86304469972396,0.000164374920273838
0.023,654.654654654655,-1.88685153476375,0.000165128246511924
0.023,655.655655655656,-1.84060079333959,0.000165215192530826
0.023,656.656656656657,-1.73062744569363,0.00016504649107835
0.023,657.657657657658,-1.86250118010694,0.000164571924778691
0.023,658.658658658659,-1.86915146606601,0.000164549260653803
0.023,659.65965965966,-1.62725151404873,0.000165452796550106
0.023,660.660660660661,-1.67285675570958,0.000164952533385086
0.023,661.661661661662,-1.94501381916506,0.000164503673699911
0.023,662.662662662663,-1.64429289414214,0.000164765578698196
0.023,663.663663663664,-1.70976588648195,0.0001643899516583
0.023,664.664664664665,-1.74623846904278,0.000164941321600968
0.023,665.665665665666,-1.71790934149711,0.000165381973993535
0.023,666.666666666667,-1.90112097599956,0.000164250732432143
0.023,667.667667667668,-1.86664024870338,0.000164959409511412
0.023,668.668668668669,-1.92642595776107,0.000164825049224241
0.023,669.66966966967,-1.59842588790912,0.000165381054345923
0.023,670.670670670671,-1.96625555660467,0.000165067310563615
0.023,671.671671671672,-1.72881506107796,0.000164345430999961
0.023,672.672672672673,-1.79425735620731,0.000164484760872782
0.023,673.673673673674,-1.66660036290868,0.000165095027611528
0.023,674.674674674675,-1.79142175223828,0.000164831255773811
0.023,675.675675675676,-1.67064797685042,0.0001653638896656
0.023,676.676676676677,-1.83482316576596,0.000165167416135527
0.023,677.677677677678,-1.86532884328049,0.000164640475026316
0.023,678.678678678679,-1.7528098243642,0.00016511415732726
0.023,679.67967967968,-1.5231150649821,0.000165943393812895
0.023,680.680680680681,-1.76923792218402,0.000165202531416368
0.023,681.681681681682,-1.92833509968947,0.000164665362244702
0.023,682.682682682683,-2.01605000557023,0.000164778832571026
0.023,683.683683683684,-1.79329174535699,0.000165077363141871
0.023,684.684684684685,-2.06381611371616,0.000165263222344571
0.023,685.685685685686,-1.73614664679231,0.000164315682141024
0.023,686.686686686687,-2.0476860244971,0.000164790607572502
0.023,687.687687687688,-1.69744750825232,0.000165613221115338
0.023,688.688688688689,-1.56822582420139,0.000164891990044497
0.023,689.68968968969,-1.86511685725747,0.000164788156373038
0.023,690.690690690691,-2.02625659871339,0.000164234142597649
0.023,691.691691691692,-1.75873886840391,0.000165493791667466
0.023,692.692692692693,-1.72616432011538,0.000164627089951444
0.023,693.693693693694,-1.85834689770308,0.000164372848409193
0.023,694.694694694695,-1.8992735544567,0.000165127303607369
0.023,695.695695695696,-1.5753301990979,0.000165331647732957
0.023,696.696696696697,-1.68033720102268,0.000165455981400377
0.023,697.697697697698,-1.77664715257644,0.000165115145864754
0.023,698.698698698699,-1.85363715423883,0.000164832429074788
0.023,699.6996996997,-1.59037988067462,0.000165150909051111
0.023,700.700700700701,-1.59513237709518,0.000164989725463863
0.023,701.701701701702,-1.81543769111205,0.000164569445154075
0.023,702.702702702703,-1.9326095604604,0.000164786932329641
0.023,703.703703703704,-1.81726558647951,0.000165150224439564
0.023,704.704704704705,-1.76145342172907,0.000165075899716416
0.023,705.705705705706,-2.01779696094116,0.000164912016444548
0.023,706.706706706707,-1.79784011428744,0.000164764276309445
0.023,707.707707707708,-1.87308707255839,0.000165464506361669
0.023,708.708708708709,-1.90199500059976,0.000164774212720451
0.023,709.70970970971,-1.7437005404702,0.000165322903005309
0.023,710.710710710711,-1.543286983604,0.000165225067804265
0.023,711.711711711712,-1.5434625748976,0.00016501760548656
0.023,712.712712712713,-1.72770556749575,0.000164243518316673
0.023,713.713713713714,-1.99684036559963,0.000165142039992792
0.023,714.714714714715,-1.71886425944055,0.000165462376413398
0.023,715.715715715716,-1.85374307750144,0.000165124989247993
0.023,716.716716716717,-1.98777569233308,0.0001648744788005
0.023,717.717717717718,-1.7310209465219,0.000165141276507322
0.023,718.718718718719,-1.76844756070808,0.000164859486647446
0.023,719.71971971972,-1.82484521893868,0.000164550929574309
0.023,720.720720720721,-1.70505911788826,0.000164811034215128
0.023,721.721721721722,-1.81230469043026,0.000165231485545661
0.023,722.722722722723,-1.8637668379032,0.000165062037698044
0.023,723.723723723724,-1.85379392415988,0.000164641499095249
0.023,724.724724724725,-1.62018833641951,0.000165196380953616
0.023,725.725725725726,-1.56067993118021,0.000164878293350095
0.023,726.726726726727,-1.95239129735801,0.000164670809713526
0.023,727.727727727728,-1.92580236826435,0.000164865308517798
0.023,728.728728728729,-1.75738780605868,0.000165623251963624
0.023,729.72972972973,-1.86374565342877,0.000164565109437554
0.023,730.730730730731,-1.64383049927808,0.000165086453376059
0.023,731.731731731732,-1.70855082996905,0.000165250874611534
0.023,732.732732732733,-1.70369897701359,0.0001652713670901
0.023,733.733733733734,-1.95954087322844,0.000164897600546833
0.023,734.734734734735,-1.65622477147097,0.000165229670505782
0.023,735.735735735736,-1.48485996392492,0.000165420480206995
0.023,736.736736736737,-1.75193727040473,0.000165265791649365
0.023,737.737737737738,-1.7294111163898,0.000164608907368802
0.023,738.738738738739,-1.900969432193,0.000164538873022884
0.023,739.73973973974,-1.86523334366594,0.000165280858976374
0.023,740.740740740741,-1.54051971748775,0.000165329810140892
0.023,741.741741741742,-1.91597868991769,0.000164391697455921
0.023,742.742742742743,-1.92530002758073,0.000164732147255192
0.023,743.743743743744,-1.77779746663655,0.000165697358975955
0.023,744.744744744745,-1.49234254967647,0.000165468889649208
0.023,745.745745745746,-1.78233562946863,0.000164580621054376
0.023,746.746746746747,-2.01039364103015,0.00016462536177272
0.023,747.747747747748,-1.70920154566466,0.000165138295683861
0.023,748.748748748749,-1.7407654083141,0.000165506109037274
0.023,749.74974974975,-1.78046084791037,0.000164969277972211
0.023,750.750750750751,-1.87164715038934,0.000164714241700316
0.023,751.751751751752,-1.75411601187661,0.000165354087804225
0.023,752.752752752753,-1.69747647614993,0.000165542594422155
0.023,753.753753753754,-1.90874550629513,0.000164772935233072
0.023,754.754754754755,-1.71791820730534,0.000164846673012083
0.023,755.755755755756,-1.60727456384912,0.000165296809127504
0.023,756.756756756757,-1.63950249450741,0.000165393092632426
0.023,757.757757757758,-1.6591706657519,0.000164156363748778
0.023,758.758758758759,-1.7015956014122,0.000165591275019169
0.023,759.75975975976,-1.77932946304435,0.000165237173747327
0.023,760.760760760761,-1.78008389121573,0.000164933658321122
0.023,761.761761761762,-1.93161997267668,0.000164506948700197
0.023,762.762762762763,-1.63074692391668,0.000165622243751697
0.023,763.763763763764,-1.98611243779409,0.000165227485586557
0.023,764.764764764765,-1.91808379782938,0.000165325863214663
0.023,765.765765765766,-1.71941684710604,0.000165010669103612
0.023,766.766766766767,-1.67514578652961,0.00016459853718059
0.023,767.767767767768,-2.00343188767649,0.000164667699861021
0.023,768.768768768769,-1.64054845460544,0.000164414594326418
0.023,769.76976976977,-1.63029363152957,0.000165598831469778
0.023,770.770770770771,-1.96681372763702,0.000164468012409499
0.023,771.771771771772,-2.0032713072391,0.000165022550875594
0.023,772.772772772773,-1.68045937241724,0.000165572084459518
0.023,773.773773773774,-1.66062980077321,0.000165142766654769
0.023,774.774774774775,-1.75435825380666,0.00016471445847146
0.023,775.775775775776,-1.62517862004547,0.000165236847034276
0.023,776.776776776777,-1.69932591136358,0.000165075597199981
0.023,777.777777777778,-1.91780579371719,0.000165171139008135
0.023,778.778778778779,-1.88069510411106,0.000165162820716486
0.023,779.77977977978,-1.60933503370172,0.000164776205593715
0.023,780.780780780781,-1.49425824373632,0.000164766569056309
0.023,781.781781781782,-1.95713760596501,0.000164364955848789
0.023,782.782782782783,-1.92314708507295,0.000164747246120024
0.023,783.783783783784,-1.52882658777855,0.000165126329811018
0.023,784.784784784785,-1.74029930493836,0.000165032203093816
0.023,785.785785785786,-1.97169199659832,0.00016482105901426
0.023,786.786786786787,-1.62629235607255,0.000165595647500452
0.023,787.787787787788,-2.07878021720559,0.000164926620159688
0.023,788.788788788789,-1.47123179663983,0.000165764441452129
0.023,789.78978978979,-1.61259882367907,0.000165111584616147
0.023,790.790790790791,-2.11111595629942,0.000164739534505676
0.023,791.791791791792,-1.6157919992584,0.000165224382370502
0.023,792.792792792793,-1.80498564369242,0.000164781953640895
0.023,793.793793793794,-1.87654370512284,0.00016421399791608
0.023,794.794794794795,-1.65283715695428,0.000165215971168545
0.023,795.795795795796,-1.84503063317405,0.000165419019189455
0.023,796.796796796797,-1.88768709518019,0.000164334094943901
0.023,797.797797797798,-1.5350793435455,0.000165605685924863
0.023,798.798798798799,-1.68373774062869,0.000165456058218761
0.023,799.7997997998,-1.77450868953888,0.000165106527405857
0.023,800.800800800801,-1.83645647205545,0.000164200128497773
0.023,801.801801801802,-1.73689001329813,0.000165823397506427
0.023,802.802802802803,-1.86523632296539,0.000164987384147577
0.023,803.803803803804,-1.9557332169403,0.00016487876765076
0.023,804.804804804805,-1.66994634616345,0.000165072304698259
0.023,805.805805805806,-1.77781407913159,0.000164340197659446
0.023,806.806806806807,-1.52536356597951,0.000165782910400553
0.023,807.807807807808,-1.73336499058328,0.000164593526073076
0.023,808.808808808809,-1.94601347185782,0.000164736435929263
0.023,809.80980980981,-1.8618681530626,0.00016531736538647
0.023,810.810810810811,-1.60355174948607,0.000164996591136312
0.023,811.811811811812,-1.85041397280864,0.000164823993147648
0.023,812.812812812813,-1.82080857346557,0.00016447399972128
0.023,813.813813813814,-1.72670491355779,0.000165382448118012
0.023,814.814814814815,-1.78769792630416,0.000165077438433285
0.023,815.815815815816,-1.73780783381461,0.000164732936640438
0.023,816.816816816817,-1.85341266934102,0.00016476989209745
0.023,817.817817817818,-1.76031035703299,0.000164758914350993
0.023,818.818818818819,-1.47098068055813,0.000165711674974532
0.023,819.81981981982,-1.89236747129491,0.00016456469057768
0.023,820.820820820821,-1.79367212581209,0.000164858483544998
0.023,821.821821821822,-1.69823403819901,0.000165422453405826
0.023,822.822822822823,-1.77209977882126,0.000164741734107313
0.023,823.823823823824,-1.67786335770215,0.000164598392353269
0.023,824.824824824825,-1.70055184421603,0.000165475873720634
0.023,825.825825825826,-1.60555447409487,0.000165229467183728
0.023,826.826826826827,-2.04511217482178,0.000164640136802253
0.023,827.827827827828,-1.63863951395079,0.00016529191594913
0.023,828.828828828829,-1.8500360307545,0.000164603197378436
0.023,829.82982982983,-1.67271257089949,0.000165209805553543
0.023,830.830830830831,-1.62968571729762,0.000164605627200307
0.023,831.831831831832,-1.7630970977117,0.000164430795076971
0.023,832.832832832833,-1.82349596749557,0.000165362045613273
0.023,833.833833833834,-1.58264294727064,0.000165174533170883
0.023,834.834834834835,-1.77727497531096,0.00016451655698864
0.023,835.835835835836,-1.54840582541979,0.000165720854947627
0.023,836.836836836837,-1.70014824667116,0.000165493382145607
0.023,837.837837837838,-1.81351402328058,0.00016474965650238
0.023,838.838838838839,-1.81819201148244,0.00016469853686294
0.023,839.83983983984,-1.89617740914416,0.00016474365397962
0.023,840.840840840841,-1.61833667209213,0.000165020996947745
0.023,841.841841841842,-1.60366650231895,0.000164578568746705
0.023,842.842842842843,-1.87178924484772,0.000164966270250569
0.023,843.843843843844,-1.84460853499638,0.000164576300666294
0.023,844.844844844845,-1.56863128182111,0.000165704787219734
0.023,845.845845845846,-1.67703247916385,0.000165236992331433
0.023,846.846846846847,-1.85814873381872,0.000164417168799421
0.023,847.847847847848,-1.7095679873886,0.000165133122130131
0.023,848.848848848849,-1.63275983612067,0.000165569577525614
0.023,849.84984984985,-1.62690697136793,0.000165637019720905
0.023,850.850850850851,-1.90705175744619,0.00016452292345905
0.023,851.851851851852,-1.70358073499532,0.000165130402183782
0.023,852.852852852853,-1.58012639463456,0.000165260085006589
0.023,853.853853853854,-1.87319900360156,0.000164202299674259
0.023,854.854854854855,-1.74674948010215,0.000165638076913361
0.023,855.855855855856,-1.74910310604268,0.000164556382504991
0.023,856.856856856857,-1.89536552829098,0.000164523091073476
0.023,857.857857857858,-1.66156763468472,0.000164920049075171
0.023,858.858858858859,-1.57027478392889,0.000164637411335316
0.023,859.85985985986,-1.62114315396947,0.000164781369398322
0.023,860.860860860861,-1.81705768065819,0.0001650028787328
0.023,861.861861861862,-1.58996662736063,0.000164868236895681
0.023,862.862862862863,-2.01650975835141,0.000164478182681977
0.023,863.863863863864,-1.84850351264339,0.000164218303034453
0.023,864.864864864865,-1.60148691858936,0.000165122317166309
0.023,865.865865865866,-1.78159820809529,0.000164865131506628
0.023,866.866866866867,-2.02496835810143,0.0001649810272501
0.023,867.867867867868,-1.7673859374858,0.000165114659289592
0.023,868.868868868869,-1.73838428492745,0.000165004911424768
0.023,869.86986986987,-1.63635133467976,0.000164914749076502
0.023,870.870870870871,-1.95242379923815,0.000164080139003945
0.023,871.871871871872,-1.85650857191103,0.000164704087695951
0.023,872.872872872873,-1.8689962341624,0.000165136915067213
0.023,873.873873873874,-1.64661574792129,0.000165073347971788
0.023,874.874874874875,-1.71925385198928,0.000164911473958757
0.023,875.875875875876,-2.01906102171991,0.000164486764317383
0.023,876.876876876877,-1.77068478684543,0.000164949987219775
0.023,877.877877877878,-1.55045190761811,0.000165000685297777
0.023,878.878878878879,-1.95956077049879,0.000165023804988572
0.023,879.87987987988,-1.97074452837695,0.000165132427358354
0.023,880.880880880881,-1.68591643083379,0.000165607470249135
0.023,881.881881881882,-1.76522710609664,0.000165590283310274
0.023,882.882882882883,-1.4252838736414,0.000165115737096156
0.023,883.883883883884,-1.76940974737677,0.000164274237506912
0.023,884.884884884885,-1.8815110537588,0.000165135669998602
0.023,885.885885885886,-1.63185238326528,0.000165891940060468
0.023,886.886886886887,-1.58725848064655,0.000165501404968378
0.023,887.887887887888,-1.81266314781834,0.000164561624537494
0.023,888.888888888889,-1.66759034366789,0.0001651418043107
0.023,889.88988988989,-1.69366245900615,0.000165397754004865
0.023,890.890890890891,-1.91268578649774,0.000164970598625884
0.023,891.891891891892,-2.0861539440161,0.000164575385305946
0.023,892.892892892893,-1.93492001701418,0.000165322082552078
0.023,893.893893893894,-1.68613764939079,0.000164785023792157
0.023,894.894894894895,-1.81337196044426,0.000164925919573675
0.023,895.895895895896,-2.0754484597514,0.000164962545263694
0.023,896.896896896897,-1.70014506212838,0.00016569515884575
0.023,897.897897897898,-1.58093003950695,0.000165448623221071
0.023,898.898898898899,-1.80845654065879,0.000164734606148241
0.023,899.8998998999,-2.07154006163465,0.000164690531365416
0.023,900.900900900901,-1.88961801359046,0.000164825936922924
0.023,901.901901901902,-1.7793791215002,0.000165680858939098
0.023,902.902902902903,-1.72878306727995,0.00016554976901257
0.023,903.903903903904,-1.71895409453284,0.000165474946614355
0.023,904.904904904905,-1.86156204319239,0.000164781408805919
0.023,905.905905905906,-1.89137838100497,0.000164462390631069
0.023,906.906906906907,-1.64129821376499,0.000165237381180456
0.023,907.907907907908,-1.74380852023598,0.000164708153843372
0.023,908.908908908909,-1.97502441215388,0.000164505191685213
0.023,909.90990990991,-1.72441471492442,0.000165216932279292
0.023,910.910910910911,-1.83482748553859,0.000165163328434323
0.023,911.911911911912,-1.95734939832942,0.000163880518445496
0.023,912.912912912913,-1.67019831762869,0.000165192063032179
0.023,913.913913913914,-1.65346750396476,0.000164876215729943
0.023,914.914914914915,-1.702820542799,0.000164696448612722
0.023,915.915915915916,-1.86284748543352,0.000164762667880479
0.023,916.916916916917,-1.98903643504218,0.000164478692983919
0.023,917.917917917918,-1.85073479584851,0.000164947888104571
0.023,918.918918918919,-1.65063180449902,0.000165510692651654
0.023,919.91991991992,-1.64976258494282,0.000165045862142512
0.023,920.920920920921,-1.85127989104816,0.000164971553041451
0.023,921.921921921922,-1.87258454233608,0.000164728286661552
0.023,922.922922922923,-1.55889460537621,0.000165285070303493
0.023,923.923923923924,-1.73752561530573,0.000164866527275526
0.023,924.924924924925,-1.92173614370497,0.000164706589990212
0.023,925.925925925926,-1.83893943907305,0.000165314570736004
0.023,926.926926926927,-1.73219670402252,0.000165102165026074
0.023,927.927927927928,-1.54663818314078,0.000165601789271216
0.023,928.928928928929,-1.84736675975441,0.000164502475321372
0.023,929.92992992993,-1.85477959089938,0.000165088165639048
0.023,930.930930930931,-1.46904234505463,0.000165309251121631
0.023,931.931931931932,-1.85186910948936,0.000165167384304055
0.023,932.932932932933,-1.96569102440416,0.000164183954821589
0.023,933.933933933934,-1.78205176388655,0.000165506199128559
0.023,934.934934934935,-1.65321955377792,0.000165283789879631
0.023,935.935935935936,-1.82452563924117,0.000165138151561296
0.023,936.936936936937,-1.80888516061262,0.000164591449568789
0.023,937.937937937938,-1.76170979756422,0.000165220699316598
0.023,938.938938938939,-1.77824326469825,0.000165607479117312
0.023,939.93993993994,-1.6772238065605,0.00016479205208701
0.023,940.940940940941,-2.00877954555151,0.000164378345152195
0.023,941.941941941942,-1.92452599179817,0.000164552313009979
0.023,942.942942942943,-1.86476797958556,0.000165012865886226
0.023,943.943943943944,-1.5802302183865,0.000165801027088526
0.023,944.944944944945,-1.59021101986273,0.000165232245977189
0.023,945.945945945946,-1.99557155799555,0.00016505084717406
0.023,946.946946946947,-1.44520281309347,0.00016467100293408
0.023,947.947947947948,-1.76352500234191,0.000165190755299029
0.023,948.948948948949,-2.00819602024199,0.000164734480995354
0.023,949.94994994995,-2.08016523033464,0.000165029501529848
0.023,950.950950950951,-1.80902913742126,0.000165014357501914
0.023,951.951951951952,-1.7897727345228,0.00016561370616353
0.023,952.952952952953,-1.82970447011688,0.00016539024066182
0.023,953.953953953954,-1.88135411931035,0.000164632142169714
0.023,954.954954954955,-1.79290476462122,0.000164974344755434
0.023,955.955955955956,-1.79173668261545,0.000165386238823367
0.023,956.956956956957,-1.63586981969098,0.000165043594590668
0.023,957.957957957958,-1.85999158055973,0.000164314746460217
0.023,958.958958958959,-1.90187193859902,0.0001649212103953
0.023,959.95995995996,-1.70999807723758,0.000165169799560973
0.023,960.960960960961,-1.79200374862946,0.000165444073904807
0.023,961.961961961962,-1.90195138149913,0.0001653401405104
0.023,962.962962962963,-1.63618675339456,0.000165078717917472
0.023,963.963963963964,-1.634972212103,0.000165166741214372
0.023,964.964964964965,-1.97543236657111,0.00016495950929309
0.023,965.965965965966,-1.6295015691484,0.00016503191426139
0.023,966.966966966967,-1.5933317790274,0.000165400666525742
0.023,967.967967967968,-1.62238887992119,0.000165339170590206
0.023,968.968968968969,-1.84450859939842,0.000164465315543902
0.023,969.96996996997,-1.93926753595997,0.000164358082012919
0.023,970.970970970971,-1.70097682199607,0.000164701707618095
0.023,971.971971971972,-1.53962082288237,0.0001649772659683
0.023,972.972972972973,-1.67594181373721,0.000165503046403408
0.023,973.973973973974,-1.89890111189566,0.00016478065859335
0.023,974.974974974975,-1.82883641511632,0.000165012183212757
0.023,975.975975975976,-1.72461999265661,0.000165218453201077
0.023,976.976976976977,-1.54485201158975,0.000165517274659886
0.023,977.977977977978,-1.6426513502106,0.000165313065906144
0.023,978.978978978979,-1.78024816813294,0.000164649718603623
0.023,979.97997997998,-1.9762651331475,0.000164248932074677
0.023,980.980980980981,-1.60684793720886,0.000165113408641663
0.023,981.981981981982,-1.75645125740367,0.000165299857959901
0.023,982.982982982983,-1.82135566896143,0.000164793375207329
0.023,983.983983983984,-2.00720019323824,0.000164622471040544
0.023,984.984984984985,-1.67328079635296,0.000165423215892891
0.023,985.985985985986,-1.92281802858237,0.000164734316669789
0.023,986.986986986987,-1.95918102509988,0.000165256489929702
0.023,987.987987987988,-1.5583373186806,0.000165456176676468
0.023,988.988988988989,-1.68031159777548,0.000164616217272334
0.023,989.98998998999,-1.7801460579802,0.000164249391810389
0.023,990.990990990991,-2.03173645412105,0.000164292242432358
0.023,991.991991991992,-1.78416261951834,0.000165095019976674
0.023,992.992992992993,-1.85966575782479,0.000165983203765889
0.023,993.993993993994,-1.82283104722645,0.00016517703452547
0.023,994.994994994995,-1.77989473724152,0.000165079087620628
0.023,995.995995995996,-1.62117616630758,0.000166199363710061
0.023,996.996996996997,-2.00205400557509,0.000165270589744432
0.023,997.997997997998,-1.79695891202244,0.000164882888945324
0.023,998.998998998999,-1.82268062963557,0.000165451933870255
0.023,1000.0,-1.69450041346416,0.000165525336361687
0.034,0.0,-1.92796547792619,0.000221573788684851
0.034,1.001001001001,-1.71805573754915,0.000243905020224655
0.034,2.002002002002,-1.63731566547361,0.000243965122270642
0.034,3.003003003003,-2.00084847184193,0.000243525740963922
0.034,4.004004004004,-1.87954873700933,0.000243664848075174
0.034,5.00500500500501,-1.60040882475888,0.000244384138542141
0.034,6.00600600600601,-1.74756573240003,0.000243876088471359
0.034,7.00700700700701,-1.87535709223896,0.000243519809210391
0.034,8.00800800800801,-1.80436511446388,0.00024389325003901
0.034,9.00900900900901,-1.74108889982093,0.000243928606816179
0.034,10.01001001001,-1.75726195641656,0.000243840066287239
0.034,11.011011011011,-1.74853173969646,0.000244027563929756
0.034,12.012012012012,-1.75446724115721,0.000243729007048027
0.034,13.013013013013,-1.91728184297296,0.000243236316543
0.034,14.014014014014,-1.81191861112013,0.000244326696127151
0.034,15.015015015015,-1.69874632790765,0.000244252599040132
0.034,16.016016016016,-1.86574922314211,0.000243430315969045
0.034,17.017017017017,-1.83659291745881,0.000243574354667862
0.034,18.018018018018,-1.57301588024605,0.000244377379464011
0.034,19.019019019019,-1.80675490050166,0.00024436232088772
0.034,20.02002002002,-1.81122338734054,0.000243485782601099
0.034,21.021021021021,-1.92459897616737,0.000243631799373309
0.034,22.022022022022,-1.72307577343152,0.000243716276104014
0.034,23.023023023023,-1.65738661886188,0.000244108251247158
0.034,24.024024024024,-1.82276312312833,0.000243640629141492
0.034,25.025025025025,-1.88578566975966,0.00024359502867978
0.034,26.026026026026,-1.86847284956533,0.000244199065612016
0.034,27.027027027027,-1.72359995749183,0.000243489299273901
0.034,28.028028028028,-1.91576406350792,0.000243349051456628
0.034,29.029029029029,-1.90837223312526,0.000244125818577972
0.034,30.03003003003,-1.75599314571256,0.000244514354865103
0.034,31.031031031031,-1.85595521390613,0.000243607693494206
0.034,32.032032032032,-1.90668741345192,0.000243862004102527
0.034,33.033033033033,-1.72711872384991,0.000244412899979448
0.034,34.034034034034,-1.6423156950105,0.000244299381905917
0.034,35.035035035035,-1.77235821532973,0.000243815414222377
0.034,36.036036036036,-1.77749076234586,0.000243672257349277
0.034,37.037037037037,-1.62564572403474,0.000244282032285922
0.034,38.038038038038,-1.61666301530509,0.000243490055829271
0.034,39.039039039039,-1.78433465960613,0.000243283935601563
0.034,40.04004004004,-1.93998531818245,0.000243605936303033
0.034,41.041041041041,-1.83128595387714,0.000244114813522227
0.034,42.042042042042,-1.6712282428262,0.00024387540920421
0.034,43.043043043043,-1.83021824663926,0.000243978032516281
0.034,44.044044044044,-1.83048649113951,0.000243600728803565
0.034,45.0450450450451,-1.87771907239225,0.00024409651718025
0.034,46.0460460460461,-1.63710749452847,0.000244592096009538
0.034,47.0470470470471,-1.67012021567208,0.000244218832309548
0.034,48.0480480480481,-1.8275994746818,0.000243087346785183
0.034,49.0490490490491,-1.81851648559116,0.000243728182131342
0.034,50.0500500500501,-1.72530685604231,0.00024352366675009
0.034,51.0510510510511,-1.73080586568618,0.000243997842967404
0.034,52.0520520520521,-1.85324691560786,0.000243697599781192
0.034,53.0530530530531,-1.81270748381379,0.000243345039986512
0.034,54.0540540540541,-2.01953567669175,0.000243863602664911
0.034,55.0550550550551,-1.79392785245722,0.000243880059594204
0.034,56.0560560560561,-1.66506168221955,0.000244265012139271
0.034,57.0570570570571,-1.66175439271283,0.000243699849596681
0.034,58.0580580580581,-2.02559244941627,0.000243749392344979
0.034,59.0590590590591,-1.72775936363152,0.000243917044885879
0.034,60.0600600600601,-1.65219787123431,0.000243982239791055
0.034,61.0610610610611,-1.84399391646338,0.000243712732121925
0.034,62.0620620620621,-1.86360259414802,0.000243721834865528
0.034,63.0630630630631,-1.78359722506048,0.000244309633401503
0.034,64.0640640640641,-1.88174488391478,0.000243541255223578
0.034,65.0650650650651,-1.82331305302385,0.000242908367350048
0.034,66.0660660660661,-1.71898250957655,0.000243710308114289
0.034,67.0670670670671,-1.69996434382755,0.000243706041405108
0.034,68.0680680680681,-1.78706000853801,0.000243493615374719
0.034,69.0690690690691,-1.88017688474861,0.000243824112377411
0.034,70.0700700700701,-1.77045551128882,0.000244011979194518
0.034,71.0710710710711,-1.82283977961184,0.000244188170556908
0.034,72.0720720720721,-1.86162559645008,0.0002435722368179
0.034,73.0730730730731,-1.68401034238482,0.000244616519968433
0.034,74.0740740740741,-1.86362690410857,0.000244004234045538
0.034,75.0750750750751,-1.82810379548063,0.000243755622680057
0.034,76.0760760760761,-1.61323508722267,0.000244112822704501
0.034,77.0770770770771,-1.91387705362319,0.000243052818331019
0.034,78.0780780780781,-1.64730489904646,0.000244048439678027
0.034,79.0790790790791,-1.92196252639081,0.000243343133093458
0.034,80.0800800800801,-1.67637692577379,0.000244001993274416
0.034,81.0810810810811,-1.65205591313322,0.000243948916234421
0.034,82.0820820820821,-1.9138727455695,0.000243786001649425
0.034,83.0830830830831,-1.78985358342379,0.000244046397648045
0.034,84.0840840840841,-1.57861914639375,0.000243700723611354
0.034,85.0850850850851,-1.72009374624661,0.000243876769559127
0.034,86.0860860860861,-1.91969482470183,0.000243537344122437
0.034,87.0870870870871,-1.75902073635167,0.000243775121100541
0.034,88.0880880880881,-1.75029154605553,0.000244085678446878
0.034,89.0890890890891,-1.98528779081078,0.000243355963114393
0.034,90.0900900900901,-1.72218380409519,0.000244345345669253
0.034,91.0910910910911,-1.7679545263865,0.000243490119609673
0.034,92.0920920920921,-1.86552226991503,0.000243392006558647
0.034,93.0930930930931,-1.75179512809547,0.000243834622694572
0.034,94.0940940940941,-1.82987809158869,0.000243839359475883
0.034,95.0950950950951,-1.9765614810054,0.000243034897506433
0.034,96.0960960960961,-1.82537166316119,0.000244094086301245
0.034,97.0970970970971,-1.75729578528073,0.000244612433441823
0.034,98.0980980980981,-1.80694247164547,0.000243271703272291
0.034,99.0990990990991,-1.85544707865302,0.00024295211236588
0.034,100.1001001001,-1.68269004683525,0.000244234812588989
0.034,101.101101101101,-1.67372367621028,0.000243560010772701
0.034,102.102102102102,-1.91333475478639,0.00024293593639924
0.034,103.103103103103,-1.78308260226566,0.000243849448760172
0.034,104.104104104104,-1.89912092268925,0.000244122888027092
0.034,105.105105105105,-1.60404910478641,0.000244263409994378
0.034,106.106106106106,-1.92140818100937,0.000243269230342855
0.034,107.107107107107,-1.86545346872492,0.000243305453147465
0.034,108.108108108108,-1.6423462576647,0.000243801212276783
0.034,109.109109109109,-1.91138450456057,0.000243609775401622
0.034,110.11011011011,-1.79907768413391,0.000243523057606145
0.034,111.111111111111,-1.77322061207905,0.00024440645886365
0.034,112.112112112112,-1.88059759628394,0.000243340810159552
0.034,113.113113113113,-1.83712716924197,0.00024371892428273
0.034,114.114114114114,-1.87095177229876,0.000243552341150053
0.034,115.115115115115,-1.80871432479884,0.000243738333669062
0.034,116.116116116116,-1.82746059686384,0.000243254633968922
0.034,117.117117117117,-1.73483689683617,0.000243025335614415
0.034,118.118118118118,-1.57475250448522,0.000243451174861906
0.034,119.119119119119,-1.91902986505599,0.000243030609772037
0.034,120.12012012012,-1.75353145022912,0.000244245984084566
0.034,121.121121121121,-1.78821012501226,0.000244297498211075
0.034,122.122122122122,-1.78783292343701,0.000243666925812785
0.034,123.123123123123,-1.65257967076915,0.000244070209409053
0.034,124.124124124124,-1.64711545700782,0.000244054450481668
0.034,125.125125125125,-1.7690758048535,0.000244301224607462
0.034,126.126126126126,-1.8748780010051,0.000243795691278435
0.034,127.127127127127,-1.76536796037145,0.000244208099348278
0.034,128.128128128128,-1.94534038414202,0.000243882825056033
0.034,129.129129129129,-1.94836557150025,0.00024327273309673
0.034,130.13013013013,-1.90076738400174,0.000244237314295953
0.034,131.131131131131,-1.87310154078383,0.000244359017579742
0.034,132.132132132132,-1.75960170880307,0.000243647529581894
0.034,133.133133133133,-1.8714816689917,0.000243328882519712
0.034,134.134134134134,-1.77184672734967,0.000244567671756994
0.034,135.135135135135,-1.61736771898055,0.000243649772408555
0.034,136.136136136136,-1.82006749410641,0.000243938733276338
0.034,137.137137137137,-1.80522679445595,0.000243825479838617
0.034,138.138138138138,-1.74220633507591,0.000244288860665041
0.034,139.139139139139,-1.73781771321617,0.000243779929708216
0.034,140.14014014014,-1.84068209790999,0.000243953339105745
0.034,141.141141141141,-1.72249042345552,0.000243825613977141
0.034,142.142142142142,-1.89348414688591,0.000243451130873397
0.034,143.143143143143,-1.92443675803778,0.000243382361329253
0.034,144.144144144144,-1.83081105486775,0.000243691212931592
0.034,145.145145145145,-1.73417965526733,0.000244300116555128
0.034,146.146146146146,-1.80100484130475,0.000243418051044816
0.034,147.147147147147,-1.98968941425087,0.000243623428577352
0.034,148.148148148148,-1.72264213624718,0.000244003981566767
0.034,149.149149149149,-1.73571842126081,0.000243927727692026
0.034,150.15015015015,-1.84537597871448,0.000243114630055891
0.034,151.151151151151,-1.97929143257635,0.00024327430200064
0.034,152.152152152152,-1.6496756977739,0.000243849906381617
0.034,153.153153153153,-1.88867978930635,0.00024401699224011
0.034,154.154154154154,-1.55661527736469,0.000243954800299474
0.034,155.155155155155,-1.82638298447333,0.000243565817373344
0.034,156.156156156156,-1.66649505232199,0.000243662037274054
0.034,157.157157157157,-1.6861151201425,0.000243976454391816
0.034,158.158158158158,-1.79187440103817,0.000243728832209855
0.034,159.159159159159,-1.89935967355989,0.000243685829654277
0.034,160.16016016016,-1.75053936545542,0.000243969365370503
0.034,161.161161161161,-1.71222436638458,0.000243828052197352
0.034,162.162162162162,-1.91375985580782,0.000243543818890325
0.034,163.163163163163,-1.97069291128702,0.000243304933624968
0.034,164.164164164164,-1.79545641609154,0.000243505711157551
0.034,165.165165165165,-1.82714788255428,0.000244039084162004
0.034,166.166166166166,-1.78668578423093,0.000243595824760206
0.034,167.167167167167,-1.6504125960317,0.00024400303231941
0.034,168.168168168168,-1.81328046661077,0.000243424841014744
0.034,169.169169169169,-1.90108425437232,0.000244056886646342
0.034,170.17017017017,-1.72597913489153,0.00024407969577474
0.034,171.171171171171,-1.6787339068425,0.000243962228660713
0.034,172.172172172172,-1.74892284475291,0.000243508636540221
0.034,173.173173173173,-1.87179851562485,0.000243405277110698
0.034,174.174174174174,-1.82669033154679,0.000243758306037834
0.034,175.175175175175,-1.73333890210417,0.000244222703063418
0.034,176.176176176176,-1.74190295956818,0.000243036598258411
0.034,177.177177177177,-1.83082055717404,0.000243430462264606
0.034,178.178178178178,-1.81640408621782,0.000244364304540429
0.034,179.179179179179,-1.68112988426956,0.000244622980582475
0.034,180.18018018018,-1.72913903350916,0.000243126740462407
0.034,181.181181181181,-1.87094745857998,0.000243952423804126
0.034,182.182182182182,-1.80084105167229,0.00024383263962916
0.034,183.183183183183,-1.6214074718025,0.000243677117756504
0.034,184.184184184184,-1.85487601385349,0.000243378471958083
0.034,185.185185185185,-1.67552176304681,0.000243537544566738
0.034,186.186186186186,-1.72406724832538,0.000243869734157986
0.034,187.187187187187,-1.79889307799383,0.000243224169606641
0.034,188.188188188188,-1.83921977061485,0.000244116677014069
0.034,189.189189189189,-1.62427743737109,0.000244415722761417
0.034,190.19019019019,-1.81517281146151,0.000243307329031263
0.034,191.191191191191,-1.8597078157962,0.000243252112235146
0.034,192.192192192192,-1.83171677997246,0.000244258188634713
0.034,193.193193193193,-1.76594376971861,0.000244227509674285
0.034,194.194194194194,-1.79845975494462,0.000243446115067511
0.034,195.195195195195,-1.78577259917531,0.000243822556100376
0.034,196.196196196196,-1.60473991812601,0.000244118869509418
0.034,197.197197197197,-1.78152493937748,0.000243380290639201
0.034,198.198198198198,-1.80475898498817,0.000243608951894448
0.034,199.199199199199,-1.7338075219506,0.000244543274108983
0.034,200.2002002002,-1.72119172137076,0.000244492484353995
0.034,201.201201201201,-1.72052106222144,0.000243668599314204
0.034,202.202202202202,-1.82091000944035,0.000243423765909743
0.034,203.203203203203,-1.67602708549801,0.000243904945285619
0.034,204.204204204204,-1.64575284478832,0.000243943532839646
0.034,205.205205205205,-1.69712077250553,0.000243629918145112
0.034,206.206206206206,-1.81016294440573,0.000243282336628071
0.034,207.207207207207,-1.87324246893276,0.000244253285765947
0.034,208.208208208208,-1.72756040435971,0.000243702185216191
0.034,209.209209209209,-1.83322496356669,0.000243992998123534
0.034,210.21021021021,-1.85658427075076,0.000243478710376467
0.034,211.211211211211,-1.925660045521,0.000244074441115362
0.034,212.212212212212,-1.7080845764621,0.000244292866203462
0.034,213.213213213213,-1.75344587764045,0.000243849194225863
0.034,214.214214214214,-1.83636430052669,0.000243615521863101
0.034,215.215215215215,-1.76960549637049,0.000243507115735896
0.034,216.216216216216,-1.84555934548727,0.000244272437094191
0.034,217.217217217217,-1.86709860009095,0.000244056313386214
0.034,218.218218218218,-1.86881628344357,0.000243487745815889
0.034,219.219219219219,-1.90903509332377,0.000243760105925463
0.034,220.22022022022,-1.6888340457709,0.000243717133674385
0.034,221.221221221221,-1.6552108993426,0.000244548317224156
0.034,222.222222222222,-1.81365160346716,0.000243828380084996
0.034,223.223223223223,-1.81034177546142,0.000243556008934248
0.034,224.224224224224,-1.81624603051734,0.00024421991551924
0.034,225.225225225225,-1.62738648643686,0.000244529753368616
0.034,226.226226226226,-1.82643136298075,0.000243993543428348
0.034,227.227227227227,-1.87981102730132,0.00024418920666542
0.034,228.228228228228,-1.77424786013111,0.000244344392721928
0.034,229.229229229229,-1.8530932650475,0.000243225662044545
0.034,230.23023023023,-1.93587342942927,0.000243148455339938
0.034,231.231231231231,-1.66876043931125,0.000244372651844525
0.034,232.232232232232,-1.67689589729415,0.000244388425043215
0.034,233.233233233233,-1.79294108447347,0.000243870241112338
0.034,234.234234234234,-1.86218228851444,0.000243010111009399
0.034,235.235235235235,-1.82071176036809,0.000244506760064031
0.034,236.236236236236,-1.73530135232596,0.000243776774986257
0.034,237.237237237237,-1.82306299118908,0.000243766948693347
0.034,238.238238238238,-1.73544561041397,0.000243950311592211
0.034,239.239239239239,-1.75115894747955,0.000243854555831936
0.034,240.24024024024,-1.9583814051104,0.000243572289146019
0.034,241.241241241241,-1.86444103301477,0.000243819453765266
0.034,242.242242242242,-1.72666547953724,0.000244002687870004
0.034,243.243243243243,-1.78634147287617,0.000244054665138545
0.034,244.244244244244,-1.86450089012949,0.000243597992412913
0.034,245.245245245245,-1.56420253909313,0.000243981781406125
0.034,246.246246246246,-1.79404619716784,0.000243432175878378
0.034,247.247247247247,-1.77700379882298,0.000244224927037861
0.034,248.248248248248,-1.74236251242717,0.000243798427610358
0.034,249.249249249249,-1.74029158271761,0.000243418908850106
0.034,250.25025025025,-1.5772527077752,0.000243593096121868
0.034,251.251251251251,-1.75434533125468,0.000243620660825066
0.034,252.252252252252,-1.82563761835031,0.000243259122088889
0.034,253.253253253253,-1.60323157713194,0.0002443202808524
0.034,254.254254254254,-1.98306100998095,0.000243254124078088
0.034,255.255255255255,-1.8124084446591,0.000243630540561959
0.034,256.256256256256,-1.70674473238427,0.000243740401833739
0.034,257.257257257257,-1.78532714671588,0.0002434487727017
0.034,258.258258258258,-1.74984332212316,0.00024431435409089
0.034,259.259259259259,-1.72636334361892,0.000243341938238698
0.034,260.26026026026,-1.7898009762886,0.000243348967062118
0.034,261.261261261261,-1.75491839714167,0.000244372228814845
0.034,262.262262262262,-1.87913678224461,0.000243770530144954
0.034,263.263263263263,-1.89807052498975,0.000243039737593202
0.034,264.264264264264,-1.89193640607677,0.00024355188159053
0.034,265.265265265265,-1.69789673593571,0.000244172015674213
0.034,266.266266266266,-1.82518169202614,0.000243685721063151
0.034,267.267267267267,-1.89591903469197,0.000243470672988741
0.034,268.268268268268,-1.71078608037919,0.000244143775697482
0.034,269.269269269269,-1.84609615948242,0.000244095234172283
0.034,270.27027027027,-1.89444775582209,0.00024331162346084
0.034,271.271271271271,-1.8658518579456,0.000243511000643612
0.034,272.272272272272,-1.70992954421501,0.000243968375658416
0.034,273.273273273273,-1.77921462801432,0.000243333596572649
0.034,274.274274274274,-1.77804365480196,0.000243848279335352
0.034,275.275275275275,-1.7314579108443,0.000244368702451651
0.034,276.276276276276,-1.89188985725314,0.00024303102387481
0.034,277.277277277277,-1.79533938719663,0.000243311504474566
0.034,278.278278278278,-1.70089760327743,0.000243720697565827
0.034,279.279279279279,-1.82080799664345,0.000244072254316788
0.034,280.28028028028,-1.85095722337292,0.000243423594477891
0.034,281.281281281281,-1.93408461126227,0.000243702813799651
0.034,282.282282282282,-1.75552410111643,0.000244361188168932
0.034,283.283283283283,-1.68717917614123,0.000243554491360054
0.034,284.284284284284,-1.8304949191867,0.000243472802584634
0.034,285.285285285285,-1.71308010538151,0.00024369973342943
0.034,286.286286286286,-1.66302144756611,0.000243856800890324
0.034,287.287287287287,-1.78910041089768,0.000243514755230232
0.034,288.288288288288,-1.75695256686738,0.000243815220355798
0.034,289.289289289289,-1.79192508341464,0.000243618174387811
0.034,290.29029029029,-1.96240057491705,0.000243045895220972
0.034,291.291291291291,-1.85203209361402,0.000243838810764749
0.034,292.292292292292,-1.67840864629916,0.000244656261090275
0.034,293.293293293293,-1.76475560720546,0.00024377209135528
0.034,294.294294294294,-1.86417659895151,0.000243537606996357
0.034,295.295295295295,-1.72868618912796,0.00024425567817703
0.034,296.296296296296,-1.84401907838538,0.000244155573016226
0.034,297.297297297297,-1.92199652369649,0.000244085818869475
0.034,298.298298298298,-1.98434772163909,0.000243047875995928
0.034,299.299299299299,-1.75112034217577,0.000244295314407714
0.034,300.3003003003,-1.85271554538577,0.000243782387544131
0.034,301.301301301301,-1.76332910501066,0.000243503293492718
0.034,302.302302302302,-1.73398402538882,0.000244351810922937
0.034,303.303303303303,-1.83323678259017,0.000244068859625473
0.034,304.304304304304,-1.846580422742,0.000243674113499912
0.034,305.305305305305,-1.83607381148538,0.00024360643568126
0.034,306.306306306306,-1.82226917473366,0.000243889717744121
0.034,307.307307307307,-1.618656816959,0.000243953626000092
0.034,308.308308308308,-1.76959073241004,0.000243724496845711
0.034,309.309309309309,-1.82847796675142,0.0002435207868829
0.034,310.31031031031,-1.79737908980776,0.000243619729548983
0.034,311.311311311311,-1.91579501049416,0.00024383389509292
0.034,312.312312312312,-1.70727810360384,0.000243407390379748
0.034,313.313313313313,-1.87503268667602,0.000243227069441913
0.034,314.314314314314,-1.54153674362998,0.000243594677593924
0.034,315.315315315315,-1.9512146449794,0.000243484751425878
0.034,316.316316316316,-1.81910833536747,0.000243561791279545
0.034,317.317317317317,-1.87621371024259,0.000243856755903411
0.034,318.318318318318,-1.8205805130464,0.000243785079300248
0.034,319.319319319319,-1.80510377211705,0.000243356813049909
0.034,320.32032032032,-1.69388854676046,0.000243660969040423
0.034,321.321321321321,-1.76733050476462,0.000243952599288325
0.034,322.322322322322,-1.8942061716823,0.00024398489302052
0.034,323.323323323323,-1.84616123751577,0.000243999056674382
0.034,324.324324324324,-1.7583976552462,0.000243423849188389
0.034,325.325325325325,-1.79492194299299,0.00024360163793857
0.034,326.326326326326,-1.83072937808159,0.00024372583670398
0.034,327.327327327327,-1.68728374641522,0.000243615230798949
0.034,328.328328328328,-1.85251014685273,0.000243691564487286
0.034,329.329329329329,-1.8171311025859,0.000243997629837499
0.034,330.33033033033,-1.79758437786664,0.000244047313654419
0.034,331.331331331331,-1.55905177409346,0.000243681438908072
0.034,332.332332332332,-1.95419517481952,0.00024321177019151
0.034,333.333333333333,-1.86830801610231,0.000244574668514025
0.034,334.334334334334,-1.66904691270818,0.000243939006369217
0.034,335.335335335335,-1.85196780137745,0.000243085139196313
0.034,336.336336336336,-1.829048229827,0.00024324235283531
0.034,337.337337337337,-1.83575437168328,0.000244333378798006
0.034,338.338338338338,-1.62486042184628,0.000244270562384985
0.034,339.339339339339,-1.95666915145481,0.000243340478924318
0.034,340.34034034034,-1.96386559280995,0.00024356856139885
0.034,341.341341341341,-1.76001767310493,0.000244630185947228
0.034,342.342342342342,-1.85286399403389,0.000243457240107934
0.034,343.343343343343,-1.62351028016782,0.000243857503355685
0.034,344.344344344344,-1.73273849463533,0.000243587647419722
0.034,345.345345345345,-1.85336424218861,0.000243121209421289
0.034,346.346346346346,-1.83700271486881,0.000243491101217068
0.034,347.347347347347,-1.62157874945691,0.000244035555567083
0.034,348.348348348348,-1.75095917949533,0.000243932286874871
0.034,349.349349349349,-1.77641038002039,0.0002428110197813
0.034,350.35035035035,-1.80134266181068,0.000243840323581842
0.034,351.351351351351,-1.69522941161574,0.000244284874566135
0.034,352.352352352352,-1.87483507884137,0.000243908968208017
0.034,353.353353353353,-1.77533506357304,0.000243450209287705
0.034,354.354354354354,-1.88765563963337,0.000244303518117812
0.034,355.355355355355,-1.78907751519747,0.000243474500693777
0.034,356.356356356356,-1.81294638871117,0.00024325313777232
0.034,357.357357357357,-1.78615376176726,0.000243733792692409
0.034,358.358358358358,-1.72567896599972,0.000243931241545804
0.034,359.359359359359,-1.91651230092204,0.000243394712762258
0.034,360.36036036036,-1.87553481591849,0.00024398114360211
0.034,361.361361361361,-1.71652208860084,0.000243463462808157
0.034,362.362362362362,-1.84704827836391,0.000243355787688924
0.034,363.363363363363,-1.86980492415355,0.000243480640878841
0.034,364.364364364364,-1.61852117270639,0.000244202674255451
0.034,365.365365365365,-1.72007111173885,0.00024379197974065
0.034,366.366366366366,-1.79845508190532,0.000244176361727153
0.034,367.367367367367,-1.72733360943752,0.000243858347418237
0.034,368.368368368368,-1.80403989061146,0.000243323402044824
0.034,369.369369369369,-1.81112542961205,0.000244525361389089
0.034,370.37037037037,-1.8648340784363,0.000244414934198386
0.034,371.371371371371,-1.93313480577483,0.000243448210247828
0.034,372.372372372372,-1.76528988561853,0.000243596192642743
0.034,373.373373373373,-1.83798727883037,0.000243309824630344
0.034,374.374374374374,-1.6626002980481,0.000244067215723798
0.034,375.375375375375,-1.73555361674061,0.00024441118413395
0.034,376.376376376376,-1.89694546067463,0.000243727851365945
0.034,377.377377377377,-1.83726152639376,0.000244210896641579
0.034,378.378378378378,-1.83741244331448,0.000243335354644766
0.034,379.379379379379,-1.86461113861973,0.000243768439016983
0.034,380.38038038038,-1.77963849867447,0.00024387643885246
0.034,381.381381381381,-1.69113919671907,0.000244270938665863
0.034,382.382382382382,-1.82854263443845,0.000243645885797678
0.034,383.383383383383,-1.69776488570863,0.000244445486420226
0.034,384.384384384384,-1.611472177025,0.000244430443466023
0.034,385.385385385385,-1.86655573900254,0.000244137847232812
0.034,386.386386386386,-1.98226269931632,0.000243804948539752
0.034,387.387387387387,-1.73603151253944,0.000244235837773785
0.034,388.388388388388,-1.87879428400802,0.000243543654329842
0.034,389.389389389389,-1.84495480703946,0.000244237568066777
0.034,390.39039039039,-1.67291915458052,0.000244157972416137
0.034,391.391391391391,-1.77535529517591,0.000243936728128576
0.034,392.392392392392,-1.9776158573385,0.000243541175879819
0.034,393.393393393393,-1.69155502766631,0.000244205105075727
0.034,394.394394394394,-1.91937158079138,0.000243512694348032
0.034,395.395395395395,-2.01064181380585,0.000243464899276703
0.034,396.396396396396,-1.97186629040914,0.000243937185632562
0.034,397.397397397397,-1.7158095013881,0.000244242013842666
0.034,398.398398398398,-1.91727172567787,0.000243144560800559
0.034,399.399399399399,-1.86578033051007,0.000243645464999725
0.034,400.4004004004,-1.81708361980758,0.000243073971341975
0.034,401.401401401401,-1.91306968895648,0.000243694232164245
0.034,402.402402402402,-1.67706721959221,0.000244688504608618
0.034,403.403403403403,-1.73927077040956,0.000243506246360865
0.034,404.404404404404,-1.79931212903204,0.000243715503456719
0.034,405.405405405405,-1.75868877882236,0.000243144043685977
0.034,406.406406406406,-1.69866618735871,0.000244253540417716
0.034,407.407407407407,-1.68735082343899,0.000244343119345624
0.034,408.408408408408,-1.85959146937086,0.000243079122989544
0.034,409.409409409409,-1.83983780414948,0.00024389516450819
0.034,410.41041041041,-1.75445327497255,0.000244118459106614
0.034,411.411411411411,-1.84949292369109,0.000242957364910991
0.034,412.412412412412,-1.70652338067377,0.00024406238233221
0.034,413.413413413413,-1.87035179145832,0.00024356976976143
0.034,414.414414414414,-1.87372500082732,0.000243499376283693
0.034,415.415415415415,-1.69259449193603,0.000243874798239646
0.034,416.416416416416,-1.80433703679289,0.000243523608725195
0.034,417.417417417417,-1.77009054569538,0.000243666706222618
0.034,418.418418418418,-1.73949578670896,0.00024452489607406
0.034,419.419419419419,-1.78888535489584,0.000243896950359432
0.034,420.42042042042,-1.92886216238881,0.000243460778863084
0.034,421.421421421421,-1.71085439916005,0.000243520353458072
0.034,422.422422422422,-1.77008692162695,0.000243769426438614
0.034,423.423423423423,-1.70897933881029,0.000243507566133593
0.034,424.424424424424,-1.72223711214008,0.000243868781915417
0.034,425.425425425425,-1.85776259076211,0.000244372826506508
0.034,426.426426426426,-1.83633082420862,0.000242891581358518
0.034,427.427427427427,-1.88455710522597,0.000243954724773142
0.034,428.428428428428,-1.76784344741969,0.000244240357196656
0.034,429.429429429429,-1.86187720174009,0.000243655599916954
0.034,430.43043043043,-1.87873046951867,0.000243167974668178
0.034,431.431431431431,-1.8062076848304,0.000243742138117156
0.034,432.432432432432,-1.82834110506136,0.000244237010781114
0.034,433.433433433433,-1.91714359004568,0.000243425387905258
0.034,434.434434434434,-1.8875193011968,0.000243710484244514
0.034,435.435435435435,-1.80563794873439,0.000243706737762586
0.034,436.436436436436,-1.72393208980257,0.000243560302306691
0.034,437.437437437437,-1.90762967356931,0.000243778259436928
0.034,438.438438438438,-1.75017643577138,0.000244248507462772
0.034,439.439439439439,-1.93950963868665,0.000243398642715617
0.034,440.44044044044,-1.95388585299905,0.000243495190386512
0.034,441.441441441441,-1.87980013422216,0.00024329974967609
0.034,442.442442442442,-1.72037808935204,0.000244401251892749
0.034,443.443443443443,-1.60131437367953,0.000244024441332916
0.034,444.444444444444,-1.91816558812945,0.000244059782957835
0.034,445.445445445446,-1.94392826872552,0.000243413036119875
0.034,446.446446446446,-1.67115961187556,0.000244131694831981
0.034,447.447447447447,-1.92426716306826,0.000243635822060788
0.034,448.448448448449,-1.74112127835434,0.000243690654647525
0.034,449.44944944945,-1.67466875559236,0.000244031278521483
0.034,450.45045045045,-1.7577425349853,0.000243038122938893
0.034,451.451451451451,-1.77787054131611,0.000243605757882352
0.034,452.452452452453,-1.70207546436624,0.000244270739689803
0.034,453.453453453454,-1.79490116442924,0.00024393415600476
0.034,454.454454454454,-1.84486132040741,0.000243093744793417
0.034,455.455455455455,-1.81595082127401,0.000243867478175884
0.034,456.456456456457,-1.75493665735094,0.000244429548661052
0.034,457.457457457458,-1.81094099139029,0.000243467561139427
0.034,458.458458458458,-1.87618732792197,0.000242510197403264
0.034,459.459459459459,-1.9190223175717,0.000243854667065896
0.034,460.460460460461,-1.71733413248022,0.000244221996898089
0.034,461.461461461462,-1.63166016797469,0.000244179823311542
0.034,462.462462462462,-1.84230058112357,0.000243090706238708
0.034,463.463463463463,-1.77681343315126,0.000243707230504362
0.034,464.464464464465,-1.61474694032748,0.000243913337106791
0.034,465.465465465466,-1.66114969172745,0.000244118836914462
0.034,466.466466466466,-1.93111745539288,0.000243308057807509
0.034,467.467467467467,-1.68028803655714,0.000243523714673486
0.034,468.468468468469,-1.80068494053598,0.000243759603258376
0.034,469.46946946947,-1.93882023381519,0.000243162579762392
0.034,470.470470470471,-1.79517474003052,0.00024434325142861
0.034,471.471471471471,-1.7151504987647,0.00024385949111947
0.034,472.472472472473,-1.76332181025822,0.000243994656531433
0.034,473.473473473474,-1.93461542065414,0.000243214588510026
0.034,474.474474474475,-1.7970133285006,0.00024419988377479
0.034,475.475475475475,-1.89383898504548,0.000244319042537699
0.034,476.476476476477,-1.61223727405616,0.000243934695847716
0.034,477.477477477478,-1.85129833083922,0.000243254391180543
0.034,478.478478478479,-1.83480060552095,0.000244755781186291
0.034,479.479479479479,-1.55975465718467,0.000244700741342614
0.034,480.480480480481,-1.82249803433006,0.000243146837749147
0.034,481.481481481482,-1.8944808810477,0.000242994496674417
0.034,482.482482482483,-1.61424143344355,0.000244583896234326
0.034,483.483483483484,-1.80731564933236,0.000243893534466713
0.034,484.484484484485,-1.94399936442182,0.000243282618354209
0.034,485.485485485486,-1.68015382644299,0.000243893054351812
0.034,486.486486486487,-1.69402671213392,0.000244097391429842
0.034,487.487487487488,-1.77856390180015,0.000243847340189495
0.034,488.488488488489,-1.98228192600545,0.000243056510722938
0.034,489.48948948949,-1.84128480947508,0.00024245071154878
0.034,490.490490490491,-1.85888263593878,0.000243999875600642
0.034,491.491491491492,-1.6438843357345,0.00024424981384514
0.034,492.492492492493,-1.72086646256237,0.000243872947433408
0.034,493.493493493494,-1.74965779579939,0.000243487884652785
0.034,494.494494494495,-1.96697471303913,0.000243478981648727
0.034,495.495495495496,-1.91741094178304,0.00024348323455644
0.034,496.496496496497,-1.68215344218539,0.000244518841869206
0.034,497.497497497498,-1.77967448527041,0.000243691652523033
0.034,498.498498498499,-1.83671219387466,0.000243492690970004
0.034,499.4994994995,-1.80890949839902,0.000244304149285377
0.034,500.500500500501,-1.55054779580216,0.000244315705753819
0.034,501.501501501502,-1.77263243074378,0.000243937795070155
0.034,502.502502502503,-1.94653852052162,0.000242717050224646
0.034,503.503503503504,-1.72070209101427,0.00024482383528582
0.034,504.504504504505,-1.91842351686412,0.000243593926970248
0.034,505.505505505506,-1.84301868763059,0.000243199450237599
0.034,506.506506506507,-1.72453467397221,0.000244168769686375
0.034,507.507507507508,-1.864842333827,0.00024423922917624
0.034,508.508508508509,-1.86072659111393,0.000243443410155952
0.034,509.50950950951,-1.89069869645015,0.000243218224873858
0.034,510.510510510511,-1.81917066132018,0.000244122696862076
0.034,511.511511511512,-1.81435205611386,0.000244609013790406
0.034,512.512512512513,-1.68160720963181,0.000244000596096007
0.034,513.513513513514,-1.88858187479528,0.000243007718891964
0.034,514.514514514515,-1.94752289128295,0.000243827106473774
0.034,515.515515515516,-1.69188199120268,0.000243976594931872
0.034,516.516516516517,-1.70531417956867,0.00024421849831402
0.034,517.517517517518,-1.84416788977338,0.000243376858360908
0.034,518.518518518519,-1.82677064183235,0.000243230591048005
0.034,519.51951951952,-1.76266413770996,0.000244538773714518
0.034,520.520520520521,-1.69192722488379,0.000244130395027335
0.034,521.521521521522,-1.72541744446234,0.000243804108294628
0.034,522.522522522523,-1.76762510529113,0.000243699234814689
0.034,523.523523523524,-1.80561345882261,0.000243563457146109
0.034,524.524524524525,-1.78217267762238,0.000244149296402182
0.034,525.525525525526,-1.7865369804423,0.000244522898502424
0.034,526.526526526527,-1.71424957843919,0.000243978678894826
0.034,527.527527527528,-2.01611655312923,0.000243237502353393
0.034,528.528528528529,-1.7260412713152,0.000244409265553695
0.034,529.52952952953,-1.60156579558974,0.000243494260285022
0.034,530.530530530531,-1.68150106459267,0.000243404595670552
0.034,531.531531531532,-1.99201860773651,0.000243281244315283
0.034,532.532532532533,-1.87376543172974,0.000243491362857665
0.034,533.533533533534,-1.61007136181516,0.000244023008505609
0.034,534.534534534535,-1.80458803680409,0.000243349829800699
0.034,535.535535535536,-1.87222977044316,0.000243683425497263
0.034,536.536536536537,-1.91464012621949,0.000243423536687914
0.034,537.537537537538,-1.79454955063423,0.000244363964319558
0.034,538.538538538539,-1.67144834453876,0.000243739967351778
0.034,539.53953953954,-1.74517133751075,0.00024422903218177
0.034,540.540540540541,-1.81612491631344,0.00024401228729027
0.034,541.541541541542,-1.70827880370806,0.000244482510356012
0.034,542.542542542543,-1.74487076074262,0.000244455965140834
0.034,543.543543543544,-1.8045378178427,0.000244116080203351
0.034,544.544544544545,-1.9346481324581,0.000243841625324567
0.034,545.545545545546,-1.59664942470623,0.000243400478721982
0.034,546.546546546547,-1.7282689233649,0.000243615140061637
0.034,547.547547547548,-1.78166915548479,0.000243383790104214
0.034,548.548548548549,-1.83011527802777,0.000243842758395734
0.034,549.54954954955,-1.75428070436835,0.000244106174390493
0.034,550.550550550551,-1.6338505392993,0.000244415955800674
0.034,551.551551551552,-1.65075499830323,0.000244272151433166
0.034,552.552552552553,-1.84559172919408,0.000243041690530303
0.034,553.553553553554,-1.7551043979275,0.000243559491661311
0.034,554.554554554555,-1.63856392724328,0.000243902400236172
0.034,555.555555555556,-1.78546263199113,0.000243723120163951
0.034,556.556556556557,-1.75708931226706,0.000243502303604442
0.034,557.557557557558,-1.82246069511353,0.000243489643782037
0.034,558.558558558559,-1.5498081140662,0.00024475354006279
0.034,559.55955955956,-1.73730759159801,0.000244550542960488
0.034,560.560560560561,-1.81447497220408,0.000243598792721874
0.034,561.561561561562,-1.93164585769422,0.000243677844594671
0.034,562.562562562563,-1.82749284777561,0.000244624686326473
0.034,563.563563563564,-1.72908345210269,0.000244114930159315
0.034,564.564564564565,-1.917829255376,0.00024303126995205
0.034,565.565565565566,-1.84564941920188,0.000244178946184196
0.034,566.566566566567,-1.71564226588542,0.000244108761314182
0.034,567.567567567568,-1.86079428381288,0.000242974029567061
0.034,568.568568568569,-1.8792881775074,0.000243923069725907
0.034,569.56956956957,-1.7237562400213,0.000243785086112888
0.034,570.570570570571,-1.90028234242006,0.000242584574571992
0.034,571.571571571572,-1.85733674037402,0.000244093782727676
0.034,572.572572572573,-1.71361261293988,0.000244218606317849
0.034,573.573573573574,-1.73182664701238,0.000244121254990403
0.034,574.574574574575,-1.82537551223066,0.000243358169117562
0.034,575.575575575576,-1.85767710234787,0.000243499173783854
0.034,576.576576576577,-1.73937062356936,0.000243911218493344
0.034,577.577577577578,-1.92173416155342,0.00024369838364585
0.034,578.578578578579,-1.74267611200022,0.000243733184899245
0.034,579.57957957958,-1.80030480321749,0.000243064097360588
0.034,580.580580580581,-1.68659146991295,0.000243760427587764
0.034,581.581581581582,-1.75161447201816,0.000244314939390597
0.034,582.582582582583,-1.7402925146336,0.000243996261142971
0.034,583.583583583584,-1.78327956634309,0.000243311609659372
0.034,584.584584584585,-1.91622896807061,0.000243910916094368
0.034,585.585585585586,-1.80033688759511,0.00024400268510971
0.034,586.586586586587,-1.62650481596875,0.000243356618596033
0.034,587.587587587588,-1.74414826753043,0.000243689382328355
0.034,588.588588588589,-1.68288296985193,0.000243748531661936
0.034,589.58958958959,-1.83724959492998,0.000242934350933568
0.034,590.590590590591,-1.80021493798091,0.000244266778139892
0.034,591.591591591592,-1.74648154017398,0.000244066552724762
0.034,592.592592592593,-1.77070897061898,0.000243946854941113
0.034,593.593593593594,-1.71785580076584,0.000243632065888467
0.034,594.594594594595,-1.81804897146322,0.000243901511010519
0.034,595.595595595596,-1.85057152695114,0.000244489447150068
0.034,596.596596596597,-1.81982614537632,0.000244301774669378
0.034,597.597597597598,-1.74664056025351,0.000244444702849216
0.034,598.598598598599,-1.63803103387844,0.000244259620815994
0.034,599.5995995996,-1.5941084692397,0.000243629004018087
0.034,600.600600600601,-1.9994605164206,0.000243501941007573
0.034,601.601601601602,-1.86175208590763,0.000243484620400026
0.034,602.602602602603,-1.76716565984515,0.000243741333109823
0.034,603.603603603604,-1.6624541080269,0.000244059661974753
0.034,604.604604604605,-1.86581242347451,0.000242940101741042
0.034,605.605605605606,-1.85946473440278,0.00024342690765245
0.034,606.606606606607,-1.75042591947363,0.000243987465731634
0.034,607.607607607608,-1.67635313802793,0.000243792769537003
0.034,608.608608608609,-1.94370984067252,0.000243547617817832
0.034,609.60960960961,-1.74742588366099,0.000244448764004616
0.034,610.610610610611,-1.644645292544,0.000243917141026319
0.034,611.611611611612,-1.57902726840679,0.000243792622712875
0.034,612.612612612613,-1.90439607066566,0.000243650843578668
0.034,613.613613613614,-1.6595908352984,0.00024373829191228
0.034,614.614614614615,-1.73673176282392,0.000243595538394426
0.034,615.615615615616,-1.84488018192319,0.000243264540838913
0.034,616.616616616617,-1.89264322671031,0.000243737646708329
0.034,617.617617617618,-1.71111293772386,0.000243905323915683
0.034,618.618618618619,-1.69053044918408,0.000243897115389753
0.034,619.61961961962,-1.80630853266879,0.000244094076082286
0.034,620.620620620621,-1.77780376615692,0.000244074666226116
0.034,621.621621621622,-1.7146903018271,0.000243808820761863
0.034,622.622622622623,-1.71634600498644,0.000244332643032932
0.034,623.623623623624,-1.8363823730934,0.000243919832841165
0.034,624.624624624625,-1.77160287146135,0.000244128013716156
0.034,625.625625625626,-1.76552785438176,0.000244144298978677
0.034,626.626626626627,-1.83022348866385,0.000243561596766939
0.034,627.627627627628,-1.79797134758621,0.00024425860708348
0.034,628.628628628629,-1.75930383781201,0.000243622075328722
0.034,629.62962962963,-1.76804852277654,0.000243192164178305
0.034,630.630630630631,-1.70390264934588,0.000243703466227349
0.034,631.631631631632,-1.73980390574261,0.000244112329199239
0.034,632.632632632633,-1.62546961651707,0.000244247511172964
0.034,633.633633633634,-1.81091563741601,0.000243836266596247
0.034,634.634634634635,-1.71120911740219,0.000243532342235479
0.034,635.635635635636,-1.82392157320139,0.000243714876811338
0.034,636.636636636637,-1.95252330438087,0.000243092094901317
0.034,637.637637637638,-1.97168700072691,0.000243400515251826
0.034,638.638638638639,-1.7121220436869,0.000244321231450539
0.034,639.63963963964,-1.82811564253872,0.000244309955239994
0.034,640.640640640641,-1.69363815888422,0.00024295285881975
0.034,641.641641641642,-1.76518826135445,0.000243720202357405
0.034,642.642642642643,-1.6532809055848,0.000243864576696181
0.034,643.643643643644,-1.87586857691963,0.000243415133238271
0.034,644.644644644645,-1.74520355737339,0.000243799413974854
0.034,645.645645645646,-1.74300285239086,0.000244436466426702
0.034,646.646646646647,-1.87186819818512,0.000244033964874472
0.034,647.647647647648,-1.83862432279006,0.000243844783452847
0.034,648.648648648649,-1.78982140881286,0.000243791695312948
0.034,649.64964964965,-1.72712414481204,0.000243563208014928
0.034,650.650650650651,-1.94946446360858,0.000243966124257226
0.034,651.651651651652,-1.86099419683501,0.000243128274892011
0.034,652.652652652653,-1.80519654436707,0.000243791094743532
0.034,653.653653653654,-1.72701489146012,0.000244389443180453
0.034,654.654654654655,-1.85241444225927,0.000243320872852383
0.034,655.655655655656,-1.81505479070309,0.000243813775312723
0.034,656.656656656657,-1.51919166410399,0.000244151069920197
0.034,657.657657657658,-1.66756066236177,0.000243832348623736
0.034,658.658658658659,-1.90952893019707,0.000243519094470533
0.034,659.65965965966,-1.75569575983834,0.000244237688110185
0.034,660.660660660661,-1.71212940561763,0.000243934186074341
0.034,661.661661661662,-1.81138256332835,0.0002433866471843
0.034,662.662662662663,-1.79219477906825,0.000243271320707341
0.034,663.663663663664,-1.80012817284745,0.00024433193557555
0.034,664.664664664665,-1.79556550237824,0.000244090449585036
0.034,665.665665665666,-1.67271587704994,0.000243491801157054
0.034,666.666666666667,-1.84288644042894,0.000243715560307022
0.034,667.667667667668,-1.82533500740338,0.000243497836920797
0.034,668.668668668669,-1.78411048884208,0.000243275982490887
0.034,669.66966966967,-1.77105653634281,0.00024379619934865
0.034,670.670670670671,-1.73940449080218,0.000243960400347933
0.034,671.671671671672,-1.71257016015172,0.000243891022188411
0.034,672.672672672673,-1.73824794121526,0.000243559061525344
0.034,673.673673673674,-1.90627085280745,0.000243456081783017
0.034,674.674674674675,-1.69016600912256,0.000244274814294294
0.034,675.675675675676,-1.65713996376289,0.000243573127276876
0.034,676.676676676677,-1.80803320866973,0.000243457390925679
0.034,677.677677677678,-1.88874901017573,0.000243468077725442
0.034,678.678678678679,-1.88051157651024,0.000244242558795102
0.034,679.67967967968,-1.73999040907536,0.000244076853494526
0.034,680.680680680681,-1.75732070108544,0.000243847970534844
0.034,681.681681681682,-1.84625431724733,0.000243393786948032
0.034,682.682682682683,-1.87586620486124,0.000243225955399154
0.034,683.683683683684,-1.64117037952771,0.00024428613936791
0.034,684.684684684685,-1.68731384998587,0.000243812164417112
0.034,685.685685685686,-1.71657192361534,0.000243430043287273
0.034,686.686686686687,-1.85013132997371,0.000243449410446986
0.034,687.687687687688,-1.77699195309161,0.000243750651978544
0.034,688.688688688689,-1.65247350128789,0.000244248610944418
0.034,689.68968968969,-1.84893274687169,0.000243612447072198
0.034,690.690690690691,-1.91480849490885,0.000243561707002495
0.034,691.691691691692,-1.80400599658302,0.000243985778546206
0.034,692.692692692693,-1.75907034466397,0.000244145806921209
0.034,693.693693693694,-1.79715223517244,0.000243630623312038
0.034,694.694694694695,-1.80800493490556,0.000243836794164706
0.034,695.695695695696,-1.80426989646161,0.000244356115630203
0.034,696.696696696697,-1.7152570688372,0.000243121534196261
0.034,697.697697697698,-1.80633909641218,0.000243449175117272
0.034,698.698698698699,-1.88503423794163,0.000243880213994458
0.034,699.6996996997,-1.75001413594381,0.000244095101971838
0.034,700.700700700701,-1.67813520792881,0.000244799425715689
0.034,701.701701701702,-1.89972206800556,0.000244059726694829
0.034,702.702702702703,-1.86752693549585,0.000243497324680777
0.034,703.703703703704,-1.72882623464779,0.000244605150260282
0.034,704.704704704705,-1.75852042135732,0.000243904007373085
0.034,705.705705705706,-1.93660310804315,0.000243428981396444
0.034,706.706706706707,-1.62242653445529,0.00024415041402745
0.034,707.707707707708,-1.75731443924782,0.000243897376208135
0.034,708.708708708709,-1.7514738418105,0.00024425199265648
0.034,709.70970970971,-1.93566432191523,0.000243881124832623
0.034,710.710710710711,-1.82618776377343,0.00024373075067265
0.034,711.711711711712,-1.71050037618608,0.000244395358372222
0.034,712.712712712713,-1.90279693431721,0.000243386130891934
0.034,713.713713713714,-1.85049404294151,0.00024322308287317
0.034,714.714714714715,-1.88320699034999,0.000243090620610876
0.034,715.715715715716,-1.69853785539133,0.000243895969045686
0.034,716.716716716717,-1.70913427893928,0.00024339323113061
0.034,717.717717717718,-1.87868779586898,0.000243748865540005
0.034,718.718718718719,-1.77842113234485,0.0002436172089898
0.034,719.71971971972,-1.65301235679203,0.000244610126599842
0.034,720.720720720721,-1.81804743770882,0.00024422389762453
0.034,721.721721721722,-1.81197119692097,0.000243580779221898
0.034,722.722722722723,-1.82049875994126,0.000243530310306997
0.034,723.723723723724,-1.75915173751932,0.000243490606478484
0.034,724.724724724725,-1.82535247972708,0.000243625387622337
0.034,725.725725725726,-1.68445481705322,0.000244016275385984
0.034,726.726726726727,-2.05562313256111,0.000243434095868144
0.034,727.727727727728,-1.8584998736268,0.000243755132287467
0.034,728.728728728729,-1.67768969283675,0.000243676276630436
0.034,729.72972972973,-1.87887307018768,0.000243885411333696
0.034,730.730730730731,-1.71010379606016,0.000244268969871756
0.034,731.731731731732,-1.89222221901959,0.000243164856945899
0.034,732.732732732733,-1.92778966663438,0.000243921542285131
0.034,733.733733733734,-1.82227814066818,0.000243889417694332
0.034,734.734734734735,-1.70753930718731,0.000244419235088224
0.034,735.735735735736,-1.68961430825504,0.000244026340121279
0.034,736.736736736737,-1.8223097247816,0.000243400963417796
0.034,737.737737737738,-1.75434990675842,0.000243277174644083
0.034,738.738738738739,-1.64262732765584,0.000244511085620323
0.034,739.73973973974,-1.76837090728362,0.000244231095882994
0.034,740.740740740741,-1.83441821919161,0.000243798155515882
0.034,741.741741741742,-1.9174673909171,0.000243320446768761
0.034,742.742742742743,-1.78985044031588,0.000244106356393683
0.034,743.743743743744,-1.9393258731252,0.000244443205360562
0.034,744.744744744745,-1.87699792555394,0.000242859617745694
0.034,745.745745745746,-1.80152606458876,0.000243744869868165
0.034,746.746746746747,-1.65492216114226,0.000244407101777145
0.034,747.747747747748,-1.6404499580123,0.000244233853063943
0.034,748.748748748749,-1.99858683032824,0.000242992113718807
0.034,749.74974974975,-1.80023253372141,0.000243886280415079
0.034,750.750750750751,-1.71137215016009,0.000243885609370081
0.034,751.751751751752,-1.55875303556717,0.000244266736559298
0.034,752.752752752753,-1.95292454610051,0.000243675821651826
0.034,753.753753753754,-1.65314737840817,0.000244058511930717
0.034,754.754754754755,-1.85078628940211,0.00024322122402097
0.034,755.755755755756,-1.76935533430751,0.000243822749438389
0.034,756.756756756757,-1.71109764177417,0.00024449763506189
0.034,757.757757757758,-1.72639343103838,0.000244198036022495
0.034,758.758758758759,-1.82019501150416,0.000243335342076621
0.034,759.75975975976,-1.89482118463147,0.00024345001982585
0.034,760.760760760761,-1.61026979343479,0.000244660451744557
0.034,761.761761761762,-1.93017409584726,0.000242946462984514
0.034,762.762762762763,-1.7397612944139,0.000243814103787663
0.034,763.763763763764,-1.717773892169,0.000244469439191128
0.034,764.764764764765,-1.72907917392278,0.000244006694524288
0.034,765.765765765766,-1.87052011477984,0.000243299450918353
0.034,766.766766766767,-1.95780525505276,0.000243588082371521
0.034,767.767767767768,-1.77664232000873,0.000244215167226917
0.034,768.768768768769,-1.80705621802245,0.000243509306116978
0.034,769.76976976977,-1.93332229926983,0.000243177830502103
0.034,770.770770770771,-1.69637422542733,0.000244176831564365
0.034,771.771771771772,-1.71519946896163,0.000243812085660649
0.034,772.772772772773,-1.85162039895867,0.00024327861757289
0.034,773.773773773774,-1.79698264157672,0.000244454259807944
0.034,774.774774774775,-1.84616242795245,0.000243703348650587
0.034,775.775775775776,-1.80360932217086,0.00024389927793298
0.034,776.776776776777,-1.63072405351828,0.000244199832092697
0.034,777.777777777778,-1.77407259898934,0.000243504857991904
0.034,778.778778778779,-1.93304018969559,0.000243464586834957
0.034,779.77977977978,-1.70865403950002,0.00024376903606262
0.034,780.780780780781,-1.74372904103691,0.000244034707510915
0.034,781.781781781782,-1.65464192331139,0.000243989126429989
0.034,782.782782782783,-1.94235492583459,0.000243409211116403
0.034,783.783783783784,-1.79419193300961,0.000243894626662041
0.034,784.784784784785,-1.8695861703899,0.000242848046712298
0.034,785.785785785786,-1.87097499862458,0.000243439977407823
0.034,786.786786786787,-1.77336378815462,0.000243836438439207
0.034,787.787787787788,-1.55332802604252,0.000244701473701368
0.034,788.788788788789,-1.88798819479541,0.00024361985799073
0.034,789.78978978979,-1.65435563283826,0.000243791142079631
0.034,790.790790790791,-1.66356977936521,0.000244205363603653
0.034,791.791791791792,-1.71579716619896,0.000243950646409954
0.034,792.792792792793,-1.88280125035244,0.000243632471886548
0.034,793.793793793794,-1.91962876844207,0.000243640534586753
0.034,794.794794794795,-1.68511983124213,0.000244385414620009
0.034,795.795795795796,-1.91000903911602,0.000243563206076849
0.034,796.796796796797,-1.86729175727157,0.000243358396283854
0.034,797.797797797798,-1.77750460050756,0.000244629580444521
0.034,798.798798798799,-1.59973014665453,0.000244686020520549
0.034,799.7997997998,-1.77252436427102,0.000243807018877426
0.034,800.800800800801,-1.73172949403057,0.000243097446405891
0.034,801.801801801802,-1.74417348703898,0.000243885164551701
0.034,802.802802802803,-1.64767600501619,0.00024433012400072
0.034,803.803803803804,-1.86585032431028,0.000244054350347613
0.034,804.804804804805,-1.8497555197251,0.000243475842901233
0.034,805.805805805806,-1.83931017903478,0.000243955126660147
0.034,806.806806806807,-1.73031498674852,0.000244705217129354
0.034,807.807807807808,-1.78425116936932,0.000243464113297777
0.034,808.808808808809,-1.83627149889993,0.000243213540773044
0.034,809.80980980981,-1.80386795850694,0.000243952939156818
0.034,810.810810810811,-1.76732748874526,0.000243420223102247
0.034,811.811811811812,-1.95888581634572,0.000243415508344555
0.034,812.812812812813,-1.69044633673233,0.000244041117734916
0.034,813.813813813814,-1.81183122919508,0.000243786426088616
0.034,814.814814814815,-1.74635804607667,0.000243017369759405
0.034,815.815815815816,-2.0200069613509,0.000243355664709034
0.034,816.816816816817,-1.67119944185112,0.000243685797294239
0.034,817.817817817818,-1.76511473008054,0.00024464565886121
0.034,818.818818818819,-1.92531552737563,0.000243928386756175
0.034,819.81981981982,-1.78026404910413,0.000243485665435444
0.034,820.820820820821,-1.79975919688837,0.000243531352229744
0.034,821.821821821822,-1.71094741433485,0.000244032105552436
0.034,822.822822822823,-1.92688747045287,0.000243758409343291
0.034,823.823823823824,-1.79102078187396,0.000243225545877294
0.034,824.824824824825,-1.78423279614585,0.000244069725417995
0.034,825.825825825826,-1.63269414605864,0.000244239192470208
0.034,826.826826826827,-1.94827257779315,0.000243317085670806
0.034,827.827827827828,-1.98489031887237,0.00024305920506316
0.034,828.828828828829,-1.78338823126425,0.000244254134057033
0.034,829.82982982983,-1.76448048130806,0.00024415999077807
0.034,830.830830830831,-1.75410852566474,0.000243423249676107
0.034,831.831831831832,-1.91861974560151,0.000243727648983566
0.034,832.832832832833,-1.85743492372658,0.000244198047533507
0.034,833.833833833834,-1.67033612554614,0.000243974888718037
0.034,834.834834834835,-1.71215766691727,0.000244006119737189
0.034,835.835835835836,-1.73237598158662,0.000243592980013347
0.034,836.836836836837,-1.87939966319424,0.000243325295488788
0.034,837.837837837838,-1.67823700838389,0.000243680848851264
0.034,838.838838838839,-1.61157963264229,0.000244157862944067
0.034,839.83983983984,-1.73760346748703,0.000243614795377313
0.034,840.840840840841,-1.80666298428524,0.000243331129927286
0.034,841.841841841842,-1.99143450245339,0.00024362211784899
0.034,842.842842842843,-1.6821186366563,0.000243900876436634
0.034,843.843843843844,-1.77069051579369,0.000244119904032229
0.034,844.844844844845,-1.88423712928935,0.000243629072144483
0.034,845.845845845846,-1.67173492170887,0.000243659198165241
0.034,846.846846846847,-1.82214174381933,0.000243433177688773
0.034,847.847847847848,-1.68433512555388,0.000243966299212858
0.034,848.848848848849,-1.93505770948397,0.000243799891035813
0.034,849.84984984985,-1.82519020257291,0.000243987269750787
0.034,850.850850850851,-1.73051909273816,0.000243846841574754
0.034,851.851851851852,-1.77178231248243,0.000242849312629936
0.034,852.852852852853,-1.97434197773006,0.000243487559819083
0.034,853.853853853854,-1.89633617999792,0.000244030652522128
0.034,854.854854854855,-1.66833520625564,0.000243220530893623
0.034,855.855855855856,-1.7434664679933,0.0002440628323188
0.034,856.856856856857,-1.97907311990046,0.000243262725505386
0.034,857.857857857858,-2.03185492292139,0.000243808902102431
0.034,858.858858858859,-1.70745665721991,0.000244201820443778
0.034,859.85985985986,-1.67534650171643,0.000243589745125414
0.034,860.860860860861,-1.95111023376137,0.000243211547664861
0.034,861.861861861862,-1.90080538337372,0.000244018811038687
0.034,862.862862862863,-1.62654966642731,0.00024410156417158
0.034,863.863863863864,-1.91079827359891,0.000243602732835463
0.034,864.864864864865,-1.58434858576714,0.000244076845272375
0.034,865.865865865866,-1.67559067012442,0.000244120172837844
0.034,866.866866866867,-1.90398998948709,0.000243727262777378
0.034,867.867867867868,-1.68358524970225,0.000244660032532305
0.034,868.868868868869,-1.71695629395432,0.000243582416545852
0.034,869.86986986987,-1.83445746488315,0.000243472385193001
0.034,870.870870870871,-1.6795373408619,0.00024409821235291
0.034,871.871871871872,-1.85124195228281,0.000243422771205636
0.034,872.872872872873,-1.80149991799308,0.000243585188409214
0.034,873.873873873874,-1.71700491998213,0.000243736444453633
0.034,874.874874874875,-1.81282241192305,0.000243915415079321
0.034,875.875875875876,-2.09839056463935,0.000243030495366676
0.034,876.876876876877,-1.77111021581961,0.000244078084056914
0.034,877.877877877878,-1.71926911980727,0.0002441355658795
0.034,878.878878878879,-1.96630874249795,0.00024376095409909
0.034,879.87987987988,-1.81018269823203,0.00024377281760615
0.034,880.880880880881,-1.67313671573804,0.000244115998921513
0.034,881.881881881882,-1.85017101290856,0.000243955293217439
0.034,882.882882882883,-2.00264649518894,0.000243512970553583
0.034,883.883883883884,-1.93641316926177,0.000243839256875182
0.034,884.884884884885,-1.73946906273089,0.000244461627149075
0.034,885.885885885886,-1.83373897201489,0.000244004232401108
0.034,886.886886886887,-1.93115417373796,0.000243835081490609
0.034,887.887887887888,-1.87134024879695,0.000243546652948388
0.034,888.888888888889,-1.81454907224416,0.000243731324931183
0.034,889.88988988989,-1.79601849284162,0.000243712764247044
0.034,890.890890890891,-1.76792341845063,0.000244800946813663
0.034,891.891891891892,-1.68887883586656,0.000244090892465337
0.034,892.892892892893,-1.92515191754327,0.000243021082001946
0.034,893.893893893894,-1.81556509238511,0.000243571678416374
0.034,894.894894894895,-1.62759579241124,0.000243995668384598
0.034,895.895895895896,-1.75778533750604,0.000244033981612423
0.034,896.896896896897,-1.89116677897411,0.000243564843518263
0.034,897.897897897898,-1.82890992447751,0.000243235758846229
0.034,898.898898898899,-1.72518118847356,0.000244337847419728
0.034,899.8998998999,-1.79633290285654,0.000244116210230799
0.034,900.900900900901,-1.84469282934572,0.000242763954895728
0.034,901.901901901902,-1.94604556931623,0.00024327088610792
0.034,902.902902902903,-1.76137873089952,0.000244350633921992
0.034,903.903903903904,-1.6836050738445,0.000244106285683182
0.034,904.904904904905,-1.80945018609231,0.000243460286003849
0.034,905.905905905906,-1.895584880208,0.000243507474221689
0.034,906.906906906907,-1.62816977312479,0.000244813758158569
0.034,907.907907907908,-1.73489671933985,0.000244070618930913
0.034,908.908908908909,-1.84556374952771,0.000243306320290769
0.034,909.90990990991,-1.79575993055714,0.000243988755317321
0.034,910.910910910911,-1.64972997399661,0.000244279571689713
0.034,911.911911911912,-1.61390415392239,0.000244084121171439
0.034,912.912912912913,-1.86211574192803,0.000243906380227194
0.034,913.913913913914,-1.6392932457364,0.000244610034394289
0.034,914.914914914915,-1.81164822534577,0.000243475932287762
0.034,915.915915915916,-1.87043108727698,0.000243385663286449
0.034,916.916916916917,-1.7820181828428,0.000243452306934668
0.034,917.917917917918,-1.67226995155101,0.000244235916412789
0.034,918.918918918919,-1.93260908128929,0.000242865101039605
0.034,919.91991991992,-1.86318672086526,0.000244276329108195
0.034,920.920920920921,-1.80959389822698,0.000243600083599614
0.034,921.921921921922,-1.91132299795612,0.00024378497793287
0.034,922.922922922923,-1.80339243747017,0.000244133827716735
0.034,923.923923923924,-1.81595873029425,0.000243822182932171
0.034,924.924924924925,-1.89533926996573,0.000243077861241712
0.034,925.925925925926,-1.74884298966222,0.000243864318461904
0.034,926.926926926927,-1.73713998463301,0.000243935580081349
0.034,927.927927927928,-1.90736077107548,0.000243184589815152
0.034,928.928928928929,-1.73377502212497,0.000244571835571826
0.034,929.92992992993,-1.80741801497221,0.000244653482942841
0.034,930.930930930931,-1.88283684655935,0.000243054654865951
0.034,931.931931931932,-1.89713386781415,0.000243330443201471
0.034,932.932932932933,-1.69297189855998,0.000244554193713084
0.034,933.933933933934,-1.93621064920313,0.000243238954502756
0.034,934.934934934935,-1.91782110748849,0.000244107788868612
0.034,935.935935935936,-1.7941373382034,0.000243982596045121
0.034,936.936936936937,-1.70684743156586,0.00024409372135519
0.034,937.937937937938,-1.81966317013516,0.000243515533221926
0.034,938.938938938939,-1.65486139994984,0.000243600349997313
0.034,939.93993993994,-1.76661108275834,0.000243828696814007
0.034,940.940940940941,-2.01792058732379,0.000243177654606796
0.034,941.941941941942,-1.81266350626334,0.000244443418549197
0.034,942.942942942943,-1.91112229568404,0.000243726975824301
0.034,943.943943943944,-1.73461875339759,0.000244515292483989
0.034,944.944944944945,-1.82428655942548,0.000243619103960735
0.034,945.945945945946,-1.66649750715714,0.000243984986576855
0.034,946.946946946947,-1.8247143189908,0.000244080309793246
0.034,947.947947947948,-1.9606692020932,0.00024312870984381
0.034,948.948948948949,-1.80850164913783,0.000244165945906002
0.034,949.94994994995,-1.78416823293778,0.000243313195536151
0.034,950.950950950951,-1.90394557228068,0.000243661763593878
0.034,951.951951951952,-1.75307497751325,0.00024365040686498
0.034,952.952952952953,-1.46777949913167,0.000244417804903751
0.034,953.953953953954,-1.7098762311064,0.000244043219492954
0.034,954.954954954955,-1.88357387953156,0.000243331777656612
0.034,955.955955955956,-1.72678113629361,0.000244144305497668
0.034,956.956956956957,-1.87041536705825,0.000243606562596037
0.034,957.957957957958,-1.87789712156801,0.00024302159706099
0.034,958.958958958959,-1.90078089684993,0.000243297262886457
0.034,959.95995995996,-1.62523132419477,0.000243847350760832
0.034,960.960960960961,-1.82688890042609,0.000243540568908871
0.034,961.961961961962,-1.82010191773892,0.00024459639114387
0.034,962.962962962963,-1.76508834567418,0.00024352308197895
0.034,963.963963963964,-1.91359664942186,0.000243619788102445
0.034,964.964964964965,-1.82239076251915,0.000243881562779634
0.034,965.965965965966,-1.79467794699626,0.000243814859873197
0.034,966.966966966967,-1.91218528295141,0.000243512346785954
0.034,967.967967967968,-1.79279938151688,0.000243982265103535
0.034,968.968968968969,-1.71105196285118,0.000243610853266915
0.034,969.96996996997,-1.75191638937938,0.000243759444629587
0.034,970.970970970971,-1.69765235103317,0.000243567326607928
0.034,971.971971971972,-1.53881588213697,0.000244391738570152
0.034,972.972972972973,-1.72005770669715,0.000243870810966146
0.034,973.973973973974,-1.95214162640957,0.00024322698739659
0.034,974.974974974975,-1.80555040171274,0.000243311764823111
0.034,975.975975975976,-1.74905198041346,0.000243964200743681
0.034,976.976976976977,-1.68606430827468,0.000244236164134459
0.034,977.977977977978,-1.76210692176146,0.000244412355614308
0.034,978.978978978979,-1.76130828228167,0.000243532695435603
0.034,979.97997997998,-1.81506631634224,0.000243803463266865
0.034,980.980980980981,-1.57762710868367,0.000244563753608295
0.034,981.981981981982,-1.72759191951423,0.000244066226775196
0.034,982.982982982983,-1.72255209813168,0.000244192243047131
0.034,983.983983983984,-1.63649180180592,0.000244071571995697
0.034,984.984984984985,-1.79565070995332,0.000243653832624281
0.034,985.985985985986,-1.80778376918313,0.00024305597446249
0.034,986.986986986987,-1.86475488178676,0.00024285403883991
0.034,987.987987987988,-1.70818082032713,0.000244166062836738
0.034,988.988988988989,-1.64579308123038,0.000244546629921269
0.034,989.98998998999,-1.57006623210694,0.000244102360134547
0.034,990.990990990991,-1.79491526218926,0.000243630852768786
0.034,991.991991991992,-1.87271321516882,0.000243555063445589
0.034,992.992992992993,-1.901945909286,0.000244176747463504
0.034,993.993993993994,-1.6342019914542,0.000244072136916215
0.034,994.994994994995,-1.8828079732349,0.000243945409017093
0.034,995.995995995996,-1.82854314205997,0.000243696963327958
0.034,996.996996996997,-1.85156803127775,0.00024382977978878
0.034,997.997997997998,-1.70974778726117,0.000244076055887129
0.034,998.998998998999,-1.73182519484687,0.000243725615763032
0.034,1000.0,-1.89223412915678,0.000243757577907614
0.045,0.0,-1.71320790852299,0.000308040342823437
0.045,1.001001001001,-1.84705585002226,0.000322089797582111
0.045,2.002002002002,-1.78232396566983,0.000323161330468721
0.045,3.003003003003,-1.83450415727703,0.000322702971144958
0.045,4.004004004004,-1.76964662756086,0.00032278484820764
0.045,5.00500500500501,-1.74980274207687,0.000322603123396216
0.045,6.00600600600601,-1.76861904450331,0.000322846515281381
0.045,7.00700700700701,-1.75893259655958,0.000322511463500566
0.045,8.00800800800801,-1.83738405807197,0.000321722058874085
0.045,9.00900900900901,-1.86676191621005,0.000323019548280573
0.045,10.01001001001,-1.69914960407295,0.00032321528815984
0.045,11.011011011011,-1.82902597884899,0.000322658638245315
0.045,12.012012012012,-1.87636408374138,0.000321593954117013
0.045,13.013013013013,-1.82404634588579,0.000321914620598261
0.045,14.014014014014,-1.67828042996744,0.000322229264999775
0.045,15.015015015015,-1.6935490849936,0.000322607471504694
0.045,16.016016016016,-1.8631290145657,0.000322171361322102
0.045,17.017017017017,-1.87711937983316,0.000322081748800833
0.045,18.018018018018,-1.72527558754503,0.000323361726963325
0.045,19.019019019019,-1.6512961302362,0.000322671947089098
0.045,20.02002002002,-1.87887443304682,0.000322560582514429
0.045,21.021021021021,-1.855379450301,0.000322988588005115
0.045,22.022022022022,-1.77933038079733,0.00032297763175371
0.045,23.023023023023,-1.68128299309766,0.00032313252422069
0.045,24.024024024024,-1.78788783912329,0.000322802581567178
0.045,25.025025025025,-1.89350352358618,0.000322239338603247
0.045,26.026026026026,-1.75050720415406,0.000322045899223159
0.045,27.027027027027,-1.83199070104128,0.000323048829240376
0.045,28.028028028028,-1.71380425657923,0.000322895505677306
0.045,29.029029029029,-1.69484775428731,0.000323088255806204
0.045,30.03003003003,-1.87452374546456,0.000322526094877372
0.045,31.031031031031,-1.81715673172463,0.000322098794142504
0.045,32.032032032032,-1.65829540979718,0.00032308453910021
0.045,33.033033033033,-1.75527662051746,0.000322559320179299
0.045,34.034034034034,-1.83141463443104,0.000322626583542801
0.045,35.035035035035,-1.7646948399822,0.00032282912601887
0.045,36.036036036036,-1.78845525667914,0.000322518332638064
0.045,37.037037037037,-1.83471906894731,0.00032246235030094
0.045,38.038038038038,-1.74167601510268,0.000322731806111788
0.045,39.039039039039,-1.77843095718509,0.000322360160589885
0.045,40.04004004004,-1.88343441236478,0.000323182229415204
0.045,41.041041041041,-1.74276943081137,0.000322469430982642
0.045,42.042042042042,-1.66490778024947,0.000322668172710586
0.045,43.043043043043,-1.83488250671416,0.000322148102442033
0.045,44.044044044044,-1.782866295977,0.00032314509224865
0.045,45.0450450450451,-1.77314882065964,0.000322868100248923
0.045,46.0460460460461,-1.82512885260802,0.000322443015442535
0.045,47.0470470470471,-1.83580137902429,0.000322028663186309
0.045,48.0480480480481,-1.74245338168918,0.000323347234364686
0.045,49.0490490490491,-1.79769506857488,0.000322785209512456
0.045,50.0500500500501,-1.82339742266834,0.000321736909136301
0.045,51.0510510510511,-1.91203180833828,0.00032215821051981
0.045,52.0520520520521,-1.90268716577904,0.000322491209699305
0.045,53.0530530530531,-1.78893370266043,0.000323040842066503
0.045,54.0540540540541,-1.78210391616194,0.000323301731687844
0.045,55.0550550550551,-1.76499117749383,0.000322683999529448
0.045,56.0560560560561,-1.85295764247676,0.000322624190896799
0.045,57.0570570570571,-1.79929793203635,0.000322995976841298
0.045,58.0580580580581,-1.73937352612883,0.000323292647150432
0.045,59.0590590590591,-1.74127533961794,0.000322788526504443
0.045,60.0600600600601,-1.79700460324703,0.0003225193630498
0.045,61.0610610610611,-1.82020639483648,0.000322161230163571
0.045,62.0620620620621,-1.81123899473175,0.000322392441812665
0.045,63.0630630630631,-1.79446939558403,0.000322797556188359
0.045,64.0640640640641,-1.71329514304431,0.000322058466193985
0.045,65.0650650650651,-1.83792171550372,0.000322170603181031
0.045,66.0660660660661,-1.79718007568971,0.000323412763676497
0.045,67.0670670670671,-1.74824967318361,0.000322901180899718
0.045,68.0680680680681,-1.89859590720382,0.000322415147987984
0.045,69.0690690690691,-1.7492245309944,0.000322486836395806
0.045,70.0700700700701,-1.73005866475305,0.000322635203704858
0.045,71.0710710710711,-1.75763821924272,0.000322968965371418
0.045,72.0720720720721,-1.75709003618456,0.000322185437586242
0.045,73.0730730730731,-1.81003557734942,0.000322394215271951
0.045,74.0740740740741,-1.79295221356331,0.000323390941617352
0.045,75.0750750750751,-1.74453226415996,0.000322282567326713
0.045,76.0760760760761,-1.89463571760309,0.000321722655214966
0.045,77.0770770770771,-1.88757899274849,0.000322259894920943
0.045,78.0780780780781,-1.75205635588415,0.000322754709677466
0.045,79.0790790790791,-1.74538649083163,0.000322939834289685
0.045,80.0800800800801,-1.86659902219224,0.000322030118918181
0.045,81.0810810810811,-1.88446662664509,0.000322481373304895
0.045,82.0820820820821,-1.75647436022287,0.000322403367054813
0.045,83.0830830830831,-1.82389065200324,0.000322726726760419
0.045,84.0840840840841,-1.99775021690098,0.000321972986948128
0.045,85.0850850850851,-1.78992676378594,0.000322638947896329
0.045,86.0860860860861,-1.72378646814394,0.000322929412830487
0.045,87.0870870870871,-1.80898065898239,0.000322841544403678
0.045,88.0880880880881,-1.85886179791102,0.000322024089203592
0.045,89.0890890890891,-1.81141832927249,0.000322642366314424
0.045,90.0900900900901,-1.74424005461865,0.000322538526182703
0.045,91.0910910910911,-1.77520238635207,0.000323118354282756
0.045,92.0920920920921,-1.70786162421268,0.000322870149091545
0.045,93.0930930930931,-1.87681104199827,0.000322964846602229
0.045,94.0940940940941,-1.7879944398393,0.000322881308488814
0.045,95.0950950950951,-1.73672747540133,0.000322273228959748
0.045,96.0960960960961,-1.83588788315497,0.000321938902783778
0.045,97.0970970970971,-1.72529970050876,0.000322889377531821
0.045,98.0980980980981,-1.78499072788069,0.000322862125798936
0.045,99.0990990990991,-1.90894055217226,0.000322470078946887
0.045,100.1001001001,-1.77167313181293,0.000322217331310781
0.045,101.101101101101,-1.8466339956303,0.000322546368118148
0.045,102.102102102102,-1.73119689054972,0.000322440911805148
0.045,103.103103103103,-1.85860958835969,0.00032245574098342
0.045,104.104104104104,-1.68305216964738,0.000322714025181232
0.045,105.105105105105,-1.79367503500294,0.000322651948703091
0.045,106.106106106106,-1.79155421980176,0.000322663778675521
0.045,107.107107107107,-1.70120593419523,0.00032347913205884
0.045,108.108108108108,-1.79495026113657,0.000322684808647856
0.045,109.109109109109,-1.80360163707975,0.000322446090762006
0.045,110.11011011011,-1.75891797290605,0.000323002811856869
0.045,111.111111111111,-1.78056601413099,0.00032260020394524
0.045,112.112112112112,-1.86091412991028,0.000322289993338766
0.045,113.113113113113,-1.71188287386184,0.000322655565509948
0.045,114.114114114114,-1.7160954486065,0.000322592036353878
0.045,115.115115115115,-1.78033099128256,0.000322144206199494
0.045,116.116116116116,-1.83903078098528,0.000322485733922789
0.045,117.117117117117,-1.76026521739465,0.000322973016484048
0.045,118.118118118118,-1.77199836109639,0.000322431787566493
0.045,119.119119119119,-1.78114788939279,0.000322133239905319
0.045,120.12012012012,-1.79033765265879,0.000322447708528986
0.045,121.121121121121,-1.81075756150037,0.000322609324483928
0.045,122.122122122122,-1.79251034681303,0.000322450737393302
0.045,123.123123123123,-1.80844583685275,0.000322229602988919
0.045,124.124124124124,-1.68268429841983,0.000323269880777221
0.045,125.125125125125,-1.82779366858027,0.000322714378028978
0.045,126.126126126126,-1.82103946887681,0.000322307758764694
0.045,127.127127127127,-1.65366046601877,0.000322561229597729
0.045,128.128128128128,-1.73699724120346,0.000322749616172251
0.045,129.129129129129,-1.67047141616752,0.000322488333120975
0.045,130.13013013013,-1.85874795772009,0.00032228924776584
0.045,131.131131131131,-1.80625161885391,0.000322018499432822
0.045,132.132132132132,-1.72030237987994,0.000323441757389575
0.045,133.133133133133,-1.75825303430611,0.000323380832012603
0.045,134.134134134134,-1.84152350328903,0.000322527472616266
0.045,135.135135135135,-1.8283773298361,0.000322231406106679
0.045,136.136136136136,-1.80213899725732,0.000322033859879521
0.045,137.137137137137,-1.79348905056072,0.000323313289389609
0.045,138.138138138138,-1.78188890306852,0.000322538458173767
0.045,139.139139139139,-1.84958663777843,0.000321928533241592
0.045,140.14014014014,-1.73361531698792,0.000323057101899085
0.045,141.141141141141,-1.62350932491214,0.000323121473649466
0.045,142.142142142142,-1.79065806555595,0.000322428218154464
0.045,143.143143143143,-1.79580016914105,0.000322557790800445
0.045,144.144144144144,-1.78753897262231,0.000322427546815818
0.045,145.145145145145,-1.61087803422877,0.000322928085481633
0.045,146.146146146146,-1.7269890261359,0.000322719247421843
0.045,147.147147147147,-1.75889875415887,0.000322483618128364
0.045,148.148148148148,-1.89006199832659,0.000322326020397447
0.045,149.149149149149,-1.76508923402506,0.000322900702429248
0.045,150.15015015015,-1.73309675757524,0.000323216161293568
0.045,151.151151151151,-1.85093448139453,0.000322358028644807
0.045,152.152152152152,-1.74768759715055,0.00032357585909009
0.045,153.153153153153,-1.75304660939985,0.00032239217136262
0.045,154.154154154154,-1.86695264430946,0.000322922011484887
0.045,155.155155155155,-1.8276132763777,0.00032332438600488
0.045,156.156156156156,-1.78648117490672,0.000323084369547706
0.045,157.157157157157,-1.85054495764299,0.000323007491024392
0.045,158.158158158158,-1.8403639757986,0.000321765794728091
0.045,159.159159159159,-1.78271093920997,0.000322326662664916
0.045,160.16016016016,-1.69617570726919,0.000322733581626612
0.045,161.161161161161,-1.71344214208559,0.000322565529489163
0.045,162.162162162162,-1.79809954941463,0.000322017199569446
0.045,163.163163163163,-1.83278055730506,0.000322455072463797
0.045,164.164164164164,-1.6893715032832,0.000322589267955566
0.045,165.165165165165,-1.76655470720814,0.000322269958187997
0.045,166.166166166166,-1.82818897290949,0.000322203743266234
0.045,167.167167167167,-1.80700288705101,0.000322960388199465
0.045,168.168168168168,-1.81064577943732,0.000322594366687719
0.045,169.169169169169,-1.83542393984616,0.000322190828439682
0.045,170.17017017017,-1.73956072728125,0.00032215154740593
0.045,171.171171171171,-1.81995753675997,0.00032359770904582
0.045,172.172172172172,-1.84954942109651,0.000322446715528038
0.045,173.173173173173,-1.89726880005613,0.000322379178543091
0.045,174.174174174174,-1.79394083785947,0.000322762356747927
0.045,175.175175175175,-1.73708983080052,0.00032303051251921
0.045,176.176176176176,-1.72104646124397,0.000322364186155117
0.045,177.177177177177,-1.88678487526447,0.000322454747042798
0.045,178.178178178178,-1.86370609338591,0.000322649824275408
0.045,179.179179179179,-1.79488492541472,0.000322974295968235
0.045,180.18018018018,-1.82210443494961,0.000322491061172016
0.045,181.181181181181,-1.88715227167109,0.000322538640176957
0.045,182.182182182182,-1.822399030588,0.000322448332590263
0.045,183.183183183183,-1.73283471341344,0.000323099851858432
0.045,184.184184184184,-1.85451549431113,0.000322681071503943
0.045,185.185185185185,-1.81695101318221,0.000322127625879203
0.045,186.186186186186,-1.76901077343021,0.00032308166757263
0.045,187.187187187187,-1.72040454725912,0.000323042144572714
0.045,188.188188188188,-1.90276886789183,0.000321643471435372
0.045,189.189189189189,-1.89171563275638,0.000322284804632786
0.045,190.19019019019,-1.77844135094516,0.000322990646949237
0.045,191.191191191191,-1.7497151113639,0.000322315350276905
0.045,192.192192192192,-1.85465313807394,0.000322139574074421
0.045,193.193193193193,-1.83727293820492,0.000322948799664633
0.045,194.194194194194,-1.87519799225424,0.000322580963347926
0.045,195.195195195195,-1.78176736105141,0.000322725501777349
0.045,196.196196196196,-1.6574517089951,0.000322671882897589
0.045,197.197197197197,-1.629576508917,0.000322711951789616
0.045,198.198198198198,-1.82414711232365,0.000322946397739346
0.045,199.199199199199,-1.81310378657347,0.000322212224943773
0.045,200.2002002002,-1.81071848627708,0.000322863994458987
0.045,201.201201201201,-1.74963120760832,0.000322220792131684
0.045,202.202202202202,-1.83480923918969,0.000322097331656723
0.045,203.203203203203,-1.82652841481872,0.000322584321920506
0.045,204.204204204204,-1.85387730708274,0.000322112868938403
0.045,205.205205205205,-1.76695973888137,0.000322949112106379
0.045,206.206206206206,-1.7048704389221,0.000323090430154091
0.045,207.207207207207,-1.78167174255722,0.000322878558414153
0.045,208.208208208208,-1.86150943297676,0.000322203908002906
0.045,209.209209209209,-1.76355900592997,0.000322151993105255
0.045,210.21021021021,-1.77417448114363,0.000322584393981789
0.045,211.211211211211,-1.74154327824959,0.000322950144045085
0.045,212.212212212212,-1.82544197881454,0.000322311681905413
0.045,213.213213213213,-1.84800436041368,0.000322493234521499
0.045,214.214214214214,-1.7848131140857,0.000322743696458299
0.045,215.215215215215,-1.68938464317498,0.000323020838218638
0.045,216.216216216216,-1.80546187555906,0.000321922221096109
0.045,217.217217217217,-1.8146293150845,0.000321773767806848
0.045,218.218218218218,-1.75525108129143,0.000322463894420937
0.045,219.219219219219,-1.72002146544325,0.000322485930256014
0.045,220.22022022022,-1.72764771443204,0.00032280440970377
0.045,221.221221221221,-1.77536919424332,0.000321946630313862
0.045,222.222222222222,-1.82568184659149,0.000322057357554354
0.045,223.223223223223,-1.79034006172483,0.000322950215636531
0.045,224.224224224224,-1.77470520184407,0.000322809398905123
0.045,225.225225225225,-1.87897222364283,0.000322613427924678
0.045,226.226226226226,-1.77643422458549,0.000322562945443227
0.045,227.227227227227,-1.65374782007423,0.000322864143749761
0.045,228.228228228228,-1.7317450417868,0.000322823888391091
0.045,229.229229229229,-1.75664033917109,0.000323061466393136
0.045,230.23023023023,-1.80339026469118,0.000322916377197042
0.045,231.231231231231,-1.75813780795306,0.000322198982347036
0.045,232.232232232232,-1.77895476829047,0.000323051296531765
0.045,233.233233233233,-1.73593110564963,0.000323595229068826
0.045,234.234234234234,-1.74476784818863,0.000322961702803984
0.045,235.235235235235,-1.9311949109088,0.000322352428831267
0.045,236.236236236236,-1.76628473731032,0.000322654985848288
0.045,237.237237237237,-1.64439715575359,0.000322929233352672
0.045,238.238238238238,-1.82972846364124,0.000322924949083325
0.045,239.239239239239,-1.77689016341244,0.000322016715930766
0.045,240.24024024024,-1.856285648566,0.000322708095776888
0.045,241.241241241241,-1.78030011341586,0.000322964400021959
0.045,242.242242242242,-1.78648071797411,0.000322955335041521
0.045,243.243243243243,-1.89943193646699,0.000322392169483271
0.045,244.244244244244,-1.70844643312577,0.00032333797369705
0.045,245.245245245245,-1.81937999022688,0.000323453399544579
0.045,246.246246246246,-1.81293634579974,0.000322167545480456
0.045,247.247247247247,-1.73764274469219,0.000322335717778772
0.045,248.248248248248,-1.60093654689277,0.000323129195600233
0.045,249.249249249249,-1.71360900090319,0.00032294125907103
0.045,250.25025025025,-1.75177380916426,0.000323100476918113
0.045,251.251251251251,-1.7785597930521,0.000322302529711444
0.045,252.252252252252,-1.67438977313695,0.000322797258487756
0.045,253.253253253253,-1.72770046420635,0.000322711162991667
0.045,254.254254254254,-1.82098523247984,0.000322308927895866
0.045,255.255255255255,-1.73991967143477,0.000322484377737676
0.045,256.256256256256,-1.75595595303269,0.000322261357230536
0.045,257.257257257257,-1.80225901336504,0.000322779263722539
0.045,258.258258258258,-1.81981064181617,0.000321660895113457
0.045,259.259259259259,-1.88152338891233,0.000322268186666789
0.045,260.26026026026,-1.81690028754115,0.000322991842215104
0.045,261.261261261261,-1.67599883569641,0.000322585137029339
0.045,262.262262262262,-1.85634523332937,0.00032257038989639
0.045,263.263263263263,-1.74975005820422,0.000322454562396774
0.045,264.264264264264,-1.7460474536004,0.000322477412577199
0.045,265.265265265265,-1.87982888855666,0.000321858757658518
0.045,266.266266266266,-1.93355165125595,0.000322125340238626
0.045,267.267267267267,-1.69127855803937,0.000322778506521142
0.045,268.268268268268,-1.70068423496043,0.000322630755873432
0.045,269.269269269269,-1.72879972808678,0.000322233427463824
0.045,270.27027027027,-1.72908291891824,0.000322702453677999
0.045,271.271271271271,-1.92060968193538,0.000322312655701765
0.045,272.272272272272,-1.81068578039333,0.000322310611557515
0.045,273.273273273273,-1.7769682449656,0.000323372003536472
0.045,274.274274274274,-1.78725853474186,0.000323115948128935
0.045,275.275275275275,-1.72579413160055,0.000321978622410567
0.045,276.276276276276,-1.89123168494447,0.000321753469664699
0.045,277.277277277277,-1.77003063704573,0.000322967501241206
0.045,278.278278278278,-1.93806884617696,0.000322317640380935
0.045,279.279279279279,-1.87893240876036,0.000322177105728044
0.045,280.28028028028,-1.83650198638877,0.000323209350474615
0.045,281.281281281281,-1.73281681979812,0.000323228130279083
0.045,282.282282282282,-1.84776090699157,0.000322286902397208
0.045,283.283283283283,-1.77615916856027,0.000322594161368858
0.045,284.284284284284,-1.78952496783829,0.000322916848854873
0.045,285.285285285285,-1.74378075988527,0.000323303995715909
0.045,286.286286286286,-1.78824279914031,0.000322979817084042
0.045,287.287287287287,-1.87487569483306,0.000322258042235357
0.045,288.288288288288,-1.77211546651975,0.000322712986077508
0.045,289.289289289289,-1.74029664628431,0.000322839615780653
0.045,290.29029029029,-1.63022312967513,0.000322483036234977
0.045,291.291291291291,-1.81754553165368,0.000322350346688932
0.045,292.292292292292,-1.87261623929582,0.000321698505875921
0.045,293.293293293293,-1.85487373918355,0.000322271038226288
0.045,294.294294294294,-1.67987638944542,0.000322966224634771
0.045,295.295295295295,-1.76069033027752,0.000323172766893756
0.045,296.296296296296,-1.89566594132832,0.000322462984698635
0.045,297.297297297297,-1.82867707812081,0.000322432147461797
0.045,298.298298298298,-1.84786856855639,0.000322045189240402
0.045,299.299299299299,-1.89955137098124,0.000322003707547879
0.045,300.3003003003,-1.78587428125491,0.000323294525089769
0.045,301.301301301301,-1.74419786361457,0.000322748003279832
0.045,302.302302302302,-1.89538647914458,0.000322727292620612
0.045,303.303303303303,-1.89114389661566,0.000322377396861653
0.045,304.304304304304,-1.70453239321474,0.000322711653912823
0.045,305.305305305305,-1.83693830019858,0.000322891432364867
0.045,306.306306306306,-1.73882752445522,0.000323042380196075
0.045,307.307307307307,-1.88579602316473,0.000322092892164907
0.045,308.308308308308,-1.65858095861813,0.000323717725496559
0.045,309.309309309309,-1.73194186953939,0.000322924542732867
0.045,310.31031031031,-1.77535488923212,0.000322729615202139
0.045,311.311311311311,-1.73520812005386,0.000322908944313619
0.045,312.312312312312,-1.76242666439909,0.000322806621932282
0.045,313.313313313313,-1.73312976661849,0.000321837189722575
0.045,314.314314314314,-1.85102929370544,0.000321819340137056
0.045,315.315315315315,-1.77567861433707,0.000322809055923959
0.045,316.316316316316,-1.82304405835846,0.000322684326947255
0.045,317.317317317317,-1.7869294646671,0.000322444976954165
0.045,318.318318318318,-1.80024275736134,0.000322857680199237
0.045,319.319319319319,-1.79022255176182,0.000323009027979371
0.045,320.32032032032,-1.71709337380811,0.000323199435499931
0.045,321.321321321321,-1.78646511264102,0.000322162215588394
0.045,322.322322322322,-1.74285904078814,0.000322334155393853
0.045,323.323323323323,-1.72915313920809,0.000323161554874719
0.045,324.324324324324,-1.77624931092181,0.000322306309728003
0.045,325.325325325325,-1.84406416469251,0.000322456043910963
0.045,326.326326326326,-1.68330875113249,0.000322813966956146
0.045,327.327327327327,-1.75354551245567,0.000322215392821174
0.045,328.328328328328,-1.8748349350198,0.000322460864734405
0.045,329.329329329329,-1.59336898849609,0.000323008205000765
0.045,330.33033033033,-1.79400466448127,0.00032320045017212
0.045,331.331331331331,-1.78422733786118,0.000323214130715868
0.045,332.332332332332,-1.75029748773397,0.000322937993819866
0.045,333.333333333333,-1.81045871389555,0.000322420884113045
0.045,334.334334334334,-1.8618561249019,0.000322521485598134
0.045,335.335335335335,-1.74083161195087,0.000323426042803077
0.045,336.336336336336,-1.79919258998336,0.000322627058019655
0.045,337.337337337337,-1.8970899951539,0.000322410594795563
0.045,338.338338338338,-1.78730627516587,0.00032255806794567
0.045,339.339339339339,-1.82460304003111,0.000322965387502319
0.045,340.34034034034,-1.72714483712992,0.000322782187695698
0.045,341.341341341341,-1.84742256434728,0.000322277014379435
0.045,342.342342342342,-1.84628728785931,0.000322432984241871
0.045,343.343343343343,-1.76465017904811,0.000322424610450702
0.045,344.344344344344,-1.67913482022126,0.000322723236281042
0.045,345.345345345345,-1.81892893009077,0.000322554676308297
0.045,346.346346346346,-1.75191580133756,0.000322888447371601
0.045,347.347347347347,-1.81510627120644,0.000322624929950733
0.045,348.348348348348,-1.88897292618444,0.00032202992182147
0.045,349.349349349349,-1.73227178234707,0.000322832490523145
0.045,350.35035035035,-1.67482478266998,0.000322495119978231
0.045,351.351351351351,-1.73331278645137,0.000322272083202977
0.045,352.352352352352,-1.79441333325742,0.000322659521069436
0.045,353.353353353353,-1.74480337790468,0.000323377030559722
0.045,354.354354354354,-1.71826657986414,0.000321884832742836
0.045,355.355355355355,-1.83707829602689,0.000321693918561572
0.045,356.356356356356,-1.88277511029671,0.00032225824408917
0.045,357.357357357357,-1.73491654301871,0.00032344558356764
0.045,358.358358358358,-1.80596422926796,0.00032303481640426
0.045,359.359359359359,-1.77493859199287,0.000322578863586697
0.045,360.36036036036,-1.80397847090752,0.000322700269287341
0.045,361.361361361361,-1.83939724846,0.000322937111465582
0.045,362.362362362362,-1.86672755472732,0.000322092896569631
0.045,363.363363363363,-1.78588090161238,0.00032236822669641
0.045,364.364364364364,-1.76873632986359,0.000322895309578999
0.045,365.365365365365,-1.78934048558024,0.000322950389535029
0.045,366.366366366366,-1.86251998151327,0.000322287999995665
0.045,367.367367367367,-1.89605522148225,0.000322223268937276
0.045,368.368368368368,-1.78774089567179,0.000322892643722659
0.045,369.369369369369,-1.78923682381141,0.000323191931788549
0.045,370.37037037037,-1.82851069915592,0.000322867114412993
0.045,371.371371371371,-1.83255121462821,0.000321946721521011
0.045,372.372372372372,-1.78824597082068,0.000323019442684659
0.045,373.373373373373,-1.70071358484432,0.000322732571770254
0.045,374.374374374374,-1.85626074866263,0.000322381708205369
0.045,375.375375375375,-1.78915749785765,0.000322138288012513
0.045,376.376376376376,-1.82993794308432,0.000322401116945676
0.045,377.377377377377,-1.75141846940935,0.000322655329416749
0.045,378.378378378378,-1.82189207298831,0.000323110595625957
0.045,379.379379379379,-1.87634854907114,0.000322246835090882
0.045,380.38038038038,-1.88794586486449,0.000322425650846479
0.045,381.381381381381,-1.70386595521229,0.000323016900160587
0.045,382.382382382382,-1.77663996180283,0.000322496721418368
0.045,383.383383383383,-1.75171448222359,0.000322301081379508
0.045,384.384384384384,-1.84854327560385,0.000321946132580065
0.045,385.385385385385,-1.88229169554707,0.000322538379652223
0.045,386.386386386386,-1.71754327308506,0.000322902667993224
0.045,387.387387387387,-1.80798085124185,0.000322360020284748
0.045,388.388388388388,-1.83601887827631,0.000323010243976805
0.045,389.389389389389,-1.76010318693691,0.000323204713474981
0.045,390.39039039039,-1.69083730706735,0.000322864388593678
0.045,391.391391391391,-1.87706613529568,0.000322691068054112
0.045,392.392392392392,-1.83839746384812,0.000322691366811849
0.045,393.393393393393,-1.73153573886019,0.000322566887553624
0.045,394.394394394394,-1.77830326570019,0.000323033895993162
0.045,395.395395395395,-1.80314687201917,0.00032221442959616
0.045,396.396396396396,-1.69805731756659,0.000322578863351778
0.045,397.397397397397,-1.76311432202795,0.000322847815320946
0.045,398.398398398398,-1.83185868683534,0.000321831256265885
0.045,399.399399399399,-1.78964097174722,0.000323017645381135
0.045,400.4004004004,-1.7848437092716,0.000322533367428846
0.045,401.401401401401,-1.75924976220973,0.000322687845558135
0.045,402.402402402402,-1.74047669026876,0.000322728166870204
0.045,403.403403403403,-1.94826784372021,0.000321994867149629
0.045,404.404404404404,-1.66360175817473,0.00032301199247599
0.045,405.405405405405,-1.79444083599115,0.000321814039551091
0.045,406.406406406406,-1.95357668187299,0.000322744282404032
0.045,407.407407407407,-1.7699903023672,0.000322523875131464
0.045,408.408408408408,-1.7954535660856,0.000322552345680807
0.045,409.409409409409,-1.89781973528589,0.000322645060008619
0.045,410.41041041041,-1.79385134430728,0.000322248560568043
0.045,411.411411411411,-1.82545273713252,0.000322546624531807
0.045,412.412412412412,-1.76847043320185,0.000322667225518767
0.045,413.413413413413,-1.82508714834266,0.000322605984234999
0.045,414.414414414414,-1.74825516623381,0.000323105535714103
0.045,415.415415415415,-1.84906304529099,0.000322433200601907
0.045,416.416416416416,-1.79946123941166,0.000322443444521369
0.045,417.417417417417,-1.82755775346932,0.000322716887194609
0.045,418.418418418418,-1.65668671403357,0.000323193199879184
0.045,419.419419419419,-1.80507064231377,0.000321934656512516
0.045,420.42042042042,-1.80975627758747,0.000322161267221982
0.045,421.421421421421,-1.71666106866752,0.000322697294571763
0.045,422.422422422422,-1.79638966733697,0.000322133561978728
0.045,423.423423423423,-1.83753888362033,0.000322585435610887
0.045,424.424424424424,-1.74294507773905,0.000322828007277739
0.045,425.425425425425,-1.69416516132109,0.000323152243875772
0.045,426.426426426426,-1.75963548144012,0.000321771452449067
0.045,427.427427427427,-1.68286291651159,0.000322236750622424
0.045,428.428428428428,-1.76011486452547,0.000322966782155353
0.045,429.429429429429,-1.81125954033364,0.000322462310775884
0.045,430.43043043043,-1.85441758368467,0.000322250693511526
0.045,431.431431431431,-1.78647646576217,0.000323108609917711
0.045,432.432432432432,-1.81665104763707,0.000322628449442558
0.045,433.433433433433,-1.92887995169704,0.000321853712252888
0.045,434.434434434434,-1.7228294355495,0.000322992321155412
0.045,435.435435435435,-1.73918925122836,0.000322797833744692
0.045,436.436436436436,-1.84526256513207,0.000322507883693389
0.045,437.437437437437,-1.78651506751486,0.000322194795392722
0.045,438.438438438438,-1.82277183567144,0.000322331284805948
0.045,439.439439439439,-1.81183977694664,0.000322998961540917
0.045,440.44044044044,-1.72875776797769,0.000323007097476997
0.045,441.441441441441,-1.71430258930361,0.00032251389960651
0.045,442.442442442442,-1.78253975675473,0.000321972259170287
0.045,443.443443443443,-1.80045843020948,0.000323268593012152
0.045,444.444444444444,-1.73522630697979,0.000323380106407759
0.045,445.445445445446,-1.76464792432876,0.000323238624563049
0.045,446.446446446446,-1.81354554410048,0.000322684290828519
0.045,447.447447447447,-1.82994997816332,0.000321808799456666
0.045,448.448448448449,-1.72275365581687,0.000323391827906522
0.045,449.44944944945,-1.80758278606235,0.00032238746805721
0.045,450.45045045045,-1.90199939421531,0.000321969212041049
0.045,451.451451451451,-1.77100583966354,0.000322291332962116
0.045,452.452452452453,-1.68225011459514,0.000322441734959944
0.045,453.453453453454,-1.67740892602876,0.000322884622779236
0.045,454.454454454454,-1.88149138492498,0.000321614113715914
0.045,455.455455455455,-1.81890456859727,0.000322480804919328
0.045,456.456456456457,-1.71341766221889,0.00032283550611456
0.045,457.457457457458,-1.71232166468984,0.000322974890840875
0.045,458.458458458458,-1.76440788312187,0.000322403738578589
0.045,459.459459459459,-1.83854536746829,0.000321838410770759
0.045,460.460460460461,-1.84029753029594,0.000322106113736429
0.045,461.461461461462,-1.67468511685584,0.000322460807061888
0.045,462.462462462462,-1.8544630802098,0.000322431549711404
0.045,463.463463463463,-1.90168334957228,0.000322414201794569
0.045,464.464464464465,-1.76946358329422,0.000322778942118967
0.045,465.465465465466,-1.65603087607412,0.000323432733108786
0.045,466.466466466466,-1.74587701017813,0.000322583319229166
0.045,467.467467467467,-1.95171015431021,0.000322225786207598
0.045,468.468468468469,-1.78180872123764,0.00032255266699073
0.045,469.46946946947,-1.87276592816666,0.000322263415646091
0.045,470.470470470471,-1.77125467685351,0.000322857671859626
0.045,471.471471471471,-1.81215932981342,0.000321708390957212
0.045,472.472472472473,-1.90283323163549,0.000322279190430482
0.045,473.473473473474,-1.7304036842913,0.000323102332070344
0.045,474.474474474475,-1.81224516816692,0.000321832200345032
0.045,475.475475475475,-1.84544616295897,0.000321747905969895
0.045,476.476476476477,-1.82410544856811,0.000322603337641985
0.045,477.477477477478,-1.68361733535778,0.000322576579179443
0.045,478.478478478479,-1.91408896195451,0.000321818499304636
0.045,479.479479479479,-1.82704674694446,0.000322531367566753
0.045,480.480480480481,-1.81079477206319,0.000322774360912503
0.045,481.481481481482,-1.76713294753247,0.000321892864198866
0.045,482.482482482483,-1.86578145632171,0.000322099265330498
0.045,483.483483483484,-1.71560730053953,0.000322978807521333
0.045,484.484484484485,-1.853776472218,0.000322417525892843
0.045,485.485485485486,-1.87276859130114,0.000322283088669829
0.045,486.486486486487,-1.78102389518795,0.000322672336290499
0.045,487.487487487488,-1.73534650294386,0.000322705743947994
0.045,488.488488488489,-1.77221266219449,0.000322534873080921
0.045,489.48948948949,-1.74316307150596,0.000322989200026813
0.045,490.490490490491,-1.79238408491637,0.00032290436733569
0.045,491.491491491492,-1.75412455579263,0.000322416498300131
0.045,492.492492492493,-1.72251238655472,0.0003232918825491
0.045,493.493493493494,-1.84778501941402,0.000322477023434528
0.045,494.494494494495,-1.90034872546842,0.000322381359468699
0.045,495.495495495496,-1.76959807901928,0.000322539340351862
0.045,496.496496496497,-1.91519739661252,0.000322539895523257
0.045,497.497497497498,-1.85440866021938,0.000322613930474306
0.045,498.498498498499,-1.73267942668801,0.000322759113168005
0.045,499.4994994995,-1.88824433634235,0.00032265573541483
0.045,500.500500500501,-1.76515008044536,0.000323243548750678
0.045,501.501501501502,-1.77791175901095,0.000323171620549688
0.045,502.502502502503,-1.87378805097245,0.000322165613451111
0.045,503.503503503504,-1.84489139896471,0.000323310468780637
0.045,504.504504504505,-1.75246182530793,0.000322986432509446
0.045,505.505505505506,-1.89057705073729,0.000322521728327784
0.045,506.506506506507,-1.82141282099125,0.000322403162616896
0.045,507.507507507508,-1.78738953308528,0.000322416978180113
0.045,508.508508508509,-1.79089922676939,0.000322746332068869
0.045,509.50950950951,-1.67712035435962,0.000322994104540009
0.045,510.510510510511,-1.8020488661751,0.000322133574723062
0.045,511.511511511512,-1.78821062179316,0.000322208419379815
0.045,512.512512512513,-1.70085034485404,0.000323339690893329
0.045,513.513513513514,-1.75881057516459,0.0003218401041228
0.045,514.514514514515,-1.65094051310873,0.000323323794773479
0.045,515.515515515516,-1.88078117973026,0.00032255691026678
0.045,516.516516516517,-1.714944047505,0.000322423167110787
0.045,517.517517517518,-1.77487228370544,0.000323072672950315
0.045,518.518518518519,-1.74864167292367,0.000322589420124093
0.045,519.51951951952,-1.83936143073466,0.000322160023386693
0.045,520.520520520521,-1.73938066994471,0.000323577937238808
0.045,521.521521521522,-1.80328958840772,0.000322512305683769
0.045,522.522522522523,-1.74492018751736,0.0003221829860344
0.045,523.523523523524,-1.78971023539383,0.000322883522244297
0.045,524.524524524525,-1.92995866853535,0.000322356589122319
0.045,525.525525525526,-1.80505988660544,0.000323041339976488
0.045,526.526526526527,-1.81588469865379,0.000322486519842985
0.045,527.527527527528,-1.90584875013803,0.000322010018225121
0.045,528.528528528529,-1.67484292354694,0.000323036855967597
0.045,529.52952952953,-1.74006217854581,0.000322536429123038
0.045,530.530530530531,-1.91587486282204,0.000322028199163333
0.045,531.531531531532,-1.77161679323223,0.000323098495438401
0.045,532.532532532533,-1.6698695029471,0.000322710303424487
0.045,533.533533533534,-1.81263570242773,0.000322145370808483
0.045,534.534534534535,-1.7910503936267,0.000322059990991926
0.045,535.535535535536,-1.82444480387218,0.000322781852584306
0.045,536.536536536537,-1.65523492115615,0.000322495783094726
0.045,537.537537537538,-1.79497634732149,0.000321927115977642
0.045,538.538538538539,-1.83438577424212,0.000322134120732632
0.045,539.53953953954,-1.79109752145148,0.000322702369694597
0.045,540.540540540541,-1.64925357605064,0.000322924014107273
0.045,541.541541541542,-1.73318647412831,0.000321998271942444
0.045,542.542542542543,-1.89983849380204,0.000321873502735929
0.045,543.543543543544,-1.76525094895279,0.000322732227849415
0.045,544.544544544545,-1.73590419900456,0.00032312627403499
0.045,545.545545545546,-1.85973010706002,0.000322317637796831
0.045,546.546546546547,-1.77024559765894,0.000322032392519179
0.045,547.547547547548,-1.71307588738869,0.000322858053073794
0.045,548.548548548549,-1.71540213146086,0.000322593046621343
0.045,549.54954954955,-1.68747361464689,0.000323135117428452
0.045,550.550550550551,-1.72155392757802,0.000322383129286746
0.045,551.551551551552,-1.76931075211553,0.000322355264063922
0.045,552.552552552553,-1.88918498392837,0.000322631613326343
0.045,553.553553553554,-1.82002925236193,0.000322220127664407
0.045,554.554554554555,-1.72880468388096,0.000322893275653709
0.045,555.555555555556,-1.74107963090117,0.000323098139771632
0.045,556.556556556557,-1.79959337164451,0.000322328800952797
0.045,557.557557557558,-1.8836643009914,0.000322279207696999
0.045,558.558558558559,-1.76082452838067,0.000322906480722199
0.045,559.55955955956,-1.68185912957917,0.000322589660563286
0.045,560.560560560561,-1.87851231425817,0.000321792729908155
0.045,561.561561561562,-1.85160155939785,0.000322690423261269
0.045,562.562562562563,-1.72618100941052,0.000322650415213161
0.045,563.563563563564,-1.71987469760076,0.000321926628169157
0.045,564.564564564565,-1.93539999692941,0.000321599261985456
0.045,565.565565565566,-1.74699337499187,0.000323094961616541
0.045,566.566566566567,-1.80184116398586,0.000322294690301374
0.045,567.567567567568,-1.82339998855993,0.00032253148449749
0.045,568.568568568569,-1.70452553372007,0.000323159394798137
0.045,569.56956956957,-1.65551395144796,0.000323103981668795
0.045,570.570570570571,-1.84314324483846,0.000322351715500919
0.045,571.571571571572,-1.7231228854876,0.00032248223868631
0.045,572.572572572573,-1.66790675326279,0.000322954386029083
0.045,573.573573573574,-1.79627078043778,0.000322234397031641
0.045,574.574574574575,-1.86277445728023,0.00032226628053722
0.045,575.575575575576,-1.74676244870464,0.000322604934618668
0.045,576.576576576577,-1.75255882449306,0.000321910401812476
0.045,577.577577577578,-1.84196427113846,0.000322225100303999
0.045,578.578578578579,-1.80872222891913,0.000322779478555604
0.045,579.57957957958,-1.7089775101431,0.000323217065788931
0.045,580.580580580581,-1.78797706102696,0.000322340584000235
0.045,581.581581581582,-1.88826397226876,0.000321638040587039
0.045,582.582582582583,-1.81947166201953,0.000322317161323168
0.045,583.583583583584,-1.74601268057945,0.000322840844346232
0.045,584.584584584585,-1.74523201727468,0.000322836405089336
0.045,585.585585585586,-1.77824790778462,0.000322229812007749
0.045,586.586586586587,-1.77736853240772,0.000322885926048932
0.045,587.587587587588,-1.69460061259604,0.000323214811098881
0.045,588.588588588589,-1.89702943208072,0.000322127710861009
0.045,589.58958958959,-1.78299786998603,0.000322539193175355
0.045,590.590590590591,-1.69435679942746,0.000322884039476338
0.045,591.591591591592,-1.95268307987583,0.000321926062191505
0.045,592.592592592593,-1.83836080370054,0.000322546651723635
0.045,593.593593593594,-1.78491355333185,0.000322980805797725
0.045,594.594594594595,-1.81243524343367,0.000323380046444785
0.045,595.595595595596,-1.77959213773523,0.000321884430327264
0.045,596.596596596597,-1.76817048540628,0.000322671162402225
0.045,597.597597597598,-1.76295226920426,0.000322878996419894
0.045,598.598598598599,-1.89452650881501,0.000322034571095601
0.045,599.5995995996,-1.84194424260261,0.000322355857761969
0.045,600.600600600601,-1.67201489838889,0.000323007450031095
0.045,601.601601601602,-1.83237542294126,0.000322427370685593
0.045,602.602602602603,-1.8812198405839,0.000322603868792953
0.045,603.603603603604,-1.78860080298419,0.000322580396313141
0.045,604.604604604605,-1.80973609445278,0.00032288672864835
0.045,605.605605605606,-1.84210275114443,0.000322350181717341
0.045,606.606606606607,-1.66811814253606,0.000322932633153467
0.045,607.607607607608,-1.79760487766967,0.000323052450921795
0.045,608.608608608609,-1.8352542378766,0.000322362038235573
0.045,609.60960960961,-1.69453176936013,0.000322997627027046
0.045,610.610610610611,-1.72407901153237,0.000322944605016735
0.045,611.611611611612,-1.88623107796022,0.000322295656932708
0.045,612.612612612613,-1.81247739601848,0.000322205341828618
0.045,613.613613613614,-1.79288663609983,0.000322858473636828
0.045,614.614614614615,-1.76636168723101,0.000322673881878737
0.045,615.615615615616,-1.80573842631487,0.00032198709997703
0.045,616.616616616617,-1.82690287850694,0.00032243710477295
0.045,617.617617617618,-1.69228645954239,0.000322957115489636
0.045,618.618618618619,-1.8294541616052,0.000321957259617296
0.045,619.61961961962,-1.81971657579079,0.00032257100673392
0.045,620.620620620621,-1.64301495711844,0.000322859951862156
0.045,621.621621621622,-1.83026403017982,0.000322277415561684
0.045,622.622622622623,-1.89437350511964,0.000321833359785812
0.045,623.623623623624,-1.73900863585374,0.000322300002104703
0.045,624.624624624625,-1.69740160732732,0.000322976946672326
0.045,625.625625625626,-1.76899354962203,0.000322093638560048
0.045,626.626626626627,-1.76916191317974,0.00032226579184779
0.045,627.627627627628,-1.71536852938229,0.000323344845477382
0.045,628.628628628629,-1.76678966375431,0.000322419464617368
0.045,629.62962962963,-1.79581127367835,0.000322472010506395
0.045,630.630630630631,-1.70588473419415,0.000321896075888588
0.045,631.631631631632,-1.67556749215546,0.000323149614373086
0.045,632.632632632633,-1.88091699631354,0.000322791100977445
0.045,633.633633633634,-1.73319294313085,0.000322767080784904
0.045,634.634634634635,-1.75454670431882,0.000322731798359474
0.045,635.635635635636,-1.67427333968609,0.000322885053796148
0.045,636.636636636637,-1.74485136264359,0.000322083902358424
0.045,637.637637637638,-1.79099521463123,0.000322451852551925
0.045,638.638638638639,-1.7548020753611,0.000322499623309178
0.045,639.63963963964,-1.69944082189029,0.00032237502130598
0.045,640.640640640641,-1.74701569826819,0.000322085137325535
0.045,641.641641641642,-1.82322151514509,0.000321905268664747
0.045,642.642642642643,-1.79638057004901,0.00032227035866549
0.045,643.643643643644,-1.6919104549322,0.000323361173495089
0.045,644.644644644645,-1.80145526282376,0.000322605310899545
0.045,645.645645645646,-1.91498482716272,0.000322453506731289
0.045,646.646646646647,-1.63431068753004,0.000322753195392131
0.045,647.647647647648,-1.78735313067379,0.000322357508417554
0.045,648.648648648649,-1.82699148913485,0.000322038669720519
0.045,649.64964964965,-1.73011977485984,0.000322245563593927
0.045,650.650650650651,-1.71782906910586,0.000322432866019083
0.045,651.651651651652,-1.74602258878305,0.000323124947390892
0.045,652.652652652653,-1.71032231395239,0.000323399804567788
0.045,653.653653653654,-1.78688416481476,0.000322248928215661
0.045,654.654654654655,-1.89358606321996,0.000322502257803884
0.045,655.655655655656,-1.81577612950188,0.000322639369399038
0.045,656.656656656657,-1.80330727816666,0.00032279427343576
0.045,657.657657657658,-1.84583076106447,0.000322331998136295
0.045,658.658658658659,-1.69982503618617,0.000322732422773129
0.045,659.65965965966,-1.75779236124568,0.000322685036988741
0.045,660.660660660661,-1.80823251031521,0.000322372107258132
0.045,661.661661661662,-1.70931478492605,0.000322951597075393
0.045,662.662662662663,-1.86494548945072,0.000322088628098561
0.045,663.663663663664,-1.9110235517098,0.000322304261355218
0.045,664.664664664665,-1.64293297230374,0.000322410429354135
0.045,665.665665665666,-1.80102716203577,0.000322644893216409
0.045,666.666666666667,-1.87604786384489,0.00032225397385621
0.045,667.667667667668,-1.72705152996137,0.000323087695584059
0.045,668.668668668669,-1.84656112208797,0.000322284632026341
0.045,669.66966966967,-1.7068156109775,0.000323026107912807
0.045,670.670670670671,-1.85759803575029,0.000323226015071955
0.045,671.671671671672,-1.92112746587047,0.00032238858867769
0.045,672.672672672673,-1.75711033689459,0.000322633406753711
0.045,673.673673673674,-1.6956492164642,0.000322911881266031
0.045,674.674674674675,-1.69927214148108,0.000322106923383404
0.045,675.675675675676,-1.76864102564798,0.000322331146086511
0.045,676.676676676677,-1.68682416094129,0.000323027273931308
0.045,677.677677677678,-1.67716220252074,0.000323179287000935
0.045,678.678678678679,-1.85729496300566,0.000321803455469488
0.045,679.67967967968,-1.85341390958634,0.000322439999733661
0.045,680.680680680681,-1.70564068807495,0.000322546972446262
0.045,681.681681681682,-1.81540164647479,0.000322351116458474
0.045,682.682682682683,-1.78125458213017,0.000322016081885448
0.045,683.683683683684,-1.80254670257765,0.000322619871800769
0.045,684.684684684685,-1.75223428120067,0.000322515421174321
0.045,685.685685685686,-1.8282551155263,0.000322869427656506
0.045,686.686686686687,-1.67900626889897,0.000322691001689606
0.045,687.687687687688,-1.62932801590862,0.00032299887162582
0.045,688.688688688689,-1.9178413669264,0.000322722339068156
0.045,689.68968968969,-1.81197531266899,0.000322799734823511
0.045,690.690690690691,-1.70993455216956,0.000323034105481829
0.045,691.691691691692,-1.83415105732263,0.000322642536865332
0.045,692.692692692693,-1.85867640993827,0.000322295050079219
0.045,693.693693693694,-1.78034053150911,0.000322453674228255
0.045,694.694694694695,-1.76621354871487,0.000323315384452467
0.045,695.695695695696,-1.77754411536719,0.000322982942441176
0.045,696.696696696697,-1.76188817693866,0.000322517252775962
0.045,697.697697697698,-1.73424406657409,0.000322996390239315
0.045,698.698698698699,-1.78170174555124,0.000322866630304476
0.045,699.6996996997,-1.84225770035003,0.000321858832715013
0.045,700.700700700701,-1.75405859982572,0.000322795372443728
0.045,701.701701701702,-1.69240159906555,0.000322488661772105
0.045,702.702702702703,-1.64438346561359,0.000323004469677471
0.045,703.703703703704,-1.88329979144971,0.000322624027922016
0.045,704.704704704705,-1.69917306724169,0.000322443797016737
0.045,705.705705705706,-1.63824347182695,0.000323245664075265
0.045,706.706706706707,-1.65849882185993,0.000322938289112554
0.045,707.707707707708,-1.78734950465439,0.000322683851002159
0.045,708.708708708709,-1.67132854902118,0.000323008002266008
0.045,709.70970970971,-1.79283863625162,0.000321861393327818
0.045,710.710710710711,-1.87059653914395,0.000322637951489062
0.045,711.711711711712,-1.75825477573201,0.000323011384506637
0.045,712.712712712713,-1.76879646584959,0.000322582075335148
0.045,713.713713713714,-1.86914037464114,0.000322375137003394
0.045,714.714714714715,-1.65897393173109,0.000323167616009672
0.045,715.715715715716,-1.89443711268804,0.000322205178383998
0.045,716.716716716717,-1.75744914459151,0.00032307384836556
0.045,717.717717717718,-1.75752875749149,0.000322693134045792
0.045,718.718718718719,-1.75172496694832,0.000322239113786141
0.045,719.71971971972,-1.72623227474811,0.000322204836812345
0.045,720.720720720721,-1.72193809159528,0.000322778400044284
0.045,721.721721721722,-1.69334649227663,0.000323439194897421
0.045,722.722722722723,-1.77186090634613,0.000322015371961421
0.045,723.723723723724,-1.71902706969401,0.000322819285219737
0.045,724.724724724725,-1.69825594859956,0.000323030909649113
0.045,725.725725725726,-1.7861404748791,0.000322557104955575
0.045,726.726726726727,-1.77871350817277,0.00032171513870052
0.045,727.727727727728,-1.85652712657765,0.000322784576289354
0.045,728.728728728729,-1.81234140318976,0.000322876810208617
0.045,729.72972972973,-1.77757421128996,0.000322408972741318
0.045,730.730730730731,-1.86883697052905,0.000322663451316443
0.045,731.731731731732,-1.71060165911164,0.000323315130153076
0.045,732.732732732733,-1.82890732697177,0.000322820228535399
0.045,733.733733733734,-1.75749881096811,0.00032249258896517
0.045,734.734734734735,-1.82156605968372,0.000322549785714028
0.045,735.735735735736,-1.9086466828272,0.00032258007288895
0.045,736.736736736737,-1.96790695824911,0.000322602567989902
0.045,737.737737737738,-1.56315026466569,0.000323246358729583
0.045,738.738738738739,-1.75132219790731,0.000322590188601583
0.045,739.73973973974,-1.87592695788172,0.000322453670821935
0.045,740.740740740741,-1.65424116046988,0.000323243990573846
0.045,741.741741741742,-1.74665244525284,0.000322770746924669
0.045,742.742742742743,-1.8440324718392,0.000322286675407105
0.045,743.743743743744,-1.86949268873068,0.000322302344713041
0.045,744.744744744745,-1.73188936354581,0.000322687848612077
0.045,745.745745745746,-1.72823752497926,0.000322768954906813
0.045,746.746746746747,-1.79765339635793,0.000321535859567973
0.045,747.747747747748,-1.86200506833885,0.000322160281033674
0.045,748.748748748749,-1.827499230524,0.000322957298315041
0.045,749.74974974975,-1.7444163197559,0.000322803705124141
0.045,750.750750750751,-1.72503886826165,0.000323037882033338
0.045,751.751751751752,-1.73977715217602,0.000321866384760898
0.045,752.752752752753,-1.9163175239326,0.000322338000365407
0.045,753.753753753754,-1.74112193515917,0.000323174806750741
0.045,754.754754754755,-1.71885665537,0.000322585972517361
0.045,755.755755755756,-1.78005563153383,0.000321800048914783
0.045,756.756756756757,-1.85198334784063,0.000322505866153672
0.045,757.757757757758,-1.64466594882512,0.000322683656313364
0.045,758.758758758759,-1.80756793528338,0.000322213272739485
0.045,759.75975975976,-1.77222795140944,0.000322321523996599
0.045,760.760760760761,-1.71950350220307,0.000322646775501739
0.045,761.761761761762,-1.85395232948159,0.000322177305056481
0.045,762.762762762763,-1.90044106605331,0.000322945623976188
0.045,763.763763763764,-1.68821817509762,0.000322691685302749
0.045,764.764764764765,-1.74369634140883,0.000323007347958961
0.045,765.765765765766,-1.95514847261515,0.000322379086807375
0.045,766.766766766767,-1.80828140658872,0.000323031895250124
0.045,767.767767767768,-1.83543972345578,0.000322495592458277
0.045,768.768768768769,-1.80762260503544,0.000322221757823343
0.045,769.76976976977,-1.77370865999831,0.000322823221750817
0.045,770.770770770771,-1.77705240087424,0.000322387808982837
0.045,771.771771771772,-1.79596368290927,0.000323158285336291
0.045,772.772772772773,-1.78284068080259,0.000322623750541872
0.045,773.773773773774,-1.78879402872389,0.000322183511488592
0.045,774.774774774775,-1.74454753197284,0.000323107209450441
0.045,775.775775775776,-1.67200218395224,0.000322507020367513
0.045,776.776776776777,-1.83509282605629,0.000322230688782716
0.045,777.777777777778,-1.80997514092833,0.000322990356648569
0.045,778.778778778779,-1.72320084350664,0.000322851317839902
0.045,779.77977977978,-1.86407469141727,0.000322422187793849
0.045,780.780780780781,-1.67174005017813,0.000322571454312594
0.045,781.781781781782,-1.71285697341038,0.000322941346167103
0.045,782.782782782783,-1.79921037817274,0.000322413364368468
0.045,783.783783783784,-1.68424260866962,0.000323036567663738
0.045,784.784784784785,-1.81114425060049,0.0003218511859382
0.045,785.785785785786,-1.84177618203823,0.000322495313786081
0.045,786.786786786787,-1.75054868315993,0.000323122260626796
0.045,787.787787787788,-1.83024712313143,0.000322593121031811
0.045,788.788788788789,-1.78108907161053,0.000322068210441571
0.045,789.78978978979,-1.89850487440203,0.000322648626895273
0.045,790.790790790791,-1.73482629216061,0.000322811360592942
0.045,791.791791791792,-1.74276362772989,0.000322951915625023
0.045,792.792792792793,-1.84561696746144,0.000323010414116606
0.045,793.793793793794,-1.74931644595099,0.000322879493272745
0.045,794.794794794795,-1.79803212065578,0.000321930789164965
0.045,795.795795795796,-1.84012160606069,0.000321893838288866
0.045,796.796796796797,-1.63387196182651,0.00032275671429666
0.045,797.797797797798,-1.83815375413656,0.000322357839065492
0.045,798.798798798799,-1.83394590808992,0.000322323290525787
0.045,799.7997997998,-1.6535630547604,0.000323182441429246
0.045,800.800800800801,-1.71704694878497,0.000322527082886299
0.045,801.801801801802,-1.82065165471753,0.000322200926768337
0.045,802.802802802803,-1.76757823401088,0.000322575171312237
0.045,803.803803803804,-1.73347208124309,0.000322169090363938
0.045,804.804804804805,-1.90237830007694,0.000322362331002886
0.045,805.805805805806,-1.7620925411026,0.00032281634409752
0.045,806.806806806807,-1.83790191676119,0.000322337749413606
0.045,807.807807807808,-1.86230765116544,0.000322708262392909
0.045,808.808808808809,-1.82010970403525,0.00032285973726401
0.045,809.80980980981,-1.76219292353393,0.000322679561447144
0.045,810.810810810811,-1.88989432090803,0.000322033287324149
0.045,811.811811811812,-1.69303850209216,0.00032317781323906
0.045,812.812812812813,-1.74133073413874,0.000322474494653194
0.045,813.813813813814,-1.88168552695715,0.000322403136071094
0.045,814.814814814815,-1.81044338457381,0.000322916469813702
0.045,815.815815815816,-1.72939896679769,0.000322635169171823
0.045,816.816816816817,-1.85171487385489,0.000322515999837577
0.045,817.817817817818,-1.70004130497094,0.000322674059124825
0.045,818.818818818819,-1.77403119548593,0.000322586196042415
0.045,819.81981981982,-1.86103102629463,0.000322442720560955
0.045,820.820820820821,-1.78842043506564,0.000322664799220675
0.045,821.821821821822,-1.80707716543152,0.00032277969491564
0.045,822.822822822823,-1.82346383452162,0.000321873398960635
0.045,823.823823823824,-1.75766775130325,0.000322954651839486
0.045,824.824824824825,-1.90558320457946,0.000321981350344149
0.045,825.825825825826,-1.78724299006999,0.000322871429515407
0.045,826.826826826827,-1.69535950457485,0.000323081263453898
0.045,827.827827827828,-1.96718906020086,0.000322684972621043
0.045,828.828828828829,-1.77647512827972,0.000322714186041747
0.045,829.82982982983,-1.90358958643289,0.000322442981731715
0.045,830.830830830831,-1.74832322953352,0.00032201873229589
0.045,831.831831831832,-1.68018225875371,0.000322905527539955
0.045,832.832832832833,-1.85143391239938,0.000322132110005554
0.045,833.833833833834,-1.87021049177602,0.000321540053276197
0.045,834.834834834835,-1.67469556474589,0.000322573085000097
0.045,835.835835835836,-1.63818861182454,0.000323174180810115
0.045,836.836836836837,-1.84397581452294,0.000322461971494688
0.045,837.837837837838,-1.77887257303696,0.000322442548424346
0.045,838.838838838839,-1.75677494146984,0.000323050822759666
0.045,839.83983983984,-1.9150074911473,0.00032221284894632
0.045,840.840840840841,-1.82237842341047,0.000322236396130248
0.045,841.841841841842,-1.75818758605806,0.000323246657957158
0.045,842.842842842843,-1.84183131912037,0.000321807422246338
0.045,843.843843843844,-1.79752255006682,0.000322309597531352
0.045,844.844844844845,-1.78889600165979,0.000322917866169896
0.045,845.845845845846,-1.82853915877638,0.000322165307645815
0.045,846.846846846847,-1.80504912003078,0.000322224530391461
0.045,847.847847847848,-1.60845002998823,0.000322777680077487
0.045,848.848848848849,-1.68007367835929,0.000322213825150587
0.045,849.84984984985,-1.91458581240437,0.000321920085333603
0.045,850.850850850851,-1.79250337379602,0.000322889629540755
0.045,851.851851851852,-1.74761510234236,0.000322816111351911
0.045,852.852852852853,-1.79223091888452,0.000322147692039228
0.045,853.853853853854,-1.93262882776518,0.000321727948224807
0.045,854.854854854855,-1.78588245659682,0.000322750380714854
0.045,855.855855855856,-1.84561936139888,0.00032224394529838
0.045,856.856856856857,-1.77918860689699,0.000322101616219717
0.045,857.857857857858,-1.70487254306123,0.000323048160896942
0.045,858.858858858859,-1.90800031925754,0.000322057033307948
0.045,859.85985985986,-1.86089767345288,0.000322723142900896
0.045,860.860860860861,-1.83385971161111,0.000322680398931974
0.045,861.861861861862,-1.88991713421536,0.000322441821116342
0.045,862.862862862863,-1.73122811753405,0.000322781183653576
0.045,863.863863863864,-1.70822784523497,0.00032275772368318
0.045,864.864864864865,-1.83482313497891,0.000321790431934351
0.045,865.865865865866,-1.75742698420988,0.000323322943017343
0.045,866.866866866867,-1.84581152315519,0.000322746186654252
0.045,867.867867867868,-1.88207419238403,0.000322710742369903
0.045,868.868868868869,-1.66314749380281,0.000323192175516603
0.045,869.86986986987,-1.80638149413942,0.000322556539036653
0.045,870.870870870871,-1.66697631015831,0.000322853819605596
0.045,871.871871871872,-1.88500595737292,0.00032244105980387
0.045,872.872872872873,-1.68582368607156,0.000323631464441582
0.045,873.873873873874,-1.72179271809161,0.000322981547377034
0.045,874.874874874875,-1.83087662277065,0.00032221936200594
0.045,875.875875875876,-1.80400693319603,0.000322620623129201
0.045,876.876876876877,-1.85179550232354,0.000322687547152776
0.045,877.877877877878,-1.83025662340356,0.000322796851197623
0.045,878.878878878879,-1.78892261286825,0.000321977928930842
0.045,879.87987987988,-1.76886351036795,0.00032245574110088
0.045,880.880880880881,-1.67937274373421,0.000322721043080937
0.045,881.881881881882,-1.70998681231754,0.000322511494392363
0.045,882.882882882883,-1.91519751025801,0.000321803736960707
0.045,883.883883883884,-1.73829013415652,0.000322557256830454
0.045,884.884884884885,-1.85825241451905,0.000322211690856322
0.045,885.885885885886,-1.87739409604781,0.000322129395286143
0.045,886.886886886887,-1.68394253524497,0.000323245890008235
0.045,887.887887887888,-1.83163315150589,0.000322563033655163
0.045,888.888888888889,-1.80655498796245,0.000322948060610699
0.045,889.88988988989,-1.78400614143266,0.000322680222096993
0.045,890.890890890891,-1.9098064438582,0.000321813669025719
0.045,891.891891891892,-1.84884691644792,0.000323137221300757
0.045,892.892892892893,-1.86663686115704,0.000322530504651984
0.045,893.893893893894,-1.90787951411755,0.000321914556113104
0.045,894.894894894895,-1.65670981113112,0.000322991165003492
0.045,895.895895895896,-1.7814445153763,0.000322444290639458
0.045,896.896896896897,-1.85332907468077,0.000322284216337867
0.045,897.897897897898,-1.78776182389308,0.000322853454307164
0.045,898.898898898899,-1.74775362887158,0.000323224267042608
0.045,899.8998998999,-1.84444540374402,0.000322612614049167
0.045,900.900900900901,-1.80572342278337,0.000323045332946764
0.045,901.901901901902,-1.90677089330139,0.000322313284931251
0.045,902.902902902903,-1.82935677856241,0.000322453269169848
0.045,903.903903903904,-1.75271589507843,0.00032335783336362
0.045,904.904904904905,-1.82473164326149,0.000322619450591709
0.045,905.905905905906,-1.81882787669526,0.000322114137263956
0.045,906.906906906907,-1.82773382906733,0.000323127852864211
0.045,907.907907907908,-1.8604970365925,0.000322364969549938
0.045,908.908908908909,-1.80125210289102,0.000322939379252345
0.045,909.90990990991,-1.78825966085044,0.000322058590935764
0.045,910.910910910911,-1.87798171791285,0.000322313473335973
0.045,911.911911911912,-1.85972126294863,0.000322125249266396
0.045,912.912912912913,-1.72670920114295,0.000322993686149972
0.045,913.913913913914,-1.79132588721233,0.000322037243177285
0.045,914.914914914915,-1.92952444948395,0.000322432232208684
0.045,915.915915915916,-1.80712041176364,0.000322862533735095
0.045,916.916916916917,-1.77362478741241,0.000322239131287577
0.045,917.917917917918,-1.97681621100028,0.000322474529538607
0.045,918.918918918919,-1.75901568454352,0.000322566415308496
0.045,919.91991991992,-1.82958846899311,0.000321833548425453
0.045,920.920920920921,-1.77368985058174,0.000322059014082903
0.045,921.921921921922,-1.77091728772467,0.000322551695132457
0.045,922.922922922923,-1.79019795362575,0.000322077784725546
0.045,923.923923923924,-1.84128533794006,0.000322330172701267
0.045,924.924924924925,-1.79557913126121,0.000323050854062571
0.045,925.925925925926,-1.74176117042142,0.000323038020282938
0.045,926.926926926927,-1.89583769764248,0.000322279557197155
0.045,927.927927927928,-1.83008001009649,0.000322199851604607
0.045,928.928928928929,-1.76819009995069,0.000322885224523245
0.045,929.92992992993,-1.74175164533289,0.000322692047253592
0.045,930.930930930931,-1.86352134078579,0.000322081016500809
0.045,931.931931931932,-1.7684129385305,0.000322455627870112
0.045,932.932932932933,-1.7266717982029,0.000323191654819513
0.045,933.933933933934,-1.79659852719138,0.000322409565264772
0.045,934.934934934935,-1.85220896574641,0.000322446265893827
0.045,935.935935935936,-1.79953352508189,0.000323219402113197
0.045,936.936936936937,-1.71291165542886,0.000322732093534702
0.045,937.937937937938,-1.84088581037087,0.00032254110000968
0.045,938.938938938939,-1.70151871842966,0.00032285774204156
0.045,939.93993993994,-1.84899199548747,0.00032291501584372
0.045,940.940940940941,-1.73493600441704,0.000322836383359364
0.045,941.941941941942,-1.73679176690898,0.000322949942484922
0.045,942.942942942943,-1.82175064198977,0.000322468079260984
0.045,943.943943943944,-1.79965612018105,0.000322762133575251
0.045,944.944944944945,-1.80370925956843,0.000322401713286557
0.045,945.945945945946,-1.77136675591416,0.000322667225166389
0.045,946.946946946947,-1.79901637822528,0.00032267662484711
0.045,947.947947947948,-1.82996577340736,0.000322753366882714
0.045,948.948948948949,-1.79829390558967,0.000322383552433885
0.045,949.94994994995,-1.78252656727291,0.000322787988305916
0.045,950.950950950951,-1.62426791616372,0.000322709189322999
0.045,951.951951951952,-1.83603789878933,0.000322120410647869
0.045,952.952952952953,-1.72646618923344,0.000323299800480714
0.045,953.953953953954,-1.66517875606374,0.00032260130448018
0.045,954.954954954955,-1.69918594899351,0.000322535856978773
0.045,955.955955955956,-1.77562017910495,0.000321544351170823
0.045,956.956956956957,-1.84328464986398,0.000322823637674209
0.045,957.957957957958,-1.73009514606627,0.000323162637144737
0.045,958.958958958959,-1.7493439886701,0.000321846221285841
0.045,959.95995995996,-1.93202038802279,0.000322085083470445
0.045,960.960960960961,-1.74098134172263,0.000323276558279866
0.045,961.961961961962,-1.73950057664908,0.000323067497987074
0.045,962.962962962963,-1.81936680971063,0.000322304966052306
0.045,963.963963963964,-1.84914336747805,0.00032306417876336
0.045,964.964964964965,-1.65921717421742,0.000322878899868347
0.045,965.965965965966,-1.71422343621034,0.000322576572484262
0.045,966.966966966967,-1.83786417718369,0.000322126604511834
0.045,967.967967967968,-1.72138579180135,0.000322734825990468
0.045,968.968968968969,-1.8740230829372,0.000322087321892382
0.045,969.96996996997,-1.85104626461329,0.000323391772876839
0.045,970.970970970971,-1.8536329366396,0.000322352310021182
0.045,971.971971971972,-1.83595179461608,0.000323146475625591
0.045,972.972972972973,-1.84278376423661,0.000322617576704718
0.045,973.973973973974,-1.72340131826705,0.0003228446566641
0.045,974.974974974975,-1.68788620180076,0.000322523014918259
0.045,975.975975975976,-1.76197996268332,0.000322130699965351
0.045,976.976976976977,-1.78335818483729,0.000323150190687156
0.045,977.977977977978,-1.83315610699574,0.000322504059277214
0.045,978.978978978979,-1.88596052950818,0.000322062699368535
0.045,979.97997997998,-1.83971812674143,0.000323001220048395
0.045,980.980980980981,-1.80167662934945,0.000322708787259804
0.045,981.981981981982,-1.84379038604626,0.000322991337081371
0.045,982.982982982983,-1.81142099544516,0.000323041960807634
0.045,983.983983983984,-1.75808937779718,0.000322141197244529
0.045,984.984984984985,-1.91066723249453,0.00032260921636264
0.045,985.985985985986,-1.7461561007715,0.000322798119523177
0.045,986.986986986987,-1.87801576139529,0.000322331581097039
0.045,987.987987987988,-1.78978438768016,0.000322721498294466
0.045,988.988988988989,-1.83662778054143,0.000323303778592387
0.045,989.98998998999,-1.86688005231578,0.000322157199312671
0.045,990.990990990991,-1.74243209743103,0.000322581502075019
0.045,991.991991991992,-1.7415339346349,0.00032243565215375
0.045,992.992992992993,-1.78724154615045,0.00032191561330556
0.045,993.993993993994,-1.87172281961499,0.000322671741711507
0.045,994.994994994995,-1.66150317469678,0.000322907964761762
0.045,995.995995995996,-1.83781752235463,0.00032203402350033
0.045,996.996996996997,-1.74313489074905,0.000321912266948748
0.045,997.997997997998,-1.79882737588887,0.000323441056921022
0.045,998.998998998999,-1.73292009953433,0.000322573382230864
0.045,1000.0,-1.86809476899944,0.000321871707076835
0.056,0.0,-1.71200345803259,0.000383823174926113
0.056,1.001001001001,-1.80160584283567,0.000400827074018513
0.056,2.002002002002,-1.80111431231577,0.000401554385193985
0.056,3.003003003003,-1.80061423009813,0.000401348433579105
0.056,4.004004004004,-1.79805981994926,0.000401149967704335
0.056,5.00500500500501,-1.7011930395624,0.00040139395428595
0.056,6.00600600600601,-1.78320210673325,0.00040152725479656
0.056,7.00700700700701,-1.88909104751788,0.000400997713197111
0.056,8.00800800800801,-1.755005716874,0.000402365079377862
0.056,9.00900900900901,-1.75704682134495,0.000401828814525369
0.056,10.01001001001,-1.78703802746243,0.000400955090446189
0.056,11.011011011011,-1.81126802595477,0.000401437382161664
0.056,12.012012012012,-1.7922436770645,0.000401301411859828
0.056,13.013013013013,-1.85097735925985,0.000401813373560318
0.056,14.014014014014,-1.80971759267216,0.000401309142385124
0.056,15.015015015015,-1.74588073758893,0.000401267823608654
0.056,16.016016016016,-1.79654379451612,0.000401680889333135
0.056,17.017017017017,-1.82488818597553,0.000401017881488
0.056,18.018018018018,-1.80750256347474,0.000402120867039466
0.056,19.019019019019,-1.8208635469272,0.000401348529367167
0.056,20.02002002002,-1.8553032939787,0.000401047512300337
0.056,21.021021021021,-1.73607794333916,0.000401818078627617
0.056,22.022022022022,-1.85337499704756,0.00040141258891072
0.056,23.023023023023,-1.7919900590306,0.000401710626152493
0.056,24.024024024024,-1.69335507153009,0.000402326628605193
0.056,25.025025025025,-1.80387547315936,0.000401445376324366
0.056,26.026026026026,-1.77643248323919,0.000402416825486494
0.056,27.027027027027,-1.68352455495363,0.000402328084102146
0.056,28.028028028028,-1.81427342635573,0.000400873958134218
0.056,29.029029029029,-1.8156752736605,0.000401553151577655
0.056,30.03003003003,-1.74669647414552,0.000401805744578589
0.056,31.031031031031,-1.86395839934632,0.00040138177228799
0.056,32.032032032032,-1.83551282932777,0.000400684501740364
0.056,33.033033033033,-1.76150441219749,0.000401793957654994
0.056,34.034034034034,-1.79886254512413,0.000401710502232928
0.056,35.035035035035,-1.84632026318702,0.000401031603494882
0.056,36.036036036036,-1.7850543456416,0.000401803735084834
0.056,37.037037037037,-1.77756253072729,0.00040197543785742
0.056,38.038038038038,-1.82013938344615,0.000400636102340921
0.056,39.039039039039,-1.83399538298135,0.000401586368657431
0.056,40.04004004004,-1.75326031797906,0.000401049675665779
0.056,41.041041041041,-1.82329800022982,0.000401233780966167
0.056,42.042042042042,-1.81195707893681,0.000401821626779512
0.056,43.043043043043,-1.72303902975009,0.000401886026896315
0.056,44.044044044044,-1.81610291762829,0.000401002764182058
0.056,45.0450450450451,-1.80783210327418,0.000401219003822367
0.056,46.0460460460461,-1.77533677436124,0.000401420641157047
0.056,47.0470470470471,-1.76418077593901,0.000401368146421547
0.056,48.0480480480481,-1.7936017715681,0.000401085556487628
0.056,49.0490490490491,-1.88536038827174,0.000401486512216701
0.056,50.0500500500501,-1.72890733869829,0.000401949395896626
0.056,51.0510510510511,-1.80220623494331,0.000401191409225776
0.056,52.0520520520521,-1.8281380605626,0.000401197471887699
0.056,53.0530530530531,-1.80682271778098,0.00040200435028866
0.056,54.0540540540541,-1.74556647193504,0.000401872194418958
0.056,55.0550550550551,-1.80413952491072,0.000401200922724562
0.056,56.0560560560561,-1.8904781802297,0.000401536298516863
0.056,57.0570570570571,-1.81811436992473,0.000401867076423479
0.056,58.0580580580581,-1.79219237649912,0.000401515357108842
0.056,59.0590590590591,-1.73499243945412,0.000401535548186836
0.056,60.0600600600601,-1.81866047783645,0.000401965010525257
0.056,61.0610610610611,-1.76219032584417,0.000401446980524797
0.056,62.0620620620621,-1.77259037407998,0.000401535306984157
0.056,63.0630630630631,-1.77203031711885,0.000401900127885638
0.056,64.0640640640641,-1.85273378700491,0.000401066572186514
0.056,65.0650650650651,-1.8397464065989,0.000401140931149049
0.056,66.0660660660661,-1.78065315642066,0.000402249769051557
0.056,67.0670670670671,-1.84684554675937,0.000400993812314929
0.056,68.0680680680681,-1.87550556191364,0.000401582632453192
0.056,69.0690690690691,-1.73120652306052,0.000402202783744663
0.056,70.0700700700701,-1.78086963856458,0.000401382352948054
0.056,71.0710710710711,-1.81890436814709,0.000401194815428103
0.056,72.0720720720721,-1.75853344607576,0.00040152353720962
0.056,73.0730730730731,-1.72200535961235,0.000401788552823897
0.056,74.0740740740741,-1.7378545439867,0.000401666175323709
0.056,75.0750750750751,-1.75758505324235,0.000401541310094214
0.056,76.0760760760761,-1.67939442856491,0.00040201013551171
0.056,77.0770770770771,-1.80200956105873,0.00040153794541375
0.056,78.0780780780781,-1.835435972989,0.000401220664227074
0.056,79.0790790790791,-1.8180179631399,0.000401509739852595
0.056,80.0800800800801,-1.72431058792437,0.000401515984635168
0.056,81.0810810810811,-1.77285311028809,0.000401179199096312
0.056,82.0820820820821,-1.73159292463847,0.000401589320703363
0.056,83.0830830830831,-1.72422119013073,0.000402309115834226
0.056,84.0840840840841,-1.91205964067107,0.000401258407248712
0.056,85.0850850850851,-1.75649217995239,0.000401769551080076
0.056,86.0860860860861,-1.74396030328601,0.000401596876684135
0.056,87.0870870870871,-1.81766982840188,0.000401218305761729
0.056,88.0880880880881,-1.79021292016348,0.000402069069659848
0.056,89.0890890890891,-1.78099027214934,0.000401711894066939
0.056,90.0900900900901,-1.80949788219917,0.000401053834429861
0.056,91.0910910910911,-1.70292747973106,0.000401232161730946
0.056,92.0920920920921,-1.76356448346128,0.000401844055398498
0.056,93.0930930930931,-1.86542916574062,0.000400801167077188
0.056,94.0940940940941,-1.86318995258951,0.000401653136342674
0.056,95.0950950950951,-1.84730228533026,0.000402206538918579
0.056,96.0960960960961,-1.85300043877256,0.000400762986637105
0.056,97.0970970970971,-1.646186271022,0.000401950484157068
0.056,98.0980980980981,-1.75505370712631,0.0004016521123912
0.056,99.0990990990991,-1.92550107337351,0.00040139421551544
0.056,100.1001001001,-1.78985339407672,0.000401162908841771
0.056,101.101101101101,-1.81449292528721,0.000401355903344749
0.056,102.102102102102,-1.78534692246573,0.000401557129571869
0.056,103.103103103103,-1.78302324661987,0.000401296308957869
0.056,104.104104104104,-1.76764035610694,0.000401598172671355
0.056,105.105105105105,-1.81520571865366,0.000401259835847485
0.056,106.106106106106,-1.7097602362692,0.000402035172431978
0.056,107.107107107107,-1.75810492212867,0.000401854898771513
0.056,108.108108108108,-1.80558642050944,0.000401407681519771
0.056,109.109109109109,-1.82873109494534,0.00040132384106611
0.056,110.11011011011,-1.77402424470802,0.000401688162119527
0.056,111.111111111111,-1.77445426602032,0.00040167124257677
0.056,112.112112112112,-1.84220930286556,0.000401227099176258
0.056,113.113113113113,-1.75774393200217,0.000402109377933934
0.056,114.114114114114,-1.75791802749715,0.000401553079281454
0.056,115.115115115115,-1.8452806789894,0.000402066725289619
0.056,116.116116116116,-1.8200543905616,0.000401693975180432
0.056,117.117117117117,-1.8643748830137,0.000401192800942328
0.056,118.118118118118,-1.79873731813503,0.000401219515416361
0.056,119.119119119119,-1.76645619574729,0.00040195940507367
0.056,120.12012012012,-1.8380088787186,0.000401051334484786
0.056,121.121121121121,-1.79359311158744,0.000401985143284707
0.056,122.122122122122,-1.87057692637099,0.000401483678628476
0.056,123.123123123123,-1.76738041096545,0.000401313910116962
0.056,124.124124124124,-1.69692530658367,0.00040153172717698
0.056,125.125125125125,-1.82918896678264,0.000401812498840889
0.056,126.126126126126,-1.88087413866009,0.000401107973771792
0.056,127.127127127127,-1.74379801162563,0.000401878154773829
0.056,128.128128128128,-1.84898686029621,0.000401636160830559
0.056,129.129129129129,-1.75410758162453,0.000401279809743227
0.056,130.13013013013,-1.72544612480457,0.000402523705171328
0.056,131.131131131131,-1.91197258968835,0.000401522789287509
0.056,132.132132132132,-1.79023662286839,0.000401897600924923
0.056,133.133133133133,-1.80134997967141,0.000401605927217078
0.056,134.134134134134,-1.81391695764392,0.000401171252915736
0.056,135.135135135135,-1.68268007276507,0.000402010320745031
0.056,136.136136136136,-1.85767983355206,0.0004015902952632
0.056,137.137137137137,-1.81595316941135,0.000401313106166762
0.056,138.138138138138,-1.74622958378396,0.000401887747205266
0.056,139.139139139139,-1.8257380483412,0.000401470951208242
0.056,140.14014014014,-1.78903775203051,0.000401757680173079
0.056,141.141141141141,-1.73023696343488,0.000401019053027088
0.056,142.142142142142,-1.7595287422749,0.000401137373424221
0.056,143.143143143143,-1.84023144753889,0.000401505784351838
0.056,144.144144144144,-1.81242680966399,0.000401615780643087
0.056,145.145145145145,-1.83984541834826,0.000401935962780899
0.056,146.146146146146,-1.85869002638225,0.000400879103027877
0.056,147.147147147147,-1.72416065532275,0.000401449674042803
0.056,148.148148148148,-1.80129438163462,0.000401358150282485
0.056,149.149149149149,-1.85640087704131,0.000400948139850665
0.056,150.15015015015,-1.71498243864002,0.000401224576326619
0.056,151.151151151151,-1.67850959241397,0.000401832946626189
0.056,152.152152152152,-1.80969560937047,0.000401483116057144
0.056,153.153153153153,-1.89812900340923,0.000401730486993656
0.056,154.154154154154,-1.74347960506353,0.00040156256406144
0.056,155.155155155155,-1.8388515873333,0.000401817380449521
0.056,156.156156156156,-1.87994909360561,0.000401005365200863
0.056,157.157157157157,-1.78528574647767,0.00040203484342847
0.056,158.158158158158,-1.71270866460644,0.000401591077483428
0.056,159.159159159159,-1.758639245205,0.00040130966208381
0.056,160.16016016016,-1.77416832236909,0.000401566371387287
0.056,161.161161161161,-1.76775755237656,0.000401093241321256
0.056,162.162162162162,-1.78546284460977,0.000400998536293176
0.056,163.163163163163,-1.70092474900198,0.00040192459618542
0.056,164.164164164164,-1.78567176065158,0.000401566778383772
0.056,165.165165165165,-1.83836640420792,0.000400781674236021
0.056,166.166166166166,-1.72254393040518,0.000401659559957036
0.056,167.167167167167,-1.79937212523277,0.000401506352267568
0.056,168.168168168168,-1.87473027965619,0.000401386602155799
0.056,169.169169169169,-1.83941650789625,0.000401620393622293
0.056,170.17017017017,-1.93171537781013,0.000401275155418346
0.056,171.171171171171,-1.74103117896174,0.000401928437809383
0.056,172.172172172172,-1.84623074043622,0.000400798153306392
0.056,173.173173173173,-1.79290099714689,0.00040180746999702
0.056,174.174174174174,-1.85290674632117,0.000401697041925373
0.056,175.175175175175,-1.74455427533133,0.000401654225777709
0.056,176.176176176176,-1.82561434970032,0.000401167850295917
0.056,177.177177177177,-1.76246955292607,0.000401193311772836
0.056,178.178178178178,-1.77347855070424,0.000401469425411896
0.056,179.179179179179,-1.85913754616146,0.000401651821033399
0.056,180.18018018018,-1.82462659290018,0.000402220909829381
0.056,181.181181181181,-1.7379603843795,0.000401825748778832
0.056,182.182182182182,-1.7485230856033,0.000401857649550929
0.056,183.183183183183,-1.87392060223294,0.000400842895962814
0.056,184.184184184184,-1.86165707078589,0.00040203548375786
0.056,185.185185185185,-1.79097629557893,0.000401304463158871
0.056,186.186186186186,-1.82449677499881,0.000401375979488815
0.056,187.187187187187,-1.92434521169593,0.000401063988786604
0.056,188.188188188188,-1.78810834043242,0.000401302517328058
0.056,189.189189189189,-1.72564924966955,0.00040200405869594
0.056,190.19019019019,-1.90500666994855,0.000401642000730914
0.056,191.191191191191,-1.82674243602138,0.000401773486377833
0.056,192.192192192192,-1.89349883050074,0.000401044437861811
0.056,193.193193193193,-1.79981268463299,0.00040169751264353
0.056,194.194194194194,-1.8281933363381,0.000401827351452291
0.056,195.195195195195,-1.78380623084712,0.00040073903609793
0.056,196.196196196196,-1.78619986253797,0.000401320975059117
0.056,197.197197197197,-1.69420172486057,0.000402097211088223
0.056,198.198198198198,-1.77830469905557,0.000401191348146938
0.056,199.199199199199,-1.81472036442022,0.000401653856250742
0.056,200.2002002002,-1.72427861412936,0.000401687042262532
0.056,201.201201201201,-1.85153019081124,0.000400909992710294
0.056,202.202202202202,-1.85762012149763,0.000400848872468339
0.056,203.203203203203,-1.82399543601837,0.000401413845549073
0.056,204.204204204204,-1.75129810452666,0.000402424970525671
0.056,205.205205205205,-1.80913720429345,0.000402122884931562
0.056,206.206206206206,-1.89600591971999,0.000400785718183634
0.056,207.207207207207,-1.81711623109344,0.00040086897639153
0.056,208.208208208208,-1.70993367426931,0.000401925277860485
0.056,209.209209209209,-1.7681312740759,0.000401456578887929
0.056,210.21021021021,-1.84102882572585,0.00040135009603935
0.056,211.211211211211,-1.78792918688734,0.000401720340859065
0.056,212.212212212212,-1.66578921083455,0.000402569429728793
0.056,213.213213213213,-1.82918290261824,0.000401238630684599
0.056,214.214214214214,-1.79500065835221,0.000401766855389072
0.056,215.215215215215,-1.8324541808042,0.000402144617075611
0.056,216.216216216216,-1.78840462285941,0.000400883065341274
0.056,217.217217217217,-1.75601583329683,0.000402103992013784
0.056,218.218218218218,-1.79332194113888,0.000401264455052034
0.056,219.219219219219,-1.77679796539745,0.00040200682415777
0.056,220.22022022022,-1.74493280740794,0.000401415031653115
0.056,221.221221221221,-1.86169145521882,0.000400887018316657
0.056,222.222222222222,-1.82509654337038,0.00040124613615787
0.056,223.223223223223,-1.77668119196899,0.000401362258656526
0.056,224.224224224224,-1.88863713156028,0.000401340157690266
0.056,225.225225225225,-1.66310302725006,0.000402149204918526
0.056,226.226226226226,-1.74174230637421,0.000401684671052853
0.056,227.227227227227,-1.91620554175101,0.000401581428554066
0.056,228.228228228228,-1.73274203543677,0.000401461997637953
0.056,229.229229229229,-1.71638659813759,0.000401555373261641
0.056,230.23023023023,-1.88426092471431,0.000401208353611176
0.056,231.231231231231,-1.74952080955889,0.000401455633516729
0.056,232.232232232232,-1.71361079641974,0.000402140569075652
0.056,233.233233233233,-1.93096207665516,0.00040161202728979
0.056,234.234234234234,-1.84963739479472,0.000401959560472328
0.056,235.235235235235,-1.8066469508543,0.000401470408663721
0.056,236.236236236236,-1.83482826687547,0.000401468787020584
0.056,237.237237237237,-1.8485960204176,0.000400998462646193
0.056,238.238238238238,-1.82678370908574,0.000401491807047161
0.056,239.239239239239,-1.81348650012846,0.000401773276889166
0.056,240.24024024024,-1.74388857439101,0.000401621771067539
0.056,241.241241241241,-1.79778510277887,0.000401129240777001
0.056,242.242242242242,-1.7961231395327,0.00040230675754507
0.056,243.243243243243,-1.92306398582697,0.000401277326183725
0.056,244.244244244244,-1.71159342374446,0.000401814405381565
0.056,245.245245245245,-1.73982843041374,0.000401695185892197
0.056,246.246246246246,-1.8502381520413,0.000400877318057579
0.056,247.247247247247,-1.79684634927915,0.000401514679779771
0.056,248.248248248248,-1.7926358851388,0.000402676078958474
0.056,249.249249249249,-1.94019835923933,0.000401075056683075
0.056,250.25025025025,-1.82380382764003,0.00040109351030306
0.056,251.251251251251,-1.74113699447897,0.000402566307249413
0.056,252.252252252252,-1.8524722589306,0.000401954009286939
0.056,253.253253253253,-1.87620170095978,0.000401544707428364
0.056,254.254254254254,-1.77261610391424,0.000401726802119133
0.056,255.255255255255,-1.80301118577653,0.000401954062261085
0.056,256.256256256256,-1.76554182507477,0.000401445953871759
0.056,257.257257257257,-1.8039147184914,0.000401106861960759
0.056,258.258258258258,-1.7569407815856,0.000402157676142187
0.056,259.259259259259,-1.85769261287805,0.000400913128462576
0.056,260.26026026026,-1.69294844380486,0.000401646762178679
0.056,261.261261261261,-1.89926782654044,0.000400808111447369
0.056,262.262262262262,-1.87959329484328,0.000401224434729429
0.056,263.263263263263,-1.68434291379034,0.000401873046292553
0.056,264.264264264264,-1.73834287491016,0.000401590127296397
0.056,265.265265265265,-1.80900303412321,0.000401793050340608
0.056,266.266266266266,-1.76251009131171,0.000402421364525069
0.056,267.267267267267,-1.82261708808752,0.00040084557262541
0.056,268.268268268268,-1.8059364967048,0.00040131513885873
0.056,269.269269269269,-1.69230601505334,0.000402178603924929
0.056,270.27027027027,-1.7759307772876,0.000401560432703658
0.056,271.271271271271,-1.86725299352561,0.000400891015515467
0.056,272.272272272272,-1.78505733927455,0.00040088674980469
0.056,273.273273273273,-1.76631398556683,0.000401947445896007
0.056,274.274274274274,-1.87126370055285,0.000401005050175012
0.056,275.275275275275,-1.87815556074073,0.000401849997605907
0.056,276.276276276276,-1.78505348757024,0.000401578058353015
0.056,277.277277277277,-1.723378439175,0.000401795038750419
0.056,278.278278278278,-1.76192561661358,0.000401620632534515
0.056,279.279279279279,-1.90708927878818,0.000400849067039674
0.056,280.28028028028,-1.66188840007787,0.000401947445896007
0.056,281.281281281281,-1.77932699880779,0.000401062756579786
0.056,282.282282282282,-1.82137394119664,0.000400983859694539
0.056,283.283283283283,-1.72854300695812,0.000401433325293528
0.056,284.284284284284,-1.89245803040436,0.000400861970825052
0.056,285.285285285285,-1.79490244289495,0.000401789236202122
0.056,286.286286286286,-1.85049379015284,0.000401500255366257
0.056,287.287287287287,-1.70938699848117,0.000402030990352225
0.056,288.288288288288,-1.66379044811126,0.000402538214390459
0.056,289.289289289289,-1.78108807989671,0.000400757477619606
0.056,290.29029029029,-1.85615923129805,0.000401142059815491
0.056,291.291291291291,-1.70108208006416,0.000402532873692141
0.056,292.292292292292,-1.79724647251308,0.000400734455537492
0.056,293.293293293293,-1.78033231111587,0.000401336308431447
0.056,294.294294294294,-1.75715610859072,0.000401998921495865
0.056,295.295295295295,-1.84860074240453,0.000400445283301693
0.056,296.296296296296,-1.80729136535175,0.000401772343675004
0.056,297.297297297297,-1.69777029776123,0.000401408597467416
0.056,298.298298298298,-1.87277009549588,0.000401958083304134
0.056,299.299299299299,-1.85051670031784,0.000401855833923753
0.056,300.3003003003,-1.68643968247275,0.000402095443208254
0.056,301.301301301301,-1.86822236169315,0.000401380195338118
0.056,302.302302302302,-1.73569837625525,0.000402117679135254
0.056,303.303303303303,-1.8877214624283,0.000401171514203955
0.056,304.304304304304,-1.78985583267842,0.00040163482097229
0.056,305.305305305305,-1.73735767889314,0.00040259223915084
0.056,306.306306306306,-1.70504609496832,0.000401760828434777
0.056,307.307307307307,-1.86772353673496,0.000401025873830082
0.056,308.308308308308,-1.87895063181274,0.000401476595362669
0.056,309.309309309309,-1.69622073974259,0.0004019410384323
0.056,310.31031031031,-1.67686928181565,0.00040187555428359
0.056,311.311311311311,-1.83768935349829,0.000401117573015869
0.056,312.312312312312,-1.82775037377864,0.000401347199140561
0.056,313.313313313313,-1.74754976349347,0.00040204565215099
0.056,314.314314314314,-1.80134870235192,0.000401206729618853
0.056,315.315315315315,-1.72631818591899,0.000400956390838132
0.056,316.316316316316,-1.8044170488622,0.000400988154065386
0.056,317.317317317317,-1.81546276604638,0.000401409846470914
0.056,318.318318318318,-1.76258447527521,0.00040202698551856
0.056,319.319319319319,-1.7272820961275,0.00040196396519619
0.056,320.32032032032,-1.73561370205349,0.000401114523537445
0.056,321.321321321321,-1.8612171161819,0.000401031397001427
0.056,322.322322322322,-1.78170725485671,0.000402395655796318
0.056,323.323323323323,-1.68752619781058,0.000401377081961833
0.056,324.324324324324,-1.93465522817206,0.000400925241277007
0.056,325.325325325325,-1.67020756299173,0.000401910134478577
0.056,326.326326326326,-1.72964117330815,0.000401495035239914
0.056,327.327327327327,-1.90115881873501,0.000401589523085742
0.056,328.328328328328,-1.78576599521349,0.000401892355721019
0.056,329.329329329329,-1.76330303299379,0.000401654719987727
0.056,330.33033033033,-1.85301800984717,0.000401448202336466
0.056,331.331331331331,-1.86440471198774,0.000401376930380602
0.056,332.332332332332,-1.76644926521616,0.000401872285567377
0.056,333.333333333333,-1.75611717582996,0.000401820784831229
0.056,334.334334334334,-1.95191054541735,0.000400959680403372
0.056,335.335335335335,-1.72560480929287,0.000402194670008391
0.056,336.336336336336,-1.7719508377828,0.000401034378940752
0.056,337.337337337337,-1.91498092089559,0.000401785778963727
0.056,338.338338338338,-1.8536553720615,0.000401309261547587
0.056,339.339339339339,-1.75909718978165,0.000401713917655811
0.056,340.34034034034,-1.81762657155041,0.000400790401520962
0.056,341.341341341341,-1.78502030631854,0.000401444582945504
0.056,342.342342342342,-1.76347703151276,0.000401590872458215
0.056,343.343343343343,-1.76312844523849,0.000401627251366239
0.056,344.344344344344,-1.85314945935704,0.000400669389191523
0.056,345.345345345345,-1.75085890690741,0.000401839212433977
0.056,346.346346346346,-1.77664852907046,0.000401830820906453
0.056,347.347347347347,-1.80392533604183,0.000401941133398146
0.056,348.348348348348,-1.85607673367315,0.000401514074277064
0.056,349.349349349349,-1.86854361988013,0.000401840546243092
0.056,350.35035035035,-1.70671933728023,0.00040249507217577
0.056,351.351351351351,-1.75397661012222,0.000400916442987917
0.056,352.352352352352,-1.82291858739506,0.000401810516362773
0.056,353.353353353353,-1.70094108365241,0.000402550068148397
0.056,354.354354354354,-1.76825766306186,0.000401610606149683
0.056,355.355355355355,-1.77806330679383,0.00040127950417285
0.056,356.356356356356,-1.89492345747599,0.00040156267699856
0.056,357.357357357357,-1.75202803511226,0.000401731027423909
0.056,358.358358358358,-1.87364070217196,0.000401388896253445
0.056,359.359359359359,-1.85622196163886,0.000400929781372716
0.056,360.36036036036,-1.76449324302963,0.000401988498157318
0.056,361.361361361361,-1.70143932325895,0.000401974973658254
0.056,362.362362362362,-1.83616454804981,0.000401244101292905
0.056,363.363363363363,-1.74169415787295,0.00040130826842918
0.056,364.364364364364,-1.77198098855448,0.000401894926787702
0.056,365.365365365365,-1.75157435354652,0.000401645750090595
0.056,366.366366366366,-1.81353037248582,0.000401726881521622
0.056,367.367367367367,-1.81722477990675,0.000402090132109681
0.056,368.368368368368,-1.73222688184909,0.00040147895611847
0.056,369.369369369369,-1.86938994815308,0.000401243922167468
0.056,370.37037037037,-1.78109788034451,0.000402147927254958
0.056,371.371371371371,-1.8031206996531,0.000401496341034986
0.056,372.372372372372,-1.92072558077511,0.00040108838396797
0.056,373.373373373373,-1.72693686400181,0.00040155526907524
0.056,374.374374374374,-1.84352430107162,0.000401171366381423
0.056,375.375375375375,-1.65637924973734,0.000401550269361279
0.056,376.376376376376,-1.7807004015909,0.000401756343251292
0.056,377.377377377377,-1.81342114386804,0.000401458710950467
0.056,378.378378378378,-1.87213018977904,0.000400785486788807
0.056,379.379379379379,-1.83566214489527,0.00040161731201875
0.056,380.38038038038,-1.72936929992872,0.000401415354137631
0.056,381.381381381381,-1.8030661685611,0.000401165285278389
0.056,382.382382382382,-1.81206755586588,0.000401812189453085
0.056,383.383383383383,-1.69698588391043,0.000401808361160752
0.056,384.384384384384,-1.73538233175112,0.000401828729426104
0.056,385.385385385385,-1.92189416597806,0.000401283848405171
0.056,386.386386386386,-1.7681528761061,0.000401131237702611
0.056,387.387387387387,-1.76412772533919,0.000402021679470737
0.056,388.388388388388,-1.83885589567078,0.000401275773019362
0.056,389.389389389389,-1.80689697814338,0.00040156946820181
0.056,390.39039039039,-1.76311909088386,0.000402017584369597
0.056,391.391391391391,-1.74904583398463,0.000401923034505257
0.056,392.392392392392,-1.79398865802393,0.000401427503012068
0.056,393.393393393393,-1.68568167028037,0.00040142722627795
0.056,394.394394394394,-1.70230183486872,0.000401700114190902
0.056,395.395395395395,-1.77450550491153,0.000401241996187277
0.056,396.396396396396,-1.88329849153043,0.000401123337154974
0.056,397.397397397397,-1.74069725020331,0.000401692907299179
0.056,398.398398398398,-1.85274204964428,0.000400673990600988
0.056,399.399399399399,-1.81030568108723,0.000401190851117898
0.056,400.4004004004,-1.77258524143893,0.000401672554597184
0.056,401.401401401401,-1.82983166169487,0.0004014872571436
0.056,402.402402402402,-1.90950888135009,0.000401352641499905
0.056,403.403403403403,-1.74143190431306,0.000401631271528342
0.056,404.404404404404,-1.70369966336417,0.000401881782974239
0.056,405.405405405405,-1.84856814563349,0.000401367949089918
0.056,406.406406406406,-1.84450481608212,0.000401449296176225
0.056,407.407407407407,-1.80940864681202,0.000401775984795937
0.056,408.408408408408,-1.80179363910344,0.000400834301113237
0.056,409.409409409409,-1.95687351494533,0.000400860036857628
0.056,410.41041041041,-1.71411932979515,0.000401865722000256
0.056,411.411411411411,-1.72919059963696,0.000402552091149972
0.056,412.412412412412,-1.79767112749888,0.000401748521166469
0.056,413.413413413413,-1.89374547551956,0.000400898656066937
0.056,414.414414414414,-1.72470278267314,0.000402010106910369
0.056,415.415415415415,-1.83640605455388,0.000401418738844906
0.056,416.416416416416,-1.86833775736732,0.00040179348981459
0.056,417.417417417417,-1.71999157147711,0.000401959297598408
0.056,418.418418418418,-1.83883669660125,0.000401325679715309
0.056,419.419419419419,-1.92211703016403,0.000400934151034976
0.056,420.42042042042,-1.82948118287752,0.000401315739897984
0.056,421.421421421421,-1.74967917271559,0.000401813641778636
0.056,422.422422422422,-1.82469033504292,0.000401513656415594
0.056,423.423423423423,-1.88391954654919,0.000401464124767201
0.056,424.424424424424,-1.79890851506702,0.000401003556210138
0.056,425.425425425425,-1.75575954143202,0.000401900551913722
0.056,426.426426426426,-1.70723367352581,0.000401408689614239
0.056,427.427427427427,-1.87881195077681,0.000401150469607936
0.056,428.428428428428,-1.78965152583481,0.00040142528837564
0.056,429.429429429429,-1.68907273357107,0.000402039620263404
0.056,430.43043043043,-1.70845347447798,0.00040158968024629
0.056,431.431431431431,-1.85081862702917,0.000401396594888541
0.056,432.432432432432,-1.83195635920441,0.000401691177417294
0.056,433.433433433433,-1.74564889844685,0.000401558887467798
0.056,434.434434434434,-1.70750208254553,0.000401293020156115
0.056,435.435435435435,-1.74840303037745,0.000401311708753435
0.056,436.436436436436,-1.83556681045322,0.000402112993683658
0.056,437.437437437437,-1.75113184998088,0.000402335592805549
0.056,438.438438438438,-1.75049584931789,0.000401272861203241
0.056,439.439439439439,-1.88721426647427,0.000401477600403195
0.056,440.44044044044,-1.72122878362957,0.000402115610853117
0.056,441.441441441441,-1.83149167219689,0.000401001944198663
0.056,442.442442442442,-1.76129448315511,0.000401290206947079
0.056,443.443443443443,-1.68288199563742,0.000402084394516378
0.056,444.444444444444,-1.78094471390243,0.000401681447793391
0.056,445.445445445446,-1.77226678644173,0.000400622182297654
0.056,446.446446446446,-1.80670349003815,0.000401596601594448
0.056,447.447447447447,-1.82457013416991,0.000401247038010398
0.056,448.448448448449,-1.84143586014659,0.000401130519086595
0.056,449.44944944945,-1.82491872172475,0.000401748697414154
0.056,450.45045045045,-1.75818116762519,0.000401864556627782
0.056,451.451451451451,-1.82011404914993,0.000400944727129346
0.056,452.452452452453,-1.69039814073109,0.000401347018546882
0.056,453.453453453454,-1.73715512587675,0.000401643836678549
0.056,454.454454454454,-1.79184286801512,0.00040149376879371
0.056,455.455455455455,-1.71276622187198,0.000401264222247695
0.056,456.456456456457,-1.71514322246811,0.000401209358299324
0.056,457.457457457458,-1.85347900447857,0.000400708558580208
0.056,458.458458458458,-1.72083216630678,0.000401306032708807
0.056,459.459459459459,-1.80974793546428,0.00040154847787199
0.056,460.460460460461,-1.81167498221964,0.000400733803168523
0.056,461.461461461462,-1.68531815040426,0.000402073178562455
0.056,462.462462462462,-1.76800439189384,0.000401496890920712
0.056,463.463463463463,-1.73884778309178,0.000401613624149014
0.056,464.464464464465,-1.75102260498417,0.000402176800689709
0.056,465.465465465466,-1.85258937377785,0.000401162896684733
0.056,466.466466466466,-1.82713441194357,0.000401579615804643
0.056,467.467467467467,-1.75512031035556,0.000401955959111369
0.056,468.468468468469,-1.7389824119596,0.000402227636606203
0.056,469.46946946947,-1.78003920891345,0.000401742872196211
0.056,470.470470470471,-1.78366079187758,0.000401228934242948
0.056,471.471471471471,-1.7395927722569,0.00040197612358483
0.056,472.472472472473,-1.79635482967781,0.000401155058155607
0.056,473.473473473474,-1.80487793459715,0.00040159529521208
0.056,474.474474474475,-1.68437544352711,0.000402041410989207
0.056,475.475475475475,-1.78904999422262,0.000401338961367265
0.056,476.476476476477,-1.7581765303891,0.000401147237362837
0.056,477.477477477478,-1.83215635151232,0.000400669978073739
0.056,478.478478478479,-1.84339477231199,0.00040116402629085
0.056,479.479479479479,-1.82045905186713,0.000401750291806732
0.056,480.480480480481,-1.79967771152028,0.000401776575146394
0.056,481.481481481482,-1.87257343806079,0.000401879351390478
0.056,482.482482482483,-1.81881646123258,0.000401126068612335
0.056,483.483483483484,-1.72229183893743,0.000402232013962047
0.056,484.484484484485,-1.73656982351983,0.000401497069106475
0.056,485.485485485486,-1.80928536660992,0.000400997888916228
0.056,486.486486486487,-1.75987344616063,0.00040118649631424
0.056,487.487487487488,-1.70502869233415,0.000402051752987187
0.056,488.488488488489,-1.76017237991703,0.000401719242497122
0.056,489.48948948949,-1.85927534287301,0.000400571272029422
0.056,490.490490490491,-1.71753445231883,0.00040225330064169
0.056,491.491491491492,-1.76657956415806,0.000402199011950255
0.056,492.492492492493,-1.8258181990543,0.000401708268156985
0.056,493.493493493494,-1.75807016674717,0.000402052879186984
0.056,494.494494494495,-1.71804727839493,0.000401503211170887
0.056,495.495495495496,-1.77068040506697,0.000401138107544864
0.056,496.496496496497,-1.77771358464022,0.000402175134470767
0.056,497.497497497498,-1.75703834122531,0.000401438535435831
0.056,498.498498498499,-1.82261516041553,0.000401274119662213
0.056,499.4994994995,-1.74923814681399,0.000401110840131162
0.056,500.500500500501,-1.76644768507657,0.000401644234454479
0.056,501.501501501502,-1.79956573459379,0.00040221080733092
0.056,502.502502502503,-1.87916310434844,0.000401738274427985
0.056,503.503503503504,-1.76773930239583,0.000401899016368254
0.056,504.504504504505,-1.78337716779223,0.000401777673801984
0.056,505.505505505506,-1.85349353907046,0.000401490383675327
0.056,506.506506506507,-1.75243820723192,0.000401500935866729
0.056,507.507507507508,-1.77328274201515,0.000401151399650698
0.056,508.508508508509,-1.72408508598292,0.000401586503089604
0.056,509.50950950951,-1.69577126765683,0.000401524257235148
0.056,510.510510510511,-1.87359033587465,0.00040152000350522
0.056,511.511511511512,-1.76059919529916,0.000401214444110954
0.056,512.512512512513,-1.87176694488147,0.000400867160059598
0.056,513.513513513514,-1.82356878262456,0.000401559193566741
0.056,514.514514514515,-1.78167380965507,0.000401761566783955
0.056,515.515515515516,-1.78120680727012,0.000401378903520703
0.056,516.516516516517,-1.93529164162191,0.000400898271975016
0.056,517.517517517518,-1.74720634103349,0.000401849763098408
0.056,518.518518518519,-1.81412208126986,0.000401559250769422
0.056,519.51951951952,-1.79973491489192,0.000400962284358659
0.056,520.520520520521,-1.80832292508625,0.000401455489100516
0.056,521.521521521522,-1.75263674308354,0.000401823446517764
0.056,522.522522522523,-1.75504006358837,0.00040163876085096
0.056,523.523523523524,-1.81688575315412,0.000401671783065752
0.056,524.524524524525,-1.75296733802603,0.00040159439541509
0.056,525.525525525526,-1.72184101371751,0.000401441564711255
0.056,526.526526526527,-1.74099909304599,0.000401414825394579
0.056,527.527527527528,-1.8258603003434,0.000401204674022321
0.056,528.528528528529,-1.73400055501672,0.000401959303060265
0.056,529.52952952953,-1.76615591874518,0.000402089942882744
0.056,530.530530530531,-1.88078214601998,0.000400663402819417
0.056,531.531531531532,-1.7606482411786,0.000402329958517703
0.056,532.532532532533,-1.75203026502115,0.000401238868892065
0.056,533.533533533534,-1.83882609196516,0.000400950320893732
0.056,534.534534534535,-1.8914417199769,0.000401137926716267
0.056,535.535535535536,-1.70013738409295,0.000401968378142203
0.056,536.536536536537,-1.77516637322981,0.000401429116491784
0.056,537.537537537538,-1.79672315159998,0.00040174339142506
0.056,538.538538538539,-1.76753453483535,0.000401680331342716
0.056,539.53953953954,-1.69649022433099,0.000401886659943228
0.056,540.540540540541,-1.8199322819148,0.00040076579843663
0.056,541.541541541542,-1.79441026202663,0.000401763306649881
0.056,542.542542542543,-1.78417763534713,0.000401983288308664
0.056,543.543543543544,-1.83405983255322,0.000401374334177628
0.056,544.544544544545,-1.80368428011094,0.000401350235522272
0.056,545.545545545546,-1.72548996086499,0.000402349327498035
0.056,546.546546546547,-1.69975269451782,0.000401902643217881
0.056,547.547547547548,-1.82282068291654,0.000401413698842404
0.056,548.548548548549,-1.85563251855471,0.000401019115985274
0.056,549.54954954955,-1.82521769152911,0.000401843841211459
0.056,550.550550550551,-1.73678506754454,0.000401773142691913
0.056,551.551551551552,-1.83640414267522,0.000401851365654408
0.056,552.552552552553,-1.87474814231605,0.00040141432296241
0.056,553.553553553554,-1.78209789987838,0.000401703503948927
0.056,554.554554554555,-1.79378353995813,0.000401348101169278
0.056,555.555555555556,-1.80557721572596,0.000401388652407932
0.056,556.556556556557,-1.74093497335493,0.000402231856566581
0.056,557.557557557558,-1.73645100221973,0.000401669191032584
0.056,558.558558558559,-1.86198394442607,0.000400831215985914
0.056,559.55955955956,-1.89598955307311,0.00040131849073613
0.056,560.560560560561,-1.73330234374033,0.000401887663280594
0.056,561.561561561562,-1.68877000162378,0.000402294301749475
0.056,562.562562562563,-1.73528226157121,0.00040174994160182
0.056,563.563563563564,-1.79654513864302,0.000401223778543033
0.056,564.564564564565,-1.73456037543023,0.000401935157773566
0.056,565.565565565566,-1.85295573926732,0.000401251848497422
0.056,566.566566566567,-1.76919826824774,0.00040174922721434
0.056,567.567567567568,-1.7787920182328,0.000402059839003063
0.056,568.568568568569,-1.77817152370449,0.000400655098270507
0.056,569.56956956957,-1.84493160795028,0.000402042292345087
0.056,570.570570570571,-1.80860065985815,0.000401779962907611
0.056,571.571571571572,-1.81285940284185,0.000400836927209603
0.056,572.572572572573,-1.79821212812851,0.000401610659241288
0.056,573.573573573574,-1.82423612544947,0.000401444437883265
0.056,574.574574574575,-1.82371774736177,0.000401167113826088
0.056,575.575575575576,-1.72837686764143,0.00040155833940269
0.056,576.576576576577,-1.77506286908396,0.000402110158216083
0.056,577.577577577578,-1.7253213800991,0.000400839537918801
0.056,578.578578578579,-1.80743915416301,0.000401362467851544
0.056,579.57957957958,-1.74127189939402,0.000401859705499839
0.056,580.580580580581,-1.70305296358837,0.000402221370622226
0.056,581.581581581582,-1.8201262946423,0.000401468125254871
0.056,582.582582582583,-1.78690223265315,0.000400914988078261
0.056,583.583583583584,-1.73001460378779,0.000401755370512075
0.056,584.584584584585,-1.67519750178318,0.000401621397312037
0.056,585.585585585586,-1.8041724922033,0.000401122494325745
0.056,586.586586586587,-1.85791354459199,0.000401132335301068
0.056,587.587587587588,-1.72043657465404,0.000401526396580162
0.056,588.588588588589,-1.72565605210164,0.000401462006741049
0.056,589.58958958959,-1.88655949889969,0.000400787864400018
0.056,590.590590590591,-1.76230150811911,0.000401717322331167
0.056,591.591591591592,-1.78123523200011,0.000401847348839895
0.056,592.592592592593,-1.83352442354947,0.000400940175170248
0.056,593.593593593594,-1.79842327581027,0.000401555309128862
0.056,594.594594594595,-1.79062581525779,0.000401452022171729
0.056,595.595595595596,-1.65826523461441,0.000401735357502384
0.056,596.596596596597,-1.86328496241188,0.000401172787873907
0.056,597.597597597598,-1.85023539567562,0.000400994871856571
0.056,598.598598598599,-1.78755279077819,0.000402347304907568
0.056,599.5995995996,-1.78463049307235,0.000401921292466335
0.056,600.600600600601,-1.83068756670583,0.000401170644946384
0.056,601.601601601602,-1.87215788383966,0.000401023909205781
0.056,602.602602602603,-1.82978889377049,0.000401838487005322
0.056,603.603603603604,-1.72050237369703,0.00040184444783003
0.056,604.604604604605,-1.76305964201173,0.000401333688208046
0.056,605.605605605606,-1.74446938081961,0.000401026661394709
0.056,606.606606606607,-1.73348379889465,0.000402214681021273
0.056,607.607607607608,-1.74197419975106,0.000401414775356916
0.056,608.608608608609,-1.86855525841795,0.000400809540750898
0.056,609.60960960961,-1.72090716410938,0.000401829098424505
0.056,610.610610610611,-1.70303518667871,0.000402333429087728
0.056,611.611611611612,-1.7783509447183,0.000400895278231032
0.056,612.612612612613,-1.81650974566234,0.00040110303989377
0.056,613.613613613614,-1.78944594550448,0.000401506948079882
0.056,614.614614614615,-1.67478474137934,0.000402125158121452
0.056,615.615615615616,-1.67090463543509,0.000401357095380485
0.056,616.616616616617,-1.79865783962423,0.000401522647279211
0.056,617.617617617618,-1.80242119450121,0.000401398928569972
0.056,618.618618618619,-1.78950329272917,0.000401946642591834
0.056,619.61961961962,-1.77287704282406,0.000401786887544629
0.056,620.620620620621,-1.86445275293551,0.000400320786953139
0.056,621.621621621622,-1.77733833333745,0.000401695471435763
0.056,622.622622622623,-1.70994654262392,0.0004020680968619
0.056,623.623623623624,-1.79011642338879,0.000401867448005984
0.056,624.624624624625,-1.8390870965012,0.000401438860386992
0.056,625.625625625626,-1.84602994930943,0.000401674344265854
0.056,626.626626626627,-1.78594816794509,0.000401172824051373
0.056,627.627627627628,-1.74040942081355,0.000402338892765936
0.056,628.628628628629,-1.73752241732311,0.000401707234750038
0.056,629.62962962963,-1.8245753865523,0.000402084840215703
0.056,630.630630630631,-1.79545956865473,0.000401448297419772
0.056,631.631631631632,-1.73086147668473,0.000401775824757637
0.056,632.632632632633,-1.86685587072944,0.000401493026098537
0.056,633.633633633634,-1.70080871668357,0.000401893623518005
0.056,634.634634634635,-1.82049442891602,0.000401446661094222
0.056,635.635635635636,-1.83293972462997,0.000401456434119338
0.056,636.636636636637,-1.8614312864648,0.000400892299932945
0.056,637.637637637638,-1.8095152902845,0.000401430158179612
0.056,638.638638638639,-1.84042785700315,0.000401341289528109
0.056,639.63963963964,-1.80470400219424,0.000401995570029573
0.056,640.640640640641,-1.79699224596684,0.000401405235547246
0.056,641.641641641642,-1.79452995225662,0.000401077596094476
0.056,642.642642642643,-1.80366760450061,0.000401533532409008
0.056,643.643643643644,-1.71031867618475,0.000402196462848462
0.056,644.644644644645,-1.74208903170955,0.000401130847502806
0.056,645.645645645646,-1.82575633730665,0.00040179558628696
0.056,646.646646646647,-1.77656731563644,0.000401563550954504
0.056,647.647647647648,-1.80841140543402,0.000401621833438429
0.056,648.648648648649,-1.73880357147173,0.000401726259692072
0.056,649.64964964965,-1.80778874034973,0.000401290825135391
0.056,650.650650650651,-1.78522522989654,0.000400912149674205
0.056,651.651651651652,-1.78244433614614,0.000401209146050364
0.056,652.652652652653,-1.78005806405201,0.0004016473047232
0.056,653.653653653654,-1.81433286555807,0.000401506097087232
0.056,654.654654654655,-1.85063421506674,0.000400727697457765
0.056,655.655655655656,-1.89216116793074,0.000401012365540402
0.056,656.656656656657,-1.71024897628967,0.000402037947819118
0.056,657.657657657658,-1.74460215516004,0.000402069323254483
0.056,658.658658658659,-1.80956247161439,0.000401610319137876
0.056,659.65965965966,-1.74692626479769,0.000401929189842571
0.056,660.660660660661,-1.83330641189262,0.00040123087367223
0.056,661.661661661662,-1.82675629636628,0.000401386595695537
0.056,662.662662662663,-1.75666051322715,0.000401815908860643
0.056,663.663663663664,-1.80564504267148,0.000401392600332565
0.056,664.664664664665,-1.77986605947689,0.000400754629231509
0.056,665.665665665666,-1.70659362434094,0.000401935977228394
0.056,666.666666666667,-1.71470378976232,0.00040212829299279
0.056,667.667667667668,-1.82718575773407,0.00040028261931612
0.056,668.668668668669,-1.79511568281006,0.000402307399107783
0.056,669.66966966967,-1.72938512539614,0.000402043931313472
0.056,670.670670670671,-1.76188008115845,0.000401407598534774
0.056,671.671671671672,-1.74806060304563,0.000401481330147172
0.056,672.672672672673,-1.77714143457103,0.000402161638984151
0.056,673.673673673674,-1.84051543125833,0.000400875354901519
0.056,674.674674674675,-1.76828830381457,0.000401320214745049
0.056,675.675675675676,-1.7337755924484,0.000401960528924281
0.056,676.676676676677,-1.76293601969899,0.000401186353836105
0.056,677.677677677678,-1.88394661819338,0.000401225292006152
0.056,678.678678678679,-1.82909742345653,0.00040160030350057
0.056,679.67967967968,-1.78150784395942,0.00040222485487626
0.056,680.680680680681,-1.74568700553068,0.00040130559910779
0.056,681.681681681682,-1.84387881689965,0.000400967097723436
0.056,682.682682682683,-1.86177755491667,0.000401174758841011
0.056,683.683683683684,-1.66381287516156,0.000401988227061247
0.056,684.684684684685,-1.94953485518759,0.000401159197538904
0.056,685.685685685686,-1.84883706493408,0.000400932266635378
0.056,686.686686686687,-1.75926730710042,0.00040171407111639
0.056,687.687687687688,-1.7325559887423,0.000401517035132444
0.056,688.688688688689,-1.81521506755969,0.000401217080073902
0.056,689.68968968969,-1.71650762137744,0.000402454616783907
0.056,690.690690690691,-1.80123481484383,0.000401899724060554
0.056,691.691691691692,-1.88174649600323,0.000401640422195341
0.056,692.692692692693,-1.80090795649728,0.000401422764351408
0.056,693.693693693694,-1.66093422970286,0.000401889478672851
0.056,694.694694694695,-1.80264496482372,0.000401638278445603
0.056,695.695695695696,-1.80305337052436,0.000401785564894148
0.056,696.696696696697,-1.88828597604907,0.000401706907802068
0.056,697.697697697698,-1.71671333952128,0.000401556872923292
0.056,698.698698698699,-1.73939604151654,0.000401645909776517
0.056,699.6996996997,-1.87506838448783,0.000401287570161916
0.056,700.700700700701,-1.7724006755488,0.000401872886959009
0.056,701.701701701702,-1.72931734784707,0.00040210130830363
0.056,702.702702702703,-1.7803568938351,0.000402907557886212
0.056,703.703703703704,-1.87131112086326,0.000401154907396592
0.056,704.704704704705,-1.75057322417121,0.000401956191328411
0.056,705.705705705706,-1.66997932876568,0.000401976753636532
0.056,706.706706706707,-1.65873577994668,0.000401892012211287
0.056,707.707707707708,-1.75622826328078,0.000401437375466484
0.056,708.708708708709,-1.78426326050293,0.000402065902193554
0.056,709.70970970971,-1.72079217905162,0.000401685126794949
0.056,710.710710710711,-1.81064905161584,0.000401960494097598
0.056,711.711711711712,-1.79779986340179,0.000401375091144106
0.056,712.712712712713,-1.82475009244817,0.000401824534249639
0.056,713.713713713714,-1.81888843715782,0.00040225868638565
0.056,714.714714714715,-1.82588004608126,0.000401090753415759
0.056,715.715715715716,-1.81410291917066,0.000401225106714101
0.056,716.716716716717,-1.74863473730977,0.000402042108814926
0.056,717.717717717718,-1.77220070438945,0.000401458950919823
0.056,718.718718718719,-1.83447945460614,0.000401217548736521
0.056,719.71971971972,-1.66442495470602,0.000401578409438872
0.056,720.720720720721,-1.88615748130364,0.000400913005658875
0.056,721.721721721722,-1.8135260131012,0.000401626258893858
0.056,722.722722722723,-1.67744062467581,0.00040218073046688
0.056,723.723723723724,-1.79064370999893,0.000401838629189808
0.056,724.724724724725,-1.87134856202402,0.000401209569960988
0.056,725.725725725726,-1.88268738980804,0.000401207224768545
0.056,726.726726726727,-1.72217594265579,0.000401725056145324
0.056,727.727727727728,-1.83431932962691,0.000401302500707566
0.056,728.728728728729,-1.77194871598659,0.000401576956702213
0.056,729.72972972973,-1.73766376081868,0.000401433308555577
0.056,730.730730730731,-1.76065437973207,0.000401811485108374
0.056,731.731731731732,-1.82269390559412,0.000400981258440815
0.056,732.732732732733,-1.76156281591511,0.000401775104790839
0.056,733.733733733734,-1.74464785314828,0.00040169357446802
0.056,734.734734734735,-1.82185496818807,0.000401550642294566
0.056,735.735735735736,-1.86085744016741,0.000401423610469497
0.056,736.736736736737,-1.86698046737418,0.00040199386346336
0.056,737.737737737738,-1.76674772219832,0.000401835368225909
0.056,738.738738738739,-1.89833122537328,0.000401267321117756
0.056,739.73973973974,-1.75277495473361,0.000401880698178846
0.056,740.740740740741,-1.77872066619333,0.000402075101606163
0.056,741.741741741742,-1.84619081841531,0.000401190651260894
0.056,742.742742742743,-1.81706580080829,0.000401077473760612
0.056,743.743743743744,-1.75008951649426,0.00040188070252484
0.056,744.744744744745,-1.80317611647113,0.000401320395514917
0.056,745.745745745746,-1.73071576527799,0.000401409878184926
0.056,746.746746746747,-1.71568365224292,0.000401396478486371
0.056,747.747747747748,-1.83245243376011,0.000401262765752338
0.056,748.748748748749,-1.77911528434657,0.000401422170300983
0.056,749.74974974975,-1.6706325677928,0.000401193797232135
0.056,750.750750750751,-1.76992591082917,0.000401436180259346
0.056,751.751751751752,-1.79360865467691,0.000401337252158217
0.056,752.752752752753,-1.77293368546388,0.000401953905276726
0.056,753.753753753754,-1.75609892324577,0.000401956046677279
0.056,754.754754754755,-1.81929910954213,0.000401048701928158
0.056,755.755755755756,-1.796378484529,0.000400839827808361
0.056,756.756756756757,-1.78532273354597,0.000401443464909129
0.056,757.757757757758,-1.74751819816878,0.00040145289653878
0.056,758.758758758759,-1.7848644095494,0.000401245992857521
0.056,759.75975975976,-1.70133884784713,0.000402180788021938
0.056,760.760760760761,-1.72467859527307,0.000401265180598148
0.056,761.761761761762,-1.77007496327617,0.000401121928113175
0.056,762.762762762763,-1.78024313038271,0.000401607541636468
0.056,763.763763763764,-1.78356213618172,0.000401135395468288
0.056,764.764764764765,-1.78643292798575,0.00040082271498632
0.056,765.765765765766,-1.74873497208556,0.000400906237301459
0.056,766.766766766767,-1.7434041715868,0.000401615522467539
0.056,767.767767767768,-1.79882716560689,0.000401559686602166
0.056,768.768768768769,-1.85026397377238,0.000401469429229323
0.056,769.76976976977,-1.75585304471279,0.000401847284707115
0.056,770.770770770771,-1.80949348298008,0.000402041012156144
0.056,771.771771771772,-1.71921201756239,0.000402095105806406
0.056,772.772772772773,-1.77865625506133,0.000401466828621626
0.056,773.773773773774,-1.83295373082279,0.000401007471011247
0.056,774.774774774775,-1.80624881244967,0.00040165964182617
0.056,775.775775775776,-1.71297964544641,0.000401588765708157
0.056,776.776776776777,-1.73531959109245,0.000401515705904242
0.056,777.777777777778,-1.82115004660733,0.00040155207565044
0.056,778.778778778779,-1.81348308126527,0.000400856271523482
0.056,779.77977977978,-1.8686788969076,0.000401801672205825
0.056,780.780780780781,-1.79145982279649,0.000401854017180714
0.056,781.781781781782,-1.72072575570571,0.000402013042629459
0.056,782.782782782783,-1.87556845641797,0.000401110475008919
0.056,783.783783783784,-1.82344037026518,0.00040197491704287
0.056,784.784784784785,-1.81662438060866,0.000401539153130304
0.056,785.785785785786,-1.79150542928734,0.000401746134569622
0.056,786.786786786787,-1.89737658165398,0.000401213098262261
0.056,787.787787787788,-1.84520518271914,0.000401392189225004
0.056,788.788788788789,-1.78158853588279,0.000401921795074692
0.056,789.78978978979,-1.7468936497628,0.000401652705384491
0.056,790.790790790791,-1.80103696193851,0.000401653131468113
0.056,791.791791791792,-1.8002747646462,0.000401535900447285
0.056,792.792792792793,-1.7554179912693,0.000402092865328932
0.056,793.793793793794,-1.85835875266807,0.000401220944015133
0.056,794.794794794795,-1.79108631639046,0.000401020173941216
0.056,795.795795795796,-1.84071291511608,0.000401141985522482
0.056,796.796796796797,-1.74835385043237,0.000401900463466866
0.056,797.797797797798,-1.80453947157015,0.000401984984655918
0.056,798.798798798799,-1.72524510587662,0.000401429554027687
0.056,799.7997997998,-1.78228411321009,0.000401773457893952
0.056,800.800800800801,-1.80772667780676,0.000400901631780919
0.056,801.801801801802,-1.88133051077179,0.000401269197882499
0.056,802.802802802803,-1.71914388641731,0.000401635267904937
0.056,803.803803803804,-1.81097445039322,0.000401927824554363
0.056,804.804804804805,-1.75114062136848,0.000401841850100085
0.056,805.805805805806,-1.8780903966803,0.00040101143573256
0.056,806.806806806807,-1.76292717825965,0.000401137049001626
0.056,807.807807807808,-1.77353334714609,0.000402214312257791
0.056,808.808808808809,-1.67428159748064,0.000402276738471007
0.056,809.80980980981,-1.75020267466568,0.000401332588671511
0.056,810.810810810811,-1.79496745220638,0.000401262775912568
0.056,811.811811811812,-1.82209101517064,0.000401141618638349
0.056,812.812812812813,-1.81967377799594,0.000401400486373978
0.056,813.813813813814,-1.74566588612357,0.000401408861104821
0.056,814.814814814815,-1.78435371226618,0.000401548284240329
0.056,815.815815815816,-1.83151334438055,0.000401753493571143
0.056,816.816816816817,-1.82552298004084,0.00040223006043765
0.056,817.817817817818,-1.80407395377391,0.000402226780915181
0.056,818.818818818819,-1.89096263448472,0.000401339907325761
0.056,819.81981981982,-1.80339061097131,0.000401915672860902
0.056,820.820820820821,-1.75495131181071,0.000401503685119175
0.056,821.821821821822,-1.78303476723875,0.000401743391718708
0.056,822.822822822823,-1.88183177640275,0.000401040738657253
0.056,823.823823823824,-1.81113452855231,0.000401912710302362
0.056,824.824824824825,-1.71747070515115,0.000402142230596222
0.056,825.825825825826,-1.68002911335674,0.000401866416126007
0.056,826.826826826827,-1.77593441386951,0.000401171205227259
0.056,827.827827827828,-1.87108533066296,0.00040103796526692
0.056,828.828828828829,-1.76334703461593,0.00040166857830613
0.056,829.82982982983,-1.79596095384689,0.000401572711253166
0.056,830.830830830831,-1.80179745573086,0.000401253616494851
0.056,831.831831831832,-1.91828254469851,0.000401161722502811
0.056,832.832832832833,-1.81638652051889,0.00040191270049451
0.056,833.833833833834,-1.72234587797039,0.000402104229633954
0.056,834.834834834835,-1.81391425521405,0.000401216555676844
0.056,835.835835835836,-1.81434867208514,0.000401498946634704
0.056,836.836836836837,-1.79840219004618,0.000401867205687442
0.056,837.837837837838,-1.79845238318177,0.000401905336089862
0.056,838.838838838839,-1.77484050599046,0.000401975727277142
0.056,839.83983983984,-1.86216408941496,0.000401138391267811
0.056,840.840840840841,-1.82929986502816,0.000401726942130622
0.056,841.841841841842,-1.76342852850451,0.00040149566617256
0.056,842.842842842843,-1.76146268023803,0.000402059619471626
0.056,843.843843843844,-1.94052115624609,0.000400859554334811
0.056,844.844844844845,-1.79037369568341,0.000401030087858766
0.056,845.845845845846,-1.63976065217179,0.000401741348396674
0.056,846.846846846847,-1.70882856266404,0.000401986230957852
0.056,847.847847847848,-1.77873378833812,0.000401926035061882
0.056,848.848848848849,-1.84041068716193,0.000400957992571917
0.056,849.84984984985,-1.70442154393273,0.000401610929456415
0.056,850.850850850851,-1.81096478572898,0.000401143324734725
0.056,851.851851851852,-1.77290568405755,0.000401441869224498
0.056,852.852852852853,-1.87921467910095,0.000400831020005067
0.056,853.853853853854,-1.76069428585893,0.000401902104314599
0.056,854.854854854855,-1.74045009494348,0.000401553765008865
0.056,855.855855855856,-1.83985955890241,0.000401002806819785
0.056,856.856856856857,-1.80239029133052,0.000401261719483597
0.056,857.857857857858,-1.70582377579649,0.000401863021552151
0.056,858.858858858859,-1.79780867168971,0.000401418336664252
0.056,859.85985985986,-1.79542615434908,0.000400957449146452
0.056,860.860860860861,-1.75255968748931,0.000401849308413446
0.056,861.861861861862,-1.82189443295058,0.000400682334792413
0.056,862.862862862863,-1.87424321508494,0.000400803108738196
0.056,863.863863863864,-1.72020719930963,0.000401738004036669
0.056,864.864864864865,-1.80677722135984,0.00040183755872445
0.056,865.865865865866,-1.81781605520565,0.000401018652314676
0.056,866.866866866867,-1.74666129218372,0.000402110515116176
0.056,867.867867867868,-1.7858427518337,0.000401275938930627
0.056,868.868868868869,-1.79178814960879,0.000400817552121387
0.056,869.86986986987,-1.82845200559972,0.000400780889490418
0.056,870.870870870871,-1.73689530679365,0.000402203673498883
0.056,871.871871871872,-1.61757588162395,0.000401948977154211
0.056,872.872872872873,-1.68629359101969,0.000401752737661798
0.056,873.873873873874,-1.78271779630299,0.000401247761148597
0.056,874.874874874875,-1.80348635808188,0.000400868294187898
0.056,875.875875875876,-1.8415692642246,0.000401493769263547
0.056,876.876876876877,-1.73897360156115,0.000401679723020986
0.056,877.877877877878,-1.7563735037239,0.000402087346268662
0.056,878.878878878879,-1.76743312317458,0.000401725644440243
0.056,879.87987987988,-1.80781138443031,0.000401627603567958
0.056,880.880880880881,-1.81386378240056,0.00040119313587753
0.056,881.881881881882,-1.77122809457303,0.000402145043217962
0.056,882.882882882883,-1.7730940168921,0.000401943502317369
0.056,883.883883883884,-1.81667041910582,0.000401876361640109
0.056,884.884884884885,-1.87122413847064,0.000400745868881774
0.056,885.885885885886,-1.81030427747855,0.000401105417446251
0.056,886.886886886887,-1.77831736250865,0.00040129394949412
0.056,887.887887887888,-1.73686961311927,0.000401976439844004
0.056,888.888888888889,-1.89419878645811,0.000401197327295298
0.056,889.88988988989,-1.83489485076316,0.000401042062599786
0.056,890.890890890891,-1.78791197125818,0.000402024165966721
0.056,891.891891891892,-1.6698657669007,0.00040198822318509
0.056,892.892892892893,-1.77764021394351,0.000400817982785922
0.056,893.893893893894,-1.75367887222207,0.000401476066971994
0.056,894.894894894895,-1.71718689572893,0.000401771048333811
0.056,895.895895895896,-1.71788844723244,0.000401428272429232
0.056,896.896896896897,-1.77653007058609,0.000401288517588654
0.056,897.897897897898,-1.73917471773078,0.000402243799887238
0.056,898.898898898899,-1.79298925677509,0.000402035462380267
0.056,899.8998998999,-1.83437342682812,0.000400958314116759
0.056,900.900900900901,-1.86304021011593,0.000401333979389658
0.056,901.901901901902,-1.79133176721535,0.000401597640228334
0.056,902.902902902903,-1.67058626040403,0.000401606423482634
0.056,903.903903903904,-1.80327108592772,0.000401641671022651
0.056,904.904904904905,-1.87934274111117,0.000400845779177595
0.056,905.905905905906,-1.78518867119703,0.000401140078570698
0.056,906.906906906907,-1.807458450453,0.000401899824429528
0.056,907.907907907908,-1.71867149540918,0.000402119174039803
0.056,908.908908908909,-1.81571891480145,0.000401407566527114
0.056,909.90990990991,-1.7988432198723,0.000401421091084907
0.056,910.910910910911,-1.74401496584611,0.000401468408919088
0.056,911.911911911912,-1.71712243083275,0.000401862992539703
0.056,912.912912912913,-1.68469261949845,0.000401830358351718
0.056,913.913913913914,-1.82471689759238,0.000401171339189594
0.056,914.914914914915,-1.85415074087577,0.000401199539230162
0.056,915.915915915916,-1.7561483049705,0.00040118628735414
0.056,916.916916916917,-1.6848371195949,0.000402062602115707
0.056,917.917917917918,-1.77185825463442,0.000401842903475114
0.056,918.918918918919,-1.919556779455,0.000400912239060734
0.056,919.91991991992,-1.8527159255728,0.000401381909186807
0.056,920.920920920921,-1.68673885529306,0.000401862572798884
0.056,921.921921921922,-1.82867658290526,0.000400602741667147
0.056,922.922922922923,-1.89624315007033,0.000401289420968153
0.056,923.923923923924,-1.75498294015524,0.000402365211343389
0.056,924.924924924925,-1.81575588511577,0.000401520268669596
0.056,925.925925925926,-1.86300617643679,0.000401205410492151
0.056,926.926926926927,-1.74005916079081,0.000402130529065541
0.056,927.927927927928,-1.7683067092356,0.000401459616091856
0.056,928.928928928929,-1.80936599519676,0.000401276135498771
0.056,929.92992992993,-1.79883177098275,0.000401023882953626
0.056,930.930930930931,-1.83858572112685,0.000400990593695109
0.056,931.931931931932,-1.69590217465467,0.000401828826623678
0.056,932.932932932933,-1.76683671110539,0.000401632999472149
0.056,933.933933933934,-1.89037288854669,0.000401105372048231
0.056,934.934934934935,-1.7594423470968,0.00040229811441972
0.056,935.935935935936,-1.69451204017301,0.000401590418830387
0.056,936.936936936937,-1.77635654998615,0.000402004067505388
0.056,937.937937937938,-1.80839101837303,0.000401197664520956
0.056,938.938938938939,-1.84329940835354,0.000401465786111582
0.056,939.93993993994,-1.71042238988459,0.000402004372840846
0.056,940.940940940941,-1.66854139627927,0.000401738429415535
0.056,941.941941941942,-1.72961636139694,0.000401425297067629
0.056,942.942942942943,-1.80202154007399,0.000400970325211434
0.056,943.943943943944,-1.83147289150568,0.000401054349723823
0.056,944.944944944945,-1.8293351496064,0.000401559074286819
0.056,945.945945945946,-1.67670177896677,0.000401608326029694
0.056,946.946946946947,-1.7789354587775,0.000401727042793245
0.056,947.947947947948,-1.75448386505833,0.000400892860918576
0.056,948.948948948949,-1.77800434142167,0.000401031304326037
0.056,949.94994994995,-1.72388713034049,0.000402348838808605
0.056,950.950950950951,-1.73433897545784,0.00040231579850508
0.056,951.951951951952,-1.81551647028146,0.000401331539583746
0.056,952.952952952953,-1.82727852555921,0.000401331725110715
0.056,953.953953953954,-1.66078845840582,0.000401534038717333
0.056,954.954954954955,-1.82969454470483,0.000401828627001592
0.056,955.955955955956,-1.81144047978708,0.000401199423415289
0.056,956.956956956957,-1.88193608510083,0.000401732866190568
0.056,957.957957957958,-1.70229505464365,0.000402271161268383
0.056,958.958958958959,-1.72217829920419,0.000402222275704885
0.056,959.95995995996,-1.75480225671798,0.000400702737766989
0.056,960.960960960961,-1.73283907877266,0.000402068769844977
0.056,961.961961961962,-1.79925397319062,0.000401383776202428
0.056,962.962962962963,-1.84548240955458,0.000401033563185893
0.056,963.963963963964,-1.77254205660364,0.00040210044045557
0.056,964.964964964965,-1.68828516087655,0.000401527831815386
0.056,965.965965965966,-1.83434005408531,0.000401328692135323
0.056,966.966966966967,-1.87858673637634,0.000400685442295732
0.056,967.967967967968,-1.8167877976904,0.000401493778366643
0.056,968.968968968969,-1.63569789298855,0.000401729126638739
0.056,969.96996996997,-1.80171986054085,0.000401079242756445
0.056,970.970970970971,-1.81606455754005,0.000401419084586364
0.056,971.971971971972,-1.86316815203355,0.00040160637685129
0.056,972.972972972973,-1.68927294716851,0.000402099983832529
0.056,973.973973973974,-1.75885435997228,0.000401267430707286
0.056,974.974974974975,-1.90194207974829,0.000400973242078305
0.056,975.975975975976,-1.80724542284317,0.000401541361776307
0.056,976.976976976977,-1.70783875882638,0.000401735640461845
0.056,977.977977977978,-1.75301449326323,0.000401651013030854
0.056,978.978978978979,-1.88285886198979,0.000401457947641186
0.056,979.97997997998,-1.83756582971952,0.000401497631853996
0.056,980.980980980981,-1.71617473946908,0.000402351140717296
0.056,981.981981981982,-1.80934089579158,0.000401789241781439
0.056,982.982982982983,-1.78332198429746,0.000401315379767761
0.056,983.983983983984,-1.76237704484022,0.000401565526150143
0.056,984.984984984985,-1.70936894950489,0.000402232585284097
0.056,985.985985985986,-1.81300942092956,0.000400745506754743
0.056,986.986986986987,-1.8096407032083,0.000400944321307454
0.056,987.987987987988,-1.80737449629661,0.000401962804639547
0.056,988.988988988989,-1.71321454531348,0.000402208766005693
0.056,989.98998998999,-1.70582519946349,0.000401687385654805
0.056,990.990990990991,-1.85467469116233,0.000401152485033387
0.056,991.991991991992,-1.88374437013745,0.000401224657197349
0.056,992.992992992993,-1.85440324305648,0.000400935571763975
0.056,993.993993993994,-1.75418286904993,0.000401441951093632
0.056,994.994994994995,-1.63036267247319,0.000402379324607209
0.056,995.995995995996,-1.80030097363962,0.000401436523240511
0.056,996.996996996997,-1.8761894361735,0.000400956303154763
0.056,997.997997997998,-1.81830762702604,0.000401271250836197
0.056,998.998998998999,-1.72879031627506,0.000402057575973403
0.056,1000.0,-1.76590675576016,0.000401270655963557
0.067,0.0,-1.7023642081336,0.000468247539748797
0.067,1.001001001001,-1.74882186429427,0.000480065697945492
0.067,2.002002002002,-1.84030592435059,0.000480247287385069
0.067,3.003003003003,-1.83731720833942,0.000480094991767089
0.067,4.004004004004,-1.78609145851922,0.000480601054896302
0.067,5.00500500500501,-1.74566394396128,0.000481151227752483
0.067,6.00600600600601,-1.85654336251831,0.000479986393359005
0.067,7.00700700700701,-1.81895205797184,0.00048068235294335
0.067,8.00800800800801,-1.75760749109227,0.000480783954770593
0.067,9.00900900900901,-1.75809135792343,0.000480706636068541
0.067,10.01001001001,-1.84902031123152,0.000479990704291613
0.067,11.011011011011,-1.72766786947659,0.000480141984180271
0.067,12.012012012012,-1.78879783993842,0.000480959564239596
0.067,13.013013013013,-1.75502441275589,0.000480572858203324
0.067,14.014014014014,-1.79918164717778,0.000479981911053273
0.067,15.015015015015,-1.76534897196871,0.000480074507863053
0.067,16.016016016016,-1.76979227614193,0.000480689876211706
0.067,17.017017017017,-1.73624171312376,0.000480573249107885
0.067,18.018018018018,-1.83214952314925,0.000480594194039685
0.067,19.019019019019,-1.82016854677585,0.000480074633603237
0.067,20.02002002002,-1.76670674392334,0.000480608923083901
0.067,21.021021021021,-1.78539566285269,0.000481025763598002
0.067,22.022022022022,-1.78953428892382,0.000480628458797714
0.067,23.023023023023,-1.85358662130141,0.0004801681515876
0.067,24.024024024024,-1.80247123683608,0.000480678941807732
0.067,25.025025025025,-1.72641258236791,0.000480806992533524
0.067,26.026026026026,-1.74801973211045,0.000480817533859941
0.067,27.027027027027,-1.75088275757905,0.000480264707539376
0.067,28.028028028028,-1.86392838179697,0.00048013346068722
0.067,29.029029029029,-1.75975568300801,0.000480350808203675
0.067,30.03003003003,-1.7784708115217,0.000480907984394607
0.067,31.031031031031,-1.71224067439463,0.000480758036729364
0.067,32.032032032032,-1.79833928966207,0.000480182750604368
0.067,33.033033033033,-1.79366029568374,0.000480050491664128
0.067,34.034034034034,-1.82454823344341,0.000480593021384734
0.067,35.035035035035,-1.853218936729,0.000479691811417548
0.067,36.036036036036,-1.85499892588032,0.000479827085244447
0.067,37.037037037037,-1.79797785114596,0.000480545080840058
0.067,38.038038038038,-1.74623139424102,0.000481037676437969
0.067,39.039039039039,-1.78531152344939,0.000480767769407209
0.067,40.04004004004,-1.83219071443574,0.000479981579054553
0.067,41.041041041041,-1.76326143490956,0.000481199461710497
0.067,42.042042042042,-1.75099257179534,0.000480584465649104
0.067,43.043043043043,-1.75291017964063,0.000480655242337817
0.067,44.044044044044,-1.85521750246397,0.000479885562064789
0.067,45.0450450450451,-1.71928901365899,0.000480262625984338
0.067,46.0460460460461,-1.75879135535053,0.000480191933337757
0.067,47.0470470470471,-1.81630255006465,0.000479811829865094
0.067,48.0480480480481,-1.84311921843922,0.000480358814171036
0.067,49.0490490490491,-1.72594377606766,0.000480911449150397
0.067,50.0500500500501,-1.80387963702046,0.000480163110469235
0.067,51.0510510510511,-1.85668260111861,0.000479884050128641
0.067,52.0520520520521,-1.82687850126542,0.000480163960404751
0.067,53.0530530530531,-1.72786962849511,0.000480306824099431
0.067,54.0540540540541,-1.8111657920762,0.000480117007986462
0.067,55.0550550550551,-1.86650853706662,0.000480561766932451
0.067,56.0560560560561,-1.82190294542416,0.000480037746155161
0.067,57.0570570570571,-1.8467326529468,0.000480467030307819
0.067,58.0580580580581,-1.78510219381685,0.00048112086135126
0.067,59.0590590590591,-1.7615436146952,0.000480059701471886
0.067,60.0600600600601,-1.82415825293292,0.000479874502214279
0.067,61.0610610610611,-1.8407312366051,0.000480226441412732
0.067,62.0620620620621,-1.77186114936471,0.000481000918253857
0.067,63.0630630630631,-1.77569440755619,0.000480861671072386
0.067,64.0640640640641,-1.77224705200937,0.000480761956639952
0.067,65.0650650650651,-1.8268710638986,0.000480443097270081
0.067,66.0660660660661,-1.8168082248922,0.000480387967393848
0.067,67.0670670670671,-1.77242061980109,0.000481057806613315
0.067,68.0680680680681,-1.7252331686726,0.000480867727039129
0.067,69.0690690690691,-1.70620414064181,0.000479651309276882
0.067,70.0700700700701,-1.83979844121852,0.000480215357306876
0.067,71.0710710710711,-1.75617031811193,0.000480242543732389
0.067,72.0720720720721,-1.77320654038894,0.000480887975672181
0.067,73.0730730730731,-1.72378609850685,0.00048076196204308
0.067,74.0740740740741,-1.79768719262004,0.000479393983546983
0.067,75.0750750750751,-1.72041551441787,0.000480569929473064
0.067,76.0760760760761,-1.75226692500304,0.000480322866456114
0.067,77.0770770770771,-1.76810323639186,0.000480518040475189
0.067,78.0780780780781,-1.70547581008811,0.000480436325388886
0.067,79.0790790790791,-1.72324292555112,0.000480266138193686
0.067,80.0800800800801,-1.80731792253308,0.000480225111479774
0.067,81.0810810810811,-1.83119037245712,0.000480587528576619
0.067,82.0820820820821,-1.8105948705391,0.000480420044002522
0.067,83.0830830830831,-1.81823806844992,0.000479727953292698
0.067,84.0840840840841,-1.76517908961591,0.00048032716769833
0.067,85.0850850850851,-1.81914125280623,0.000480286278999099
0.067,86.0860860860861,-1.80842885990673,0.000479984871262627
0.067,87.0870870870871,-1.71926345338197,0.000480777878365931
0.067,88.0880880880881,-1.79705198050894,0.000480005897417535
0.067,89.0890890890891,-1.84793864354482,0.000479786721177192
0.067,90.0900900900901,-1.72502804325499,0.000481131749182621
0.067,91.0910910910911,-1.89117540113073,0.000479707431801685
0.067,92.0920920920921,-1.75662874457665,0.000481080693969608
0.067,93.0930930930931,-1.77562264989284,0.000480404315966934
0.067,94.0940940940941,-1.80898471706031,0.000480412740265603
0.067,95.0950950950951,-1.85378279644001,0.000480385150308655
0.067,96.0960960960961,-1.8263350956794,0.000480318476297206
0.067,97.0970970970971,-1.70970205307358,0.000480322580560171
0.067,98.0980980980981,-1.75840477697644,0.000480506611391361
0.067,99.0990990990991,-1.84599029757322,0.000479964753714157
0.067,100.1001001001,-1.85173878441695,0.000480246526013867
0.067,101.101101101101,-1.78745500662659,0.000481015012959107
0.067,102.102102102102,-1.82364642056727,0.000480443003596287
0.067,103.103103103103,-1.7608674983066,0.000480106857388417
0.067,104.104104104104,-1.71777638986346,0.000480949711577073
0.067,105.105105105105,-1.76262353278042,0.000480359484922386
0.067,106.106106106106,-1.8411418392898,0.000480265455461488
0.067,107.107107107107,-1.72085579191088,0.000480879383289249
0.067,108.108108108108,-1.81588255867845,0.000480028676065244
0.067,109.109109109109,-1.7906301327048,0.000480186137308451
0.067,110.11011011011,-1.69975343531999,0.00048115527434293
0.067,111.111111111111,-1.87992087696052,0.000480002532502153
0.067,112.112112112112,-1.79425325337266,0.000480032493551321
0.067,113.113113113113,-1.70301411676891,0.000480893655769155
0.067,114.114114114114,-1.86090732107182,0.000480325010910609
0.067,115.115115115115,-1.8645001084105,0.000479642159784476
0.067,116.116116116116,-1.78514405838583,0.000480040900642202
0.067,117.117117117117,-1.75832401763286,0.000480730448710494
0.067,118.118118118118,-1.70181466652084,0.000480612803469435
0.067,119.119119119119,-1.81548678879417,0.000479976327507846
0.067,120.12012012012,-1.7803773164382,0.000480722634377985
0.067,121.121121121121,-1.71982291053226,0.000480708317498463
0.067,122.122122122122,-1.83122641697686,0.000480026894148888
0.067,123.123123123123,-1.80372492046936,0.000481027254978771
0.067,124.124124124124,-1.75414769999373,0.000480581953429532
0.067,125.125125125125,-1.77977168361274,0.000480941119194141
0.067,126.126126126126,-1.8715918836392,0.000480409731780475
0.067,127.127127127127,-1.8175198598715,0.000480898717854006
0.067,128.128128128128,-1.77876019289326,0.000481264080301603
0.067,129.129129129129,-1.81940553181997,0.000480758815660731
0.067,130.13013013013,-1.77702028716903,0.000480508055318572
0.067,131.131131131131,-1.80934805424258,0.000479996364655424
0.067,132.132132132132,-1.79474581019113,0.000480002619539497
0.067,133.133133133133,-1.73763144336533,0.000480415946552196
0.067,134.134134134134,-1.75856402394962,0.000480039071565936
0.067,135.135135135135,-1.80567996137552,0.000480321142388465
0.067,136.136136136136,-1.73274584544335,0.000480920032312773
0.067,137.137137137137,-1.7363744173011,0.000480912653284441
0.067,138.138138138138,-1.80351383391936,0.000480530095205995
0.067,139.139139139139,-1.76248102114828,0.000480665752948626
0.067,140.14014014014,-1.77517781262918,0.00048052585609975
0.067,141.141141141141,-1.83748374593689,0.000480564672288311
0.067,142.142142142142,-1.86446259399293,0.000479787508448171
0.067,143.143143143143,-1.82165809557654,0.000480733456432136
0.067,144.144144144144,-1.7851851050594,0.000480627949141798
0.067,145.145145145145,-1.83768448011142,0.000479790603383345
0.067,146.146146146146,-1.84534582837655,0.000480551931888824
0.067,147.147147147147,-1.71883834274245,0.000480598647685347
0.067,148.148148148148,-1.81904378007748,0.000480215871367516
0.067,149.149149149149,-1.79202453359158,0.000480392838607331
0.067,150.15015015015,-1.7698522323853,0.000480660119776644
0.067,151.151151151151,-1.82218139212325,0.000480080635186323
0.067,152.152152152152,-1.83353905301654,0.000479735659445188
0.067,153.153153153153,-1.75896715547636,0.000481056365328937
0.067,154.154154154154,-1.76985086886922,0.000480875258999473
0.067,155.155155155155,-1.82236205807007,0.000480044331687172
0.067,156.156156156156,-1.87812196508802,0.000480436978814988
0.067,157.157157157157,-1.79915234134289,0.000480512185774962
0.067,158.158158158158,-1.70644923776104,0.000480494246098158
0.067,159.159159159159,-1.79448435226291,0.000480529887772866
0.067,160.16016016016,-1.85327754167643,0.000480936212977785
0.067,161.161161161161,-1.73800846439867,0.000480954609982385
0.067,162.162162162162,-1.72469176311659,0.000480086856888142
0.067,163.163163163163,-1.85110386974474,0.000480344180973612
0.067,164.164164164164,-1.75598309881435,0.000480448350931055
0.067,165.165165165165,-1.7690383723723,0.00048072287622669
0.067,166.166166166166,-1.86492169757661,0.000480181127551719
0.067,167.167167167167,-1.81174222345399,0.00048042684383903
0.067,168.168168168168,-1.8376845196113,0.000480653589391776
0.067,169.169169169169,-1.80382235221294,0.000480934123729163
0.067,170.17017017017,-1.80794625871187,0.000479837060064646
0.067,171.171171171171,-1.68355904438835,0.000480680516467148
0.067,172.172172172172,-1.77806224711163,0.000480040125058424
0.067,173.173173173173,-1.82023439311596,0.000480597380886764
0.067,174.174174174174,-1.74164999601187,0.0004809755238462
0.067,175.175175175175,-1.70732867507452,0.000480669589639299
0.067,176.176176176176,-1.7579958699655,0.000480308192970148
0.067,177.177177177177,-1.87286005430774,0.000480379645049854
0.067,178.178178178178,-1.81974967883901,0.00048008318522779
0.067,179.179179179179,-1.72150065338692,0.000480711810209567
0.067,180.18018018018,-1.75942143641244,0.000481174465254959
0.067,181.181181181181,-1.84091686868655,0.000480406378141186
0.067,182.182182182182,-1.84087782919924,0.000480077517933881
0.067,183.183183183183,-1.80815224958104,0.000480791892787748
0.067,184.184184184184,-1.81655746026346,0.000480162008759703
0.067,185.185185185185,-1.89864083500325,0.000480460322265756
0.067,186.186186186186,-1.6845692850355,0.000481169619530144
0.067,187.187187187187,-1.73865229956471,0.000480667587662939
0.067,188.188188188188,-1.78202047472312,0.000480392076472644
0.067,189.189189189189,-1.69566969416454,0.00048124065521662
0.067,190.19019019019,-1.7858140131342,0.000480493313530022
0.067,191.191191191191,-1.86076782162025,0.000479709885585254
0.067,192.192192192192,-1.77557490726916,0.000480253463982517
0.067,193.193193193193,-1.74123849737656,0.000480268165247608
0.067,194.194194194194,-1.9033289578134,0.000480381449459666
0.067,195.195195195195,-1.83712979338745,0.000480406071220028
0.067,196.196196196196,-1.78134230721891,0.000480583510000215
0.067,197.197197197197,-1.78401591735369,0.000480296823614376
0.067,198.198198198198,-1.78644287213585,0.000480131924202078
0.067,199.199199199199,-1.77407333202813,0.000480317444123581
0.067,200.2002002002,-1.77290365433196,0.000480302700573141
0.067,201.201201201201,-1.84000692778639,0.000479811142845631
0.067,202.202202202202,-1.86806131401115,0.000480075389982418
0.067,203.203203203203,-1.76323129823232,0.000480767235319758
0.067,204.204204204204,-1.79041475915366,0.000481131976466372
0.067,205.205205205205,-1.78857489143786,0.000479961406006562
0.067,206.206206206206,-1.81355000772594,0.000480515264442022
0.067,207.207207207207,-1.83841128058584,0.00048120224849119
0.067,208.208208208208,-1.76711083138309,0.000479934011795543
0.067,209.209209209209,-1.78505529464894,0.00048012618584529
0.067,210.21021021021,-1.81213651322957,0.000480242658725046
0.067,211.211211211211,-1.7172898399755,0.00048041766486434
0.067,212.212212212212,-1.79231779704569,0.000479627946092952
0.067,213.213213213213,-1.69849169609685,0.000480540533050766
0.067,214.214214214214,-1.80290400449732,0.000480180732829732
0.067,215.215215215215,-1.88393857989433,0.000480226405881292
0.067,216.216216216216,-1.75680567982956,0.00048045503178129
0.067,217.217217217217,-1.74821399333667,0.000481058920479885
0.067,218.218218218218,-1.82281571188389,0.000480279155914588
0.067,219.219219219219,-1.86452001574911,0.000479911348492869
0.067,220.22022022022,-1.78454399399306,0.000481277057616504
0.067,221.221221221221,-1.73135393059469,0.000480678054343968
0.067,222.222222222222,-1.81557359108802,0.000480373666430061
0.067,223.223223223223,-1.81708014710029,0.000480452484735035
0.067,224.224224224224,-1.70134431153801,0.000480940362521311
0.067,225.225225225225,-1.82137140685747,0.000480554971911774
0.067,226.226226226226,-1.87107738089598,0.000480015863369556
0.067,227.227227227227,-1.74013561397094,0.000480497018078979
0.067,228.228228228228,-1.82039301222226,0.000480413281811719
0.067,229.229229229229,-1.86408456732097,0.000480096879749196
0.067,230.23023023023,-1.75994727809113,0.000480412336381789
0.067,231.231231231231,-1.78237401439514,0.000480973828144972
0.067,232.232232232232,-1.82949824738638,0.000480058479777675
0.067,233.233233233233,-1.78935946903287,0.000480844634070325
0.067,234.234234234234,-1.81676986204828,0.000480301351024479
0.067,235.235235235235,-1.82644394060953,0.000480401115024738
0.067,236.236236236236,-1.85546845517566,0.000480031393603678
0.067,237.237237237237,-1.79018353150904,0.000480345233174048
0.067,238.238238238238,-1.72857832096553,0.000480674954710422
0.067,239.239239239239,-1.82905223168896,0.000479953434161128
0.067,240.24024024024,-1.81654855184576,0.000481227781383365
0.067,241.241241241241,-1.75946634020261,0.00048042084478132
0.067,242.242242242242,-1.8009830460735,0.000480171522610866
0.067,243.243243243243,-1.86780954365586,0.000480216513341336
0.067,244.244244244244,-1.78944180457845,0.000480580269767883
0.067,245.245245245245,-1.70807409998976,0.000480910777048265
0.067,246.246246246246,-1.77278126488845,0.000480489700364403
0.067,247.247247247247,-1.81726488401542,0.000480100608905876
0.067,248.248248248248,-1.73890290421495,0.0004807801635954
0.067,249.249249249249,-1.76896849625559,0.000480184986148552
0.067,250.25025025025,-1.84903901874932,0.000479933603272087
0.067,251.251251251251,-1.73503553611647,0.00048106350661964
0.067,252.252252252252,-1.73882763932126,0.000480605487046911
0.067,253.253253253253,-1.88613954757212,0.000480376592928595
0.067,254.254254254254,-1.79481470761941,0.00048001571772002
0.067,255.255255255255,-1.74099635919573,0.000480829062138151
0.067,256.256256256256,-1.75417732545278,0.000480843624037779
0.067,257.257257257257,-1.74947469188341,0.00048035782610338
0.067,258.258258258258,-1.768167587431,0.000480178542213731
0.067,259.259259259259,-1.7692722628717,0.000480685257007157
0.067,260.26026026026,-1.82514642743518,0.000480278865144083
0.067,261.261261261261,-1.86164479700143,0.00047972829668497
0.067,262.262262262262,-1.76733169357681,0.000481120609753433
0.067,263.263263263263,-1.75814378125432,0.000480537025011223
0.067,264.264264264264,-1.86941227621623,0.000480108369676943
0.067,265.265265265265,-1.791209381396,0.000480614768798492
0.067,266.266266266266,-1.79159124752323,0.000481269231772983
0.067,267.267267267267,-1.76038021354014,0.000480519725722539
0.067,268.268268268268,-1.79296216144938,0.000480330355367624
0.067,269.269269269269,-1.78057961910494,0.000480600464076008
0.067,270.27027027027,-1.7905180623994,0.000480837494189134
0.067,271.271271271271,-1.81543492894943,0.000480692873303281
0.067,272.272272272272,-1.72459567315999,0.000480666071439526
0.067,273.273273273273,-1.71941451113244,0.000479584957221383
0.067,274.274274274274,-1.83852253199935,0.000480599835022711
0.067,275.275275275275,-1.82192811552266,0.000480866411142557
0.067,276.276276276276,-1.7268620972639,0.000480917272019153
0.067,277.277277277277,-1.84529860702382,0.000480759834737644
0.067,278.278278278278,-1.81912295718909,0.000480028073851398
0.067,279.279279279279,-1.80211322233526,0.000480277854230592
0.067,280.28028028028,-1.81830285049861,0.000480309832584559
0.067,281.281281281281,-1.86507912261528,0.000480136452845504
0.067,282.282282282282,-1.79166858162414,0.000480723531414682
0.067,283.283283283283,-1.77588047858935,0.000480310347584873
0.067,284.284284284284,-1.80065976414859,0.000480074736262668
0.067,285.285285285285,-1.78628803902673,0.000480086018992204
0.067,286.286286286286,-1.82972400839514,0.000480539202060674
0.067,287.287287287287,-1.89682112369323,0.000480509197551564
0.067,288.288288288288,-1.84540679503696,0.00048071457173651
0.067,289.289289289289,-1.69914750511736,0.000480788898104089
0.067,290.29029029029,-1.79006083960236,0.000480466269876292
0.067,291.291291291291,-1.87705914014816,0.00048006709700325
0.067,292.292292292292,-1.77037226997262,0.000481025620708759
0.067,293.293293293293,-1.73932075042186,0.000480484180247
0.067,294.294294294294,-1.80431144121134,0.000479995252080906
0.067,295.295295295295,-1.76165687782692,0.00048091063633202
0.067,296.296296296296,-1.81658747399077,0.000479975049961737
0.067,297.297297297297,-1.81651453096165,0.000480558461275287
0.067,298.298298298298,-1.7396916324739,0.000481008107174307
0.067,299.299299299299,-1.84166057701986,0.000479714517534137
0.067,300.3003003003,-1.78151193387372,0.000480161028091982
0.067,301.301301301301,-1.81273566530955,0.000480563868044463
0.067,302.302302302302,-1.8225772909366,0.000480164397294629
0.067,303.303303303303,-1.75248871951799,0.000480324137894339
0.067,304.304304304304,-1.76306793171016,0.000480788166626279
0.067,305.305305305305,-1.78215849172499,0.000481056559665354
0.067,306.306306306306,-1.89744125802707,0.000480674904731489
0.067,307.307307307307,-1.7324890180406,0.000480824109936478
0.067,308.308308308308,-1.77289745612381,0.000480694682881303
0.067,309.309309309309,-1.82192089716581,0.00047970027729681
0.067,310.31031031031,-1.76537285330326,0.000480252996259572
0.067,311.311311311311,-1.86965278481793,0.00048000921975392
0.067,312.312312312312,-1.80844193810861,0.000480439506891567
0.067,313.313313313313,-1.75388771942041,0.000480447839337061
0.067,314.314314314314,-1.84121155060022,0.00048072523381109
0.067,315.315315315315,-1.78243233837456,0.000480622630290911
0.067,316.316316316316,-1.86175915444269,0.000480117686725045
0.067,317.317317317317,-1.76874332271041,0.000480400737980376
0.067,318.318318318318,-1.76657025854295,0.000480389397284673
0.067,319.319319319319,-1.79473999733029,0.000480794130563659
0.067,320.32032032032,-1.6848297526161,0.000480293706890501
0.067,321.321321321321,-1.84345099151376,0.000480283065547487
0.067,322.322322322322,-1.80500802417454,0.000480387833431513
0.067,323.323323323323,-1.72588963637388,0.000480861686518284
0.067,324.324324324324,-1.76886964152742,0.000480692762715347
0.067,325.325325325325,-1.82738568641053,0.000480342199317711
0.067,326.326326326326,-1.81829730095283,0.000480296978660655
0.067,327.327327327327,-1.79048345603576,0.000480422199498191
0.067,328.328328328328,-1.83690699830177,0.000479824727601318
0.067,329.329329329329,-1.73751882079878,0.000480637637654946
0.067,330.33033033033,-1.80333087183185,0.000480480466536217
0.067,331.331331331331,-1.81224705143269,0.00048040619378881
0.067,332.332332332332,-1.8369957403333,0.000479978364721997
0.067,333.333333333333,-1.74073792315714,0.000480579427349762
0.067,334.334334334334,-1.85062916629964,0.000480074470922102
0.067,335.335335335335,-1.79321052020045,0.000480363736420587
0.067,336.336336336336,-1.72465041093992,0.000480729558134059
0.067,337.337337337337,-1.87820018946687,0.000479811541150128
0.067,338.338338338338,-1.66687279866837,0.000480733335801432
0.067,339.339339339339,-1.77322759089113,0.000480216651356017
0.067,340.34034034034,-1.77086541474564,0.000480368991725992
0.067,341.341341341341,-1.73829109348646,0.00048041850739992
0.067,342.342342342342,-1.84560568685164,0.000480066528500223
0.067,343.343343343343,-1.79079506747568,0.000480360366102077
0.067,344.344344344344,-1.72929915744827,0.000480960489818904
0.067,345.345345345345,-1.82072333385591,0.000479822343294927
0.067,346.346346346346,-1.82681558484716,0.000481107676896879
0.067,347.347347347347,-1.71268873943366,0.000480927008279507
0.067,348.348348348348,-1.74178850663862,0.000480359795660972
0.067,349.349349349349,-1.79535061419931,0.000480471951617696
0.067,350.35035035035,-1.70970650454072,0.000480439007689529
0.067,351.351351351351,-1.81774801249669,0.000480090748960876
0.067,352.352352352352,-1.79630821761015,0.000480405018902132
0.067,353.353353353353,-1.81521690673403,0.000480241422759531
0.067,354.354354354354,-1.83844395525644,0.000479941113150082
0.067,355.355355355355,-1.83173533261379,0.00048106481094647
0.067,356.356356356356,-1.67587391198806,0.000480548093377532
0.067,357.357357357357,-1.87274993440371,0.000479757561200471
0.067,358.358358358358,-1.75069075172663,0.000480346379459385
0.067,359.359359359359,-1.8021601024876,0.000480594004166722
0.067,360.36036036036,-1.76838348538081,0.000480795973617582
0.067,361.361361361361,-1.83254253042019,0.000480069190950244
0.067,362.362362362362,-1.8118421353644,0.000480829055854078
0.067,363.363363363363,-1.78095448497764,0.000480798000554044
0.067,364.364364364364,-1.78599601837254,0.000480598245269775
0.067,365.365365365365,-1.76141998182005,0.000480790420376655
0.067,366.366366366366,-1.76438437599309,0.000481041390912237
0.067,367.367367367367,-1.91670506805129,0.000480342022247812
0.067,368.368368368368,-1.76254303361556,0.000480341163620307
0.067,369.369369369369,-1.74094934573835,0.000480820094120368
0.067,370.37037037037,-1.82658298746021,0.000479965520136109
0.067,371.371371371371,-1.78682696633795,0.000480903764316769
0.067,372.372372372372,-1.71491920376499,0.000480658167074462
0.067,373.373373373373,-1.76627075130363,0.000479893476237705
0.067,374.374374374374,-1.71999274215919,0.000480424323456037
0.067,375.375375375375,-1.79197418713052,0.000480629252352765
0.067,376.376376376376,-1.73773593249086,0.000480754278090398
0.067,377.377377377377,-1.7507181125392,0.000480748408179191
0.067,378.378378378378,-1.76754266267756,0.000480284488390754
0.067,379.379379379379,-1.80808655615595,0.000479737140900647
0.067,380.38038038038,-1.74853834715106,0.00048080897665607
0.067,381.381381381381,-1.83515697231581,0.000480120238410943
0.067,382.382382382382,-1.83403862873917,0.000480270849779977
0.067,383.383383383383,-1.7756250220836,0.000480796108402132
0.067,384.384384384384,-1.83207461411867,0.000479847131142743
0.067,385.385385385385,-1.81778770320993,0.000480123367937882
0.067,386.386386386386,-1.87838242903507,0.000480214326484033
0.067,387.387387387387,-1.74028642760248,0.000480551307768817
0.067,388.388388388388,-1.81357933987319,0.000479686286014476
0.067,389.389389389389,-1.82083348373743,0.000480010332563357
0.067,390.39039039039,-1.77569587449982,0.000481030721496451
0.067,391.391391391391,-1.79370096949064,0.000480354653997443
0.067,392.392392392392,-1.73404223701206,0.000481188305837007
0.067,393.393393393393,-1.83472801900008,0.000479790173423566
0.067,394.394394394394,-1.7572673581167,0.000480468989587723
0.067,395.395395395395,-1.73608910576609,0.000480001469436731
0.067,396.396396396396,-1.76922912902474,0.000480952040325214
0.067,397.397397397397,-1.78881631571066,0.00048128660130233
0.067,398.398398398398,-1.75490962933222,0.000480959815485045
0.067,399.399399399399,-1.86332976953485,0.000480607442744306
0.067,400.4004004004,-1.75502172171694,0.000480756741975467
0.067,401.401401401401,-1.80051269366939,0.000480517161997062
0.067,402.402402402402,-1.88265408442247,0.000480033829592162
0.067,403.403403403403,-1.83009436818477,0.000480552125637944
0.067,404.404404404404,-1.74092383531421,0.000480905218286751
0.067,405.405405405405,-1.82881909154783,0.000480253858293397
0.067,406.406406406406,-1.87860678183894,0.000479458748903488
0.067,407.407407407407,-1.78127151672589,0.000480226291123553
0.067,408.408408408408,-1.76726357134163,0.000481546478483209
0.067,409.409409409409,-1.8027769866442,0.000480137805154459
0.067,410.41041041041,-1.78977737396946,0.000480753508438315
0.067,411.411411411411,-1.81622575060298,0.000480545330675996
0.067,412.412412412412,-1.86117565134044,0.000480670487322022
0.067,413.413413413413,-1.76798919844113,0.000480252629492899
0.067,414.414414414414,-1.7688254738323,0.000480595203484935
0.067,415.415415415415,-1.82244952353885,0.000480347959169551
0.067,416.416416416416,-1.81488671354678,0.000480374506440267
0.067,417.417417417417,-1.72943192055348,0.000480480832539405
0.067,418.418418418418,-1.82811475480801,0.000480184793456565
0.067,419.419419419419,-1.82531097820632,0.000481074266772738
0.067,420.42042042042,-1.77432295313805,0.000480889953451925
0.067,421.421421421421,-1.79483087305177,0.000480269552441976
0.067,422.422422422422,-1.79988260691454,0.000480676775388348
0.067,423.423423423423,-1.7894291225695,0.000481081238099829
0.067,424.424424424424,-1.87747926839908,0.000480219062619318
0.067,425.425425425425,-1.74895962863112,0.000480891222306045
0.067,426.426426426426,-1.77278431822856,0.000479977730852869
0.067,427.427427427427,-1.73881297650395,0.000481412193663641
0.067,428.428428428428,-1.79063910209598,0.000480585166176388
0.067,429.429429429429,-1.83635062017928,0.00048016780449536
0.067,430.43043043043,-1.83156423837314,0.000480267379209952
0.067,431.431431431431,-1.74739913569186,0.000480735339069844
0.067,432.432432432432,-1.80873238319664,0.000479977631775947
0.067,433.433433433433,-1.76165629635909,0.000481134330644452
0.067,434.434434434434,-1.78041864105665,0.000480771769894879
0.067,435.435435435435,-1.84294357425968,0.000479904472014165
0.067,436.436436436436,-1.73070139557853,0.00048061861470972
0.067,437.437437437437,-1.83968364939743,0.000479894652768814
0.067,438.438438438438,-1.89539056878533,0.000480161471383391
0.067,439.439439439439,-1.80959931615088,0.000480330173599353
0.067,440.44044044044,-1.86411505408057,0.000479953475624262
0.067,441.441441441441,-1.76461413681763,0.000480899030178292
0.067,442.442442442442,-1.747721605548,0.000480876245716348
0.067,443.443443443443,-1.78104901548656,0.00048038340521579
0.067,444.444444444444,-1.82441070733743,0.00048011081206696
0.067,445.445445445446,-1.74486898238287,0.00048112473063689
0.067,446.446446446446,-1.75997617220317,0.000480525250949421
0.067,447.447447447447,-1.85198376640314,0.000480338758993456
0.067,448.448448448449,-1.72131569306,0.000480688742729432
0.067,449.44944944945,-1.76363127482316,0.000480419187254366
0.067,450.45045045045,-1.78013700561916,0.000480490593818591
0.067,451.451451451451,-1.79086039445759,0.000480025242671088
0.067,452.452452452453,-1.83280883169317,0.000480448872156712
0.067,453.453453453454,-1.72839988011062,0.000480928638849551
0.067,454.454454454454,-1.82750628090859,0.000479933231161015
0.067,455.455455455455,-1.85425715485675,0.000479809235835118
0.067,456.456456456457,-1.73535678949962,0.000480421171788019
0.067,457.457457457458,-1.81523552406323,0.000479983097274774
0.067,458.458458458458,-1.82626393753937,0.000479928687893905
0.067,459.459459459459,-1.74412049044063,0.000481083830250457
0.067,460.460460460461,-1.7271892531898,0.000480560015672973
0.067,461.461461461462,-1.76096617533354,0.000480422982834282
0.067,462.462462462462,-1.80867331049302,0.000480469296097774
0.067,463.463463463463,-1.8257831656039,0.000480432196459467
0.067,464.464464464465,-1.78592751908496,0.000480371933729153
0.067,465.465465465466,-1.73025160197312,0.00048077914915813
0.067,466.466466466466,-1.8591744852348,0.000480330293642761
0.067,467.467467467467,-1.85066170045686,0.00048048727747263
0.067,468.468468468469,-1.71506439218423,0.000480786546568843
0.067,469.46946946947,-1.80163816932652,0.000480369353970482
0.067,470.470470470471,-1.75986389175362,0.000480638847133389
0.067,471.471471471471,-1.84795700887333,0.000480222072983794
0.067,472.472472472473,-1.73862355046023,0.000480805438546946
0.067,473.473473473474,-1.78477234632744,0.000480627642807936
0.067,474.474474474475,-1.8124026906829,0.000480049621466882
0.067,475.475475475475,-1.75897327994623,0.000480462405230305
0.067,476.476476476477,-1.67412675494625,0.000480174453514124
0.067,477.477477477478,-1.83791116402638,0.000480180456624181
0.067,478.478478478479,-1.82995102312353,0.000480835989300544
0.067,479.479479479479,-1.82118427003998,0.000480327891776203
0.067,480.480480480481,-1.87446162460365,0.000479793464926884
0.067,481.481481481482,-1.78027933980788,0.000480547365893339
0.067,482.482482482483,-1.77582105322911,0.000480615167102989
0.067,483.483483483484,-1.80433406595598,0.000480119639779605
0.067,484.484484484485,-1.85954667905914,0.00047976544125146
0.067,485.485485485486,-1.75588941448287,0.000480697009926284
0.067,486.486486486487,-1.76640464965462,0.000481259621252813
0.067,487.487487487488,-1.84134892446573,0.000480214078116337
0.067,488.488488488489,-1.74374677930733,0.000481444105476913
0.067,489.48948948949,-1.75845902353391,0.00048043765097585
0.067,490.490490490491,-1.9235064777205,0.000480093158873396
0.067,491.491491491492,-1.87074048138096,0.000480451196969966
0.067,492.492492492493,-1.79278623344675,0.000480371798650955
0.067,493.493493493494,-1.86208235913509,0.000480127630183609
0.067,494.494494494495,-1.83297803725226,0.000479534437152955
0.067,495.495495495496,-1.72161797653957,0.000480598220603321
0.067,496.496496496497,-1.89210069590823,0.00048024350407965
0.067,497.497497497498,-1.73034773035187,0.000480495075771944
0.067,498.498498498499,-1.79336234988913,0.000480407723813691
0.067,499.4994994995,-1.88311332515306,0.000479796594747471
0.067,500.500500500501,-1.85858182782165,0.000481070825567539
0.067,501.501501501502,-1.75209631579348,0.000480928474935094
0.067,502.502502502503,-1.7787393447079,0.000480661335186782
0.067,503.503503503504,-1.74537245278712,0.000480338265958032
0.067,504.504504504505,-1.86219561329827,0.000480011211100213
0.067,505.505505505506,-1.70808842577212,0.000480932284903775
0.067,506.506506506507,-1.80391249862793,0.00048013953409667
0.067,507.507507507508,-1.7422692755019,0.000480750655175657
0.067,508.508508508509,-1.75116867322714,0.000480466733135783
0.067,509.50950950951,-1.84515719176717,0.000479714982672977
0.067,510.510510510511,-1.82343183074638,0.000480122180600517
0.067,511.511511511512,-1.80782204683295,0.000480332010545392
0.067,512.512512512513,-1.79613011853527,0.00048043860304223
0.067,513.513513513514,-1.73130849961436,0.000480831209470398
0.067,514.514514514515,-1.85855133716076,0.000480518924826281
0.067,515.515515515516,-1.75529752912757,0.000480679708229684
0.067,516.516516516517,-1.72165204800192,0.000480603891127361
0.067,517.517517517518,-1.82186110051699,0.000480633049048545
0.067,518.518518518519,-1.80723118600702,0.000481019907312073
0.067,519.51951951952,-1.78308715553316,0.000480494028739718
0.067,520.520520520521,-1.79956421170855,0.000479997694236004
0.067,521.521521521522,-1.82404118558103,0.000480547743936105
0.067,522.522522522523,-1.82006355348062,0.000480295781339251
0.067,523.523523523524,-1.74244034099204,0.000480367161768781
0.067,524.524524524525,-1.7727795699182,0.00048073742426612
0.067,525.525525525526,-1.8028994042967,0.00048043847336716
0.067,526.526526526527,-1.79172293279446,0.000479715841417941
0.067,527.527527527528,-1.74759780111608,0.000480620032795885
0.067,528.528528528529,-1.75640534772158,0.000480150603696301
0.067,529.52952952953,-1.88991117174497,0.000480468668865096
0.067,530.530530530531,-1.72986982486463,0.000480908957075095
0.067,531.531531531532,-1.84138692841102,0.000480785740563106
0.067,532.532532532533,-1.78965498101397,0.000480279477107052
0.067,533.533533533534,-1.80524612873993,0.000481049400697026
0.067,534.534534534535,-1.75332413623861,0.000480904960933419
0.067,535.535535535536,-1.85052080283322,0.000479946826840417
0.067,536.536536536537,-1.75730788246599,0.000481250563496123
0.067,537.537537537538,-1.84025131503154,0.000479900107285196
0.067,538.538538538539,-1.81554827151557,0.00047981241534099
0.067,539.53953953954,-1.76339464708098,0.000480591455652225
0.067,540.540540540541,-1.80195400137709,0.000480761912710173
0.067,541.541541541542,-1.84298241803081,0.000480321931362603
0.067,542.542542542543,-1.79198696030373,0.000480921970626191
0.067,543.543543543544,-1.78845098300736,0.000480894363226537
0.067,544.544544544545,-1.79410460447353,0.000479701221552147
0.067,545.545545545546,-1.84532477903176,0.000480253994487459
0.067,546.546546546547,-1.8136616477066,0.000480982202053601
0.067,547.547547547548,-1.82208370792132,0.00048094715055316
0.067,548.548548548549,-1.79772343991493,0.000480128057735472
0.067,549.54954954955,-1.73308875703457,0.000480048553526899
0.067,550.550550550551,-1.77918259231074,0.000480176889620068
0.067,551.551551551552,-1.71855942710652,0.000481045797809096
0.067,552.552552552553,-1.7943531647813,0.000480264618622684
0.067,553.553553553554,-1.81840016096186,0.000479982457650139
0.067,554.554554554555,-1.76436402790825,0.000480791910230454
0.067,555.555555555556,-1.77217074523367,0.000480203860918867
0.067,556.556556556557,-1.80412141483772,0.000480584425595482
0.067,557.557557557558,-1.72317583170192,0.000480664877818089
0.067,558.558558558559,-1.77445317829374,0.000480805108956142
0.067,559.55955955956,-1.85066379732103,0.000480304090116695
0.067,560.560560560561,-1.74203120166014,0.000480433437182085
0.067,561.561561561562,-1.79842912361049,0.000480061231849144
0.067,562.562562562563,-1.81368121123792,0.00048069659770286
0.067,563.563563563564,-1.81396064601998,0.000480650507553314
0.067,564.564564564565,-1.76287946088571,0.000480280622922552
0.067,565.565565565566,-1.72591896134926,0.000480430729568962
0.067,566.566566566567,-1.79765182786289,0.000479924587389638
0.067,567.567567567568,-1.85803857847003,0.00048052635330498
0.067,568.568568568569,-1.7701415725866,0.000480560849927673
0.067,569.56956956957,-1.85627541640369,0.00047989593577678
0.067,570.570570570571,-1.79883581559409,0.000480617829611739
0.067,571.571571571572,-1.76995256200906,0.000480696114181639
0.067,572.572572572573,-1.80994684682359,0.000480354231496331
0.067,573.573573573574,-1.8172881967563,0.000480863165624557
0.067,574.574574574575,-1.7358376485495,0.000480758676412728
0.067,575.575575575576,-1.82039897018017,0.000480463224861321
0.067,576.576576576577,-1.84663576989793,0.000480188870116594
0.067,577.577577577578,-1.70060826881164,0.000480737962405917
0.067,578.578578578579,-1.73466682661328,0.000480667909031592
0.067,579.57957957958,-1.81534504579725,0.000479761002699319
0.067,580.580580580581,-1.74982353936264,0.000480827822355208
0.067,581.581581581582,-1.77491327113751,0.000481236408475521
0.067,582.582582582583,-1.85681894501908,0.000480264173217007
0.067,583.583583583584,-1.73031584472233,0.000480437647040963
0.067,584.584584584585,-1.77958223865537,0.000480377239835706
0.067,585.585585585586,-1.8158124050623,0.000480127624663022
0.067,586.586586586587,-1.69895961518548,0.000481049131539033
0.067,587.587587587588,-1.76223948659557,0.000480718872097781
0.067,588.588588588589,-1.8398650181714,0.0004799724510572
0.067,589.58958958959,-1.77599859746108,0.000480754696304246
0.067,590.590590590591,-1.72907539006918,0.000480489115593263
0.067,591.591591591592,-1.79040411934008,0.000480141734226874
0.067,592.592592592593,-1.82275629491756,0.000480529639992466
0.067,593.593593593594,-1.80143626780376,0.000480143033502954
0.067,594.594594594595,-1.83487299111988,0.000479830489038859
0.067,595.595595595596,-1.84899086872913,0.000480909152409916
0.067,596.596596596597,-1.82884576297495,0.000480112390719992
0.067,597.597597597598,-1.84381648758303,0.000480140052679492
0.067,598.598598598599,-1.76760869469523,0.000480775389109653
0.067,599.5995995996,-1.78860622396883,0.000480028898474434
0.067,600.600600600601,-1.82632277534313,0.000480081663659979
0.067,601.601601601602,-1.76652347464306,0.000480389273717486
0.067,602.602602602603,-1.76742295586196,0.00048098530955692
0.067,603.603603603604,-1.78801765425032,0.00048024913924844
0.067,604.604604604605,-1.87260070159121,0.000480207598004051
0.067,605.605605605606,-1.7893399035307,0.000480684382816295
0.067,606.606606606607,-1.75117169713397,0.00048046482101579
0.067,607.607607607608,-1.76427186286558,0.00048027330796827
0.067,608.608608608609,-1.82904134978701,0.000480132340184199
0.067,609.60960960961,-1.7353363745519,0.000480344126766143
0.067,610.610610610611,-1.773661940604,0.000480255816986004
0.067,611.611611611612,-1.78490632598357,0.000480388918931661
0.067,612.612612612613,-1.75458316311662,0.000480463511755669
0.067,613.613613613614,-1.79159432295076,0.00048050922850209
0.067,614.614614614615,-1.85910563858846,0.000480075968352026
0.067,615.615615615616,-1.72225972737504,0.000480586118595146
0.067,616.616616616617,-1.73606446323276,0.000481047706287851
0.067,617.617617617618,-1.84505522450482,0.000480193194263374
0.067,618.618618618619,-1.77520097752454,0.000480037928158351
0.067,619.61961961962,-1.73894133333879,0.000480729925605488
0.067,620.620620620621,-1.75730228975643,0.000480690077067114
0.067,621.621621621622,-1.83098083850449,0.000480144310755414
0.067,622.622622622623,-1.77073857661129,0.000479756709679254
0.067,623.623623623624,-1.77912148216996,0.000481196533215155
0.067,624.624624624625,-1.86282059022185,0.000481290862021087
0.067,625.625625625626,-1.80690059755948,0.000480069104911305
0.067,626.626626626627,-1.87042463551752,0.000480232338574497
0.067,627.627627627628,-1.73573788301313,0.000481044530658136
0.067,628.628628628629,-1.78152101909233,0.000480645349797861
0.067,629.62962962963,-1.85134645235943,0.000480591673010665
0.067,630.630630630631,-1.84407290089995,0.000480964684408073
0.067,631.631631631632,-1.76842012764519,0.000480092458933409
0.067,632.632632632633,-1.85633270391938,0.000480104196993934
0.067,633.633633633634,-1.78964203401436,0.00048088453305747
0.067,634.634634634635,-1.75396305388202,0.000480654535467732
0.067,635.635635635636,-1.77420891557877,0.000480293297133722
0.067,636.636636636637,-1.75555468899653,0.000480959735788908
0.067,637.637637637638,-1.7647144821416,0.000479827815958771
0.067,638.638638638639,-1.85931805612395,0.000480080882555615
0.067,639.63963963964,-1.78678683525161,0.000480600032530529
0.067,640.640640640641,-1.73196255084479,0.00048116333445903
0.067,641.641641641642,-1.77365503494419,0.000480106400647917
0.067,642.642642642643,-1.77454050087608,0.000479973481938772
0.067,643.643643643644,-1.8124069154649,0.000480875306335572
0.067,644.644644644645,-1.84253297612053,0.000479500013589948
0.067,645.645645645646,-1.8198930933557,0.000480509199137265
0.067,646.646646646647,-1.74858775680115,0.000480984250837493
0.067,647.647647647648,-1.90782995492904,0.000480140008044957
0.067,648.648648648649,-1.79624027758432,0.000480391233995793
0.067,649.64964964965,-1.74293324406726,0.000480646029945955
0.067,650.650650650651,-1.79985580015115,0.000480377793891239
0.067,651.651651651652,-1.87325675965965,0.000480010619927541
0.067,652.652652652653,-1.86239529577631,0.000480281440909138
0.067,653.653653653654,-1.80077471239942,0.000480933388786304
0.067,654.654654654655,-1.79951294944989,0.000480210090079352
0.067,655.655655655656,-1.78950775656852,0.000480651025255192
0.067,656.656656656657,-1.72535999919069,0.000480669928920496
0.067,657.657657657658,-1.75781889431023,0.000479966542325693
0.067,658.658658658659,-1.80546225004409,0.000479603928132137
0.067,659.65965965966,-1.77959797361516,0.000481116181302792
0.067,660.660660660661,-1.73784706652399,0.000481001194400678
0.067,661.661661661662,-1.74684403148145,0.000480146852633461
0.067,662.662662662663,-1.86285414816039,0.000479712497645233
0.067,663.663663663664,-1.73379610270704,0.000480462392251052
0.067,664.664664664665,-1.74662556208581,0.000480606667454176
0.067,665.665665665666,-1.79433956999254,0.000480881966865348
0.067,666.666666666667,-1.72042042694748,0.000480785729404472
0.067,667.667667667668,-1.81722941986983,0.000480430966425647
0.067,668.668668668669,-1.87035303898131,0.000480863450698285
0.067,669.66966966967,-1.76289051696224,0.000480886060791894
0.067,670.670670670671,-1.76683356782525,0.000479776307352849
0.067,671.671671671672,-1.89883936638786,0.000480569482892794
0.067,672.672672672673,-1.80234469095967,0.000480848986759716
0.067,673.673673673674,-1.7930750669041,0.000481002499256075
0.067,674.674674674675,-1.82067116115029,0.000480603409133112
0.067,675.675675675676,-1.80313240918517,0.000480462929333715
0.067,676.676676676677,-1.74899162054602,0.000480682128478622
0.067,677.677677677678,-1.70755214370283,0.000480461772946877
0.067,678.678678678679,-1.87880997129084,0.000480688281114372
0.067,679.67967967968,-1.8680230507558,0.000480614741841582
0.067,680.680680680681,-1.75733967013685,0.0004812757943417
0.067,681.681681681682,-1.73114664616216,0.000480917048200451
0.067,682.682682682683,-1.84797190869242,0.000479968996755288
0.067,683.683683683684,-1.91005180379823,0.000480566538834094
0.067,684.684684684685,-1.78441270325114,0.000480681936432662
0.067,685.685685685686,-1.81516199366792,0.000480195138743405
0.067,686.686686686687,-1.82388691784407,0.00048057905018794
0.067,687.687687687688,-1.81551119492473,0.00048085884083175
0.067,688.688688688689,-1.82133388680569,0.000480420641811644
0.067,689.68968968969,-1.8122331744521,0.000480701720220522
0.067,690.690690690691,-1.89902780547509,0.000479973951129958
0.067,691.691691691692,-1.82293612480502,0.000480155976049901
0.067,692.692692692693,-1.77653802223177,0.000480110687501369
0.067,693.693693693694,-1.82842273344183,0.000480564561054351
0.067,694.694694694695,-1.7388893156197,0.000480616288839332
0.067,695.695695695696,-1.90794261364663,0.000479862880027357
0.067,696.696696696697,-1.83974307704248,0.000479964206177616
0.067,697.697697697698,-1.71960887836484,0.000480772028422805
0.067,698.698698698699,-1.75248975931171,0.00048069818011459
0.067,699.6996996997,-1.78988154231802,0.00048011363302831
0.067,700.700700700701,-1.76094214796782,0.000480965254261881
0.067,701.701701701702,-1.77307940678375,0.000480807397063364
0.067,702.702702702703,-1.83090393260754,0.000480457561443569
0.067,703.703703703704,-1.72002417546697,0.00048063566198947
0.067,704.704704704705,-1.81248208717381,0.000479576634113903
0.067,705.705705705706,-1.77416256359276,0.00048084182579458
0.067,706.706706706707,-1.78605854001114,0.000480381858100581
0.067,707.707707707708,-1.82146497484171,0.000480043107878694
0.067,708.708708708709,-1.76779674453953,0.000480692166433196
0.067,709.70970970971,-1.86016592670121,0.000479755846412107
0.067,710.710710710711,-1.78232542338744,0.000480524524404903
0.067,711.711711711712,-1.7838872487007,0.000480460000192347
0.067,712.712712712713,-1.81827199646286,0.000480342941249398
0.067,713.713713713714,-1.84304875554495,0.000480389947816426
0.067,714.714714714715,-1.74748877057792,0.000481262004208422
0.067,715.715715715716,-1.83351085588453,0.000480650112890056
0.067,716.716716716717,-1.84835020465246,0.000480228392176836
0.067,717.717717717718,-1.7562297700741,0.000480673671408807
0.067,718.718718718719,-1.77253369396918,0.000480454377826621
0.067,719.71971971972,-1.86487585916437,0.000479955117646588
0.067,720.720720720721,-1.78159997520268,0.000479900192384461
0.067,721.721721721722,-1.72832022214479,0.000480803613875404
0.067,722.722722722723,-1.89376321329639,0.000480526288291256
0.067,723.723723723724,-1.83838508462069,0.000480993073381929
0.067,724.724724724725,-1.75401935921083,0.000481083578593901
0.067,725.725725725726,-1.76262414509441,0.000480195880322715
0.067,726.726726726727,-1.79149484683981,0.000480430473214033
0.067,727.727727727728,-1.76165601502592,0.000480967933978419
0.067,728.728728728729,-1.762283956279,0.000481255271617364
0.067,729.72972972973,-1.78293827496502,0.000480442125999104
0.067,730.730730730731,-1.69856130224487,0.000480679627241495
0.067,731.731731731732,-1.80056345725155,0.000479876870135098
0.067,732.732732732733,-1.79868191996421,0.000480269315585291
0.067,733.733733733734,-1.74799589235766,0.000480842088785959
0.067,734.734734734735,-1.77616324505184,0.000480109372309553
0.067,735.735735735736,-1.90802466633555,0.00047994521694321
0.067,736.736736736737,-1.72884851399663,0.000481410639031036
0.067,737.737737737738,-1.85379782162631,0.000480197635751998
0.067,738.738738738739,-1.74558704068711,0.000480870849753428
0.067,739.73973973974,-1.74103005813252,0.000480931857469371
0.067,740.740740740741,-1.80599035999397,0.000480411118857384
0.067,741.741741741742,-1.70161779038064,0.000480214721910777
0.067,742.742742742743,-1.7425519057481,0.000481057877676193
0.067,743.743743743744,-1.76962116556039,0.000480441869937824
0.067,744.744744744745,-1.83064057821142,0.000480238819039161
0.067,745.745745745746,-1.76234557129674,0.000480354743560162
0.067,746.746746746747,-1.85902659280076,0.000480313253704217
0.067,747.747747747748,-1.89165598146358,0.000479546632130168
0.067,748.748748748749,-1.77251331366047,0.000481197854162476
0.067,749.74974974975,-1.79643468971221,0.000480353806822221
0.067,750.750750750751,-1.82209816427003,0.000480143800982039
0.067,751.751751751752,-1.84609198331933,0.000480970522781457
0.067,752.752752752753,-1.72021934020908,0.000480761105471113
0.067,753.753753753754,-1.8045073481039,0.000480567828830889
0.067,754.754754754755,-1.78842723081538,0.000480646612015531
0.067,755.755755755756,-1.7616732296521,0.000480581993776803
0.067,756.756756756757,-1.86925928526908,0.000479951612602257
0.067,757.757757757758,-1.79343213149874,0.000481214380568947
0.067,758.758758758759,-1.7510653433376,0.000480210338564508
0.067,759.75975975976,-1.79748037340993,0.000480822996598474
0.067,760.760760760761,-1.8382459960905,0.000480379940107623
0.067,761.761761761762,-1.77288856827662,0.000480146147407806
0.067,762.762762762763,-1.83653003776902,0.000480998083549768
0.067,763.763763763764,-1.84012871445957,0.000479690590545553
0.067,764.764764764765,-1.85610669412465,0.000480402942104196
0.067,765.765765765766,-1.74194073262316,0.000480732272148714
0.067,766.766766766767,-1.85263471941538,0.000480670694167855
0.067,767.767767767768,-1.86033212083654,0.000480415170087474
0.067,768.768768768769,-1.79942316397836,0.000480880130447875
0.067,769.76976976977,-1.74067249817645,0.0004803319115272
0.067,770.770770770771,-1.78294064435324,0.000480363369653914
0.067,771.771771771772,-1.74951308551418,0.000480554800127543
0.067,772.772772772773,-1.85591110472885,0.000480019959175451
0.067,773.773773773774,-1.74428996554463,0.000481076535146797
0.067,774.774774774775,-1.77787735626057,0.000480219894289913
0.067,775.775775775776,-1.75091687532827,0.000479895228613047
0.067,776.776776776777,-1.82567166930624,0.000480752040255757
0.067,777.777777777778,-1.7467812584585,0.000480277340287412
0.067,778.778778778779,-1.83574024777694,0.000479966596474431
0.067,779.77977977978,-1.77737042472587,0.00048112571647282
0.067,780.780780780781,-1.79507974701234,0.000481201546025828
0.067,781.781781781782,-1.7772472515081,0.000480405383143431
0.067,782.782782782783,-1.81507901592169,0.000480448858590162
0.067,783.783783783784,-1.77385201999774,0.000480468826436751
0.067,784.784784784785,-1.770494304063,0.000480794097205217
0.067,785.785785785786,-1.84999834797844,0.000479992415791117
0.067,786.786786786787,-1.81518818003317,0.000480340691433909
0.067,787.787787787788,-1.72603226702828,0.000481544815318209
0.067,788.788788788789,-1.76198581192765,0.00048068272023859
0.067,789.78978978979,-1.83799487921162,0.000480627678456835
0.067,790.790790790791,-1.72297585454609,0.000481000288495804
0.067,791.791791791792,-1.88417952835963,0.000480054129731119
0.067,792.792792792793,-1.7618810867005,0.000480420743355211
0.067,793.793793793794,-1.76831723064836,0.000480016955917263
0.067,794.794794794795,-1.8869950544067,0.000479680919064004
0.067,795.795795795796,-1.82908085943559,0.000480627947849746
0.067,796.796796796797,-1.79774525927317,0.000480026934496159
0.067,797.797797797798,-1.7655815217731,0.000480335087450564
0.067,798.798798798799,-1.75892046912392,0.000480812118633695
0.067,799.7997997998,-1.79945793982854,0.000480458656164273
0.067,800.800800800801,-1.83020990000299,0.000480434125199952
0.067,801.801801801802,-1.77437752928339,0.000480431374596724
0.067,802.802802802803,-1.89635883645211,0.000479855594379171
0.067,803.803803803804,-1.83791382527529,0.000481001865563135
0.067,804.804804804805,-1.74809194933688,0.000480671694862386
0.067,805.805805805806,-1.73627958290488,0.000480165337145241
0.067,806.806806806807,-1.79517269194784,0.0004806720110041
0.067,807.807807807808,-1.74919501430706,0.00048034751117977
0.067,808.808808808809,-1.71309543664785,0.000480811685972353
0.067,809.80980980981,-1.72385090111347,0.000480038863310592
0.067,810.810810810811,-1.76754039085576,0.000481369319549811
0.067,811.811811811812,-1.84691103568034,0.000480760484816156
0.067,812.812812812813,-1.74144116889615,0.000481137887370876
0.067,813.813813813814,-1.74908364754122,0.000480528052941094
0.067,814.814814814815,-1.73383691764364,0.000480547916131444
0.067,815.815815815816,-1.75887867013334,0.000480268607892991
0.067,816.816816816817,-1.77852230066679,0.00048086546019204
0.067,817.817817817818,-1.75254980931675,0.000480598171446603
0.067,818.818818818819,-1.76403412525194,0.000480185024440285
0.067,819.81981981982,-1.7516296343667,0.000480242462391821
0.067,820.820820820821,-1.77310375475504,0.000480935340196434
0.067,821.821821821822,-1.85165313774446,0.000480011045834974
0.067,822.822822822823,-1.77786121110694,0.000480071181709241
0.067,823.823823823824,-1.67883799354057,0.00048058783173908
0.067,824.824824824825,-1.84069870022604,0.000480149481372661
0.067,825.825825825826,-1.80046786664798,0.00048058902812081
0.067,826.826826826827,-1.75186474204637,0.000480527131179214
0.067,827.827827827828,-1.8519276908888,0.000480370416800985
0.067,828.828828828829,-1.86724701422825,0.000480001911377359
0.067,829.82982982983,-1.75591087695798,0.000481292336840095
0.067,830.830830830831,-1.79665260501736,0.000480874916840524
0.067,831.831831831832,-1.80067389111949,0.000480189952327882
0.067,832.832832832833,-1.70901852727324,0.000480564633115633
0.067,833.833833833834,-1.76428649602787,0.000480551822005646
0.067,834.834834834835,-1.79593232500405,0.000480509693406012
0.067,835.835835835836,-1.7687014155125,0.000481183414009416
0.067,836.836836836837,-1.77285126373585,0.000480236977042372
0.067,837.837837837838,-1.85672292158799,0.000479789979322068
0.067,838.838838838839,-1.75128013859398,0.000480673312335718
0.067,839.83983983984,-1.74371153360971,0.000480869790329245
0.067,840.840840840841,-1.80252250585778,0.000480377925210739
0.067,841.841841841842,-1.79907746048987,0.000480346241797082
0.067,842.842842842843,-1.79246429026654,0.000480916058547094
0.067,843.843843843844,-1.81855991990711,0.00048045985307457
0.067,844.844844844845,-1.84265594968263,0.000480227114395808
0.067,845.845845845846,-1.86359004584644,0.000480336006804528
0.067,846.846846846847,-1.71153011744083,0.000480533697389169
0.067,847.847847847848,-1.81933494561598,0.00047946508647891
0.067,848.848848848849,-1.82395084075662,0.000479976399862777
0.067,849.84984984985,-1.90473548041851,0.000481354598492827
0.067,850.850850850851,-1.84107062382183,0.000480379242046985
0.067,851.851851851852,-1.74895471969492,0.000480790810928838
0.067,852.852852852853,-1.84641189246858,0.000479998991515276
0.067,853.853853853854,-1.81117139925174,0.000481303128589746
0.067,854.854854854855,-1.79891206046818,0.000479759794630388
0.067,855.855855855856,-1.88435533048885,0.000480313557982542
0.067,856.856856856857,-1.77180183037375,0.000480673577147717
0.067,857.857857857858,-1.74649427830524,0.0004805027574929
0.067,858.858858858859,-1.73116104921702,0.000481275522951981
0.067,859.85985985986,-1.85688535199714,0.000480271775241825
0.067,860.860860860861,-1.78812549527312,0.000480860495128574
0.067,861.861861861862,-1.71537964978138,0.000480453742254332
0.067,862.862862862863,-1.8316912211261,0.000479670921809079
0.067,863.863863863864,-1.76520291665222,0.000481254444586412
0.067,864.864864864865,-1.75016862780822,0.000480541136967772
0.067,865.865865865866,-1.83024222701042,0.000480965362794277
0.067,866.866866866867,-1.81182091999395,0.000480103824471755
0.067,867.867867867868,-1.82486864204966,0.000480071495854147
0.067,868.868868868869,-1.74747315300336,0.000480768797763406
0.067,869.86986986987,-1.71790642272826,0.000480928518042658
0.067,870.870870870871,-1.78559271396584,0.00048012809173994
0.067,871.871871871872,-1.76112191165476,0.000480487847561357
0.067,872.872872872873,-1.74900418158667,0.000481129141821013
0.067,873.873873873874,-1.77768175493681,0.000480039349415917
0.067,874.874874874875,-1.80161877829598,0.000480589046092084
0.067,875.875875875876,-1.8161170418816,0.000480607235781014
0.067,876.876876876877,-1.79708346170488,0.000480532102291835
0.067,877.877877877878,-1.82067091989857,0.000480308889973652
0.067,878.878878878879,-1.74133763302375,0.000481267780622025
0.067,879.87987987988,-1.7501194848348,0.000481111384969614
0.067,880.880880880881,-1.84426251425408,0.000480196515953733
0.067,881.881881881882,-1.82720656267095,0.000480607633674403
0.067,882.882882882883,-1.81769481601622,0.000480676610945324
0.067,883.883883883884,-1.78199109423738,0.000480459575576967
0.067,884.884884884885,-1.82402766844498,0.000480043511057751
0.067,885.885885885886,-1.78282988953352,0.000481272868136815
0.067,886.886886886887,-1.73985012508255,0.000480585559665052
0.067,887.887887887888,-1.73185284600653,0.000480511554313749
0.067,888.888888888889,-1.70952839957127,0.00048116469775043
0.067,889.88988988989,-1.80242927876415,0.00048006639259981
0.067,890.890890890891,-1.81389242847844,0.000480367228896772
0.067,891.891891891892,-1.79102119909709,0.000481103760627528
0.067,892.892892892893,-1.84771543742003,0.000480528427695
0.067,893.893893893894,-1.80095122212068,0.000480619431756632
0.067,894.894894894895,-1.73912821968182,0.000481160699905594
0.067,895.895895895896,-1.82230582113699,0.000480318029775666
0.067,896.896896896897,-1.93672544766493,0.000480152808583607
0.067,897.897897897898,-1.71695570381927,0.000481125837867009
0.067,898.898898898899,-1.77456525125997,0.000480676258626144
0.067,899.8998998999,-1.80548174275206,0.000479904683440911
0.067,900.900900900901,-1.75419407431964,0.000480741415591965
0.067,901.901901901902,-1.81238393111181,0.000480456839832341
0.067,902.902902902903,-1.80851487165586,0.000479995557944931
0.067,903.903903903904,-1.79396824938262,0.000481110123397971
0.067,904.904904904905,-1.85651668891361,0.00048005083846272
0.067,905.905905905906,-1.78630645231859,0.000480918970891782
0.067,906.906906906907,-1.7179615801769,0.000480801567969264
0.067,907.907907907908,-1.87578766556311,0.000480032597855182
0.067,908.908908908909,-1.86370120869079,0.000480600781803423
0.067,909.90990990991,-1.70180345113496,0.000480850551904928
0.067,910.910910910911,-1.8100104801596,0.000480094638155857
0.067,911.911911911912,-1.81945718875455,0.000480348934962711
0.067,912.912912912913,-1.77361419139565,0.000480346348626318
0.067,913.913913913914,-1.8057222174593,0.000480875164268545
0.067,914.914914914915,-1.81154296994544,0.000480349416956961
0.067,915.915915915916,-1.79927111320697,0.00048050365400103
0.067,916.916916916917,-1.73917059887178,0.000480493891547252
0.067,917.917917917918,-1.80111673358007,0.000480525045043263
0.067,918.918918918919,-1.82871814690836,0.000479999090827116
0.067,919.91991991992,-1.77126718791982,0.000480202874906748
0.067,920.920920920921,-1.7709175346006,0.000481189642758794
0.067,921.921921921922,-1.81281384293581,0.000480656222476971
0.067,922.922922922923,-1.77334121536394,0.000480603294962669
0.067,923.923923923924,-1.72730567212271,0.000480471120299479
0.067,924.924924924925,-1.85922992872801,0.000480053431553022
0.067,925.925925925926,-1.78711913904653,0.000480077697705344
0.067,926.926926926927,-1.78239860630928,0.000481025192804519
0.067,927.927927927928,-1.81972592910759,0.000480240078320349
0.067,928.928928928929,-1.71205178671794,0.000480784362530563
0.067,929.92992992993,-1.73401037358576,0.000480835136134897
0.067,930.930930930931,-1.78391761829989,0.000479875565162242
0.067,931.931931931932,-1.79424875050365,0.000480552274341421
0.067,932.932932932933,-1.7054895781119,0.000481061870117901
0.067,933.933933933934,-1.79705496374464,0.000480584220863917
0.067,934.934934934935,-1.80234017038652,0.000480097229954107
0.067,935.935935935936,-1.7647756999565,0.000481052213436225
0.067,936.936936936937,-1.81197826832646,0.000480614210690614
0.067,937.937937937938,-1.82956620458965,0.000480702793974741
0.067,938.938938938939,-1.79406214784369,0.000481151725662468
0.067,939.93993993994,-1.74362156142755,0.000480577292820579
0.067,940.940940940941,-1.77815730203329,0.000480144876498147
0.067,941.941941941942,-1.85269506667475,0.000480080389990028
0.067,942.942942942943,-1.81740305287464,0.000481297007433089
0.067,943.943943943944,-1.77079919841365,0.000481176076796596
0.067,944.944944944945,-1.84204799108705,0.000480263206350754
0.067,945.945945945946,-1.85038739785783,0.00048009749746767
0.067,946.946946946947,-1.77799330496703,0.000480639117289785
0.067,947.947947947948,-1.79264859833126,0.000481020793718703
0.067,948.948948948949,-1.81128598633772,0.000479986116389968
0.067,949.94994994995,-1.8111529250715,0.000480273051026045
0.067,950.950950950951,-1.77834784672911,0.000480496626410933
0.067,951.951951951952,-1.81628212066372,0.000480652861848854
0.067,952.952952952953,-1.8379649227291,0.000480580640763092
0.067,953.953953953954,-1.83038364897916,0.000480801286830423
0.067,954.954954954955,-1.82441343718149,0.000480554311614302
0.067,955.955955955956,-1.78939166342694,0.000480127827750157
0.067,956.956956956957,-1.80015547221896,0.000480362256080992
0.067,957.957957957958,-1.78981840118408,0.000480515882747793
0.067,958.958958958959,-1.78548538579861,0.000480945471883532
0.067,959.95995995996,-1.77857374935834,0.000480879491351808
0.067,960.960960960961,-1.89272978008734,0.000480112718255258
0.067,961.961961961962,-1.85869713373847,0.000481247298010041
0.067,962.962962962963,-1.80558773702185,0.00048019959520809
0.067,963.963963963964,-1.88372762732969,0.000479762663515133
0.067,964.964964964965,-1.84119263865916,0.000480908326671016
0.067,965.965965965966,-1.77551459562302,0.000480108638600017
0.067,966.966966966967,-1.76497824139889,0.00047981409219
0.067,967.967967967968,-1.80075638529053,0.000480606456497268
0.067,968.968968968969,-1.79048810791759,0.000480831347132701
0.067,969.96996996997,-1.8567921940433,0.000480771678159164
0.067,970.970970970971,-1.86106495753209,0.000480829073942811
0.067,971.971971971972,-1.71690707935496,0.000481156802488462
0.067,972.972972972973,-1.84511535834343,0.000480145504083203
0.067,973.973973973974,-1.77949383512611,0.00048049360864652
0.067,974.974974974975,-1.6986033314678,0.00048082294004182
0.067,975.975975975976,-1.8940369165798,0.000479903030671058
0.067,976.976976976977,-1.68244882208704,0.000480893015792142
0.067,977.977977977978,-1.78319645828046,0.000480614586031817
0.067,978.978978978979,-1.77521135895254,0.000480794588361292
0.067,979.97997997998,-1.76185984560941,0.000480296086087412
0.067,980.980980980981,-1.84683938488995,0.000480098452000696
0.067,981.981981981982,-1.7241308620989,0.00048040325836337
0.067,982.982982982983,-1.75956147765054,0.000481154151431993
0.067,983.983983983984,-1.79786297216585,0.000480588519110921
0.067,984.984984984985,-1.80013418129814,0.000480159872174981
0.067,985.985985985986,-1.8466130131582,0.000480389860367975
0.067,986.986986986987,-1.88273240185233,0.000480341345329849
0.067,987.987987987988,-1.72459406946375,0.000480977805258242
0.067,988.988988988989,-1.79647144111324,0.00047966560830259
0.067,989.98998998999,-1.86136845807932,0.000480592897641358
0.067,990.990990990991,-1.80692654749329,0.000480757565247722
0.067,991.991991991992,-1.804474983593,0.000480519266456664
0.067,992.992992992993,-1.82842046086417,0.000480737660829157
0.067,993.993993993994,-1.73434804280836,0.000480920724382986
0.067,994.994994994995,-1.84323444998604,0.000480357599994222
0.067,995.995995995996,-1.75744653107245,0.000480564136967537
0.067,996.996996996997,-1.81958550880138,0.000479906340263109
0.067,997.997997997998,-1.71688495526102,0.000480600698935884
0.067,998.998998998999,-1.82460861130178,0.000480254789452021
0.067,1000.0,-1.81916395631062,0.000480427055441965
0.078,0.0,-1.81629038348427,0.000547514556643248
0.078,1.001001001001,-1.77358792605843,0.000559464065291205
0.078,2.002002002002,-1.78752975578933,0.000558867072628288
0.078,3.003003003003,-1.80567369737458,0.000559677430056344
0.078,4.004004004004,-1.78555079801349,0.000559920015700852
0.078,5.00500500500501,-1.85199238098549,0.000559718501522251
0.078,6.00600600600601,-1.81949211002734,0.000559214860110217
0.078,7.00700700700701,-1.74962568380919,0.000559374626609704
0.078,8.00800800800801,-1.75632963443643,0.000559127248919282
0.078,9.00900900900901,-1.8258891343328,0.000558866720426568
0.078,10.01001001001,-1.78689492800754,0.000558956605805798
0.078,11.011011011011,-1.76437686332775,0.000559474333348553
0.078,12.012012012012,-1.7674485757734,0.000559335074010044
0.078,13.013013013013,-1.79109289727571,0.000559295713632533
0.078,14.014014014014,-1.77178885747687,0.000559034404094184
0.078,15.015015015015,-1.76746138825232,0.000558866550580416
0.078,16.016016016016,-1.86916326929701,0.000559580727280439
0.078,17.017017017017,-1.75814092301381,0.000560070877904229
0.078,18.018018018018,-1.84687126091437,0.000558715733363953
0.078,19.019019019019,-1.80811130530282,0.000558938758863114
0.078,20.02002002002,-1.72996075748382,0.00055940245794552
0.078,21.021021021021,-1.79845708800234,0.00055917807408825
0.078,22.022022022022,-1.82277512810742,0.000559835661773848
0.078,23.023023023023,-1.74940029336886,0.000559786465882872
0.078,24.024024024024,-1.82020052549823,0.000559526477174385
0.078,25.025025025025,-1.78366688542945,0.00055895410627183
0.078,26.026026026026,-1.72573351938498,0.000559885039198177
0.078,27.027027027027,-1.73849746445752,0.000558814109641277
0.078,28.028028028028,-1.81379478973386,0.000559211527789791
0.078,29.029029029029,-1.71744042851919,0.000559989193533533
0.078,30.03003003003,-1.76907454228589,0.00055948421731398
0.078,31.031031031031,-1.78070549744958,0.000559223163484534
0.078,32.032032032032,-1.73559582958386,0.0005594595852172
0.078,33.033033033033,-1.79995985160653,0.000559414108733783
0.078,34.034034034034,-1.84151199526869,0.000559062192616084
0.078,35.035035035035,-1.79306077283165,0.000558959262793961
0.078,36.036036036036,-1.71548271520028,0.000560138395978229
0.078,37.037037037037,-1.7056253016028,0.000558581923197428
0.078,38.038038038038,-1.80700287962929,0.000559844108565974
0.078,39.039039039039,-1.75470303015961,0.000559964313303975
0.078,40.04004004004,-1.82450238542341,0.000558921220662207
0.078,41.041041041041,-1.78872766896758,0.000559494116314199
0.078,42.042042042042,-1.73482737258978,0.000559792453429572
0.078,43.043043043043,-1.77538794905004,0.000559014089331544
0.078,44.044044044044,-1.82197493232838,0.000558520447464892
0.078,45.0450450450451,-1.76776771608444,0.000559239983304343
0.078,46.0460460460461,-1.81491901835849,0.000559089298523244
0.078,47.0470470470471,-1.82145581716994,0.000559179273700111
0.078,48.0480480480481,-1.76278374717521,0.000559663902679527
0.078,49.0490490490491,-1.79609060681798,0.000559044539187601
0.078,50.0500500500501,-1.8162888766839,0.000559331148109031
0.078,51.0510510510511,-1.76823596770515,0.000559446963803987
0.078,52.0520520520521,-1.79860339394264,0.000559324019445203
0.078,53.0530530530531,-1.81273423834782,0.000558900782802218
0.078,54.0540540540541,-1.72090240011168,0.000559606776876088
0.078,55.0550550550551,-1.74304715460073,0.000559705123788586
0.078,56.0560560560561,-1.86675937475528,0.000558937836337748
0.078,57.0570570570571,-1.8110473391375,0.000559636470587882
0.078,58.0580580580581,-1.75768319073621,0.00056004332001367
0.078,59.0590590590591,-1.80648184215219,0.000559283795389437
0.078,60.0600600600601,-1.79087926894048,0.000559204833490466
0.078,61.0610610610611,-1.77954061004216,0.000559555574486569
0.078,62.0620620620621,-1.81236941659582,0.000558931320928941
0.078,63.0630630630631,-1.7212785230178,0.000559481673204207
0.078,64.0640640640641,-1.77731687838077,0.000559616635529035
0.078,65.0650650650651,-1.86816671160556,0.000559325205960352
0.078,66.0660660660661,-1.81730173973714,0.000560157015744397
0.078,67.0670670670671,-1.75766026765543,0.000559590527203735
0.078,68.0680680680681,-1.83269564992168,0.000559384319233927
0.078,69.0690690690691,-1.73424303756796,0.000559415168862722
0.078,70.0700700700701,-1.76872802569052,0.000559783505849708
0.078,71.0710710710711,-1.84487283804096,0.000559524796038111
0.078,72.0720720720721,-1.84002443114151,0.000559324236979832
0.078,73.0730730730731,-1.81479778750273,0.000559460557838958
0.078,74.0740740740741,-1.84911555342806,0.000559855149094428
0.078,75.0750750750751,-1.74360150139569,0.000559634835613114
0.078,76.0760760760761,-1.84408789103607,0.000559226779469176
0.078,77.0770770770771,-1.77243131097688,0.000559128697133758
0.078,78.0780780780781,-1.84664817368793,0.000559279002638768
0.078,79.0790790790791,-1.74846629970723,0.000559965870638144
0.078,80.0800800800801,-1.83180813578106,0.000559065754451987
0.078,81.0810810810811,-1.7520903632533,0.000559577250308882
0.078,82.0820820820821,-1.75859052472809,0.000558831231037846
0.078,83.0830830830831,-1.84599948376006,0.00055929513444071
0.078,84.0840840840841,-1.77611314611762,0.000559998116916781
0.078,85.0850850850851,-1.77859632429377,0.000559554161920991
0.078,86.0860860860861,-1.75534171137269,0.000559664103593664
0.078,87.0870870870871,-1.72624549517207,0.000559959487723431
0.078,88.0880880880881,-1.86126673259992,0.000559343462718544
0.078,89.0890890890891,-1.76966563403564,0.00055900910523967
0.078,90.0900900900901,-1.78627196463411,0.000559821838340858
0.078,91.0910910910911,-1.83132904717413,0.000559306587016399
0.078,92.0920920920921,-1.84821331496682,0.000558896135172518
0.078,93.0930930930931,-1.76288816064739,0.000559929772634044
0.078,94.0940940940941,-1.7879857368996,0.000560003171660425
0.078,95.0950950950951,-1.77439265489224,0.000559433084695287
0.078,96.0960960960961,-1.7774416194828,0.000559604830692897
0.078,97.0970970970971,-1.87103303378923,0.000559580851082544
0.078,98.0980980980981,-1.87685691727324,0.000558839754178519
0.078,99.0990990990991,-1.76655699711449,0.000559689363980256
0.078,100.1001001001,-1.74818680820781,0.000559195505812298
0.078,101.101101101101,-1.80577407560606,0.000558746301618987
0.078,102.102102102102,-1.74815830794286,0.000559677574061449
0.078,103.103103103103,-1.7731619792529,0.000559453189616882
0.078,104.104104104104,-1.76231709747663,0.000559041424343075
0.078,105.105105105105,-1.74571196794292,0.000559710848931202
0.078,106.106106106106,-1.78952661915038,0.000559892499801995
0.078,107.107107107107,-1.77359200952807,0.000558762068709794
0.078,108.108108108108,-1.79880616743848,0.00055913556726966
0.078,109.109109109109,-1.73805089721149,0.000559423132133627
0.078,110.11011011011,-1.7640523932201,0.000559085447208888
0.078,111.111111111111,-1.7993760333423,0.000558844723822899
0.078,112.112112112112,-1.79895245937223,0.000560263719710113
0.078,113.113113113113,-1.74344955457749,0.000559691348748829
0.078,114.114114114114,-1.72362089406489,0.000559651430615817
0.078,115.115115115115,-1.78332710898022,0.000558901696048299
0.078,116.116116116116,-1.84378751771475,0.000558802953474139
0.078,117.117117117117,-1.78697264409123,0.00055934671916026
0.078,118.118118118118,-1.73610317055495,0.000559210497789164
0.078,119.119119119119,-1.84112338969444,0.000559197890882174
0.078,120.12012012012,-1.8011685349615,0.000559024652505391
0.078,121.121121121121,-1.74149667551326,0.000559834043125924
0.078,122.122122122122,-1.77662718446428,0.000559754673584442
0.078,123.123123123123,-1.81415257157835,0.000559252926614776
0.078,124.124124124124,-1.80394644070954,0.000559373802456505
0.078,125.125125125125,-1.77713942715971,0.000560055008565099
0.078,126.126126126126,-1.79027464666087,0.000559200022063768
0.078,127.127127127127,-1.84130382124537,0.000559386891475203
0.078,128.128128128128,-1.79087489552416,0.000559785348551253
0.078,129.129129129129,-1.77095042034184,0.000559321147565245
0.078,130.13013013013,-1.8702140481335,0.000559786183275789
0.078,131.131131131131,-1.74046920303066,0.000559974644202051
0.078,132.132132132132,-1.77192904372972,0.000559512351107501
0.078,133.133133133133,-1.81778910611404,0.000559190700787131
0.078,134.134134134134,-1.82260848420962,0.000558977957322976
0.078,135.135135135135,-1.84683972734949,0.000559080148267353
0.078,136.136136136136,-1.76756691841601,0.00055961963262061
0.078,137.137137137137,-1.78881442139437,0.000559206850736536
0.078,138.138138138138,-1.89385025745424,0.000558902518498338
0.078,139.139139139139,-1.81530374916441,0.000559436680242011
0.078,140.14014014014,-1.73784396928204,0.000559713379415696
0.078,141.141141141141,-1.85673686962742,0.000558674893586521
0.078,142.142142142142,-1.74015325339394,0.000558605295073346
0.078,143.143143143143,-1.76913562120067,0.000559521072519477
0.078,144.144144144144,-1.721747349098,0.000559534070389756
0.078,145.145145145145,-1.74637128995676,0.000559260748112302
0.078,146.146146146146,-1.81461004746565,0.000558923933795917
0.078,147.147147147147,-1.71896860670306,0.000559331075636641
0.078,148.148148148148,-1.78384004893649,0.00055987315143577
0.078,149.149149149149,-1.81306462742668,0.000559344457540111
0.078,150.15015015015,-1.7701557467092,0.000559921008760529
0.078,151.151151151151,-1.84098984442258,0.000559995013348348
0.078,152.152152152152,-1.81471433914523,0.000559126541696819
0.078,153.153153153153,-1.84365751695366,0.00055903652470444
0.078,154.154154154154,-1.73635489521949,0.00056012898067542
0.078,155.155155155155,-1.79210658699281,0.000559225219257255
0.078,156.156156156156,-1.80051433377798,0.000559914627137869
0.078,157.157157157157,-1.72211584588004,0.000560092475322457
0.078,158.158158158158,-1.77691413361027,0.000559207346297335
0.078,159.159159159159,-1.823735663305,0.000559250274090066
0.078,160.16016016016,-1.77145643043983,0.000559001150484565
0.078,161.161161161161,-1.81845316359578,0.000559263533718402
0.078,162.162162162162,-1.83128328847078,0.000559105254194961
0.078,163.163163163163,-1.736771014959,0.000559458072106459
0.078,164.164164164164,-1.83829233464511,0.00055950548420173
0.078,165.165165165165,-1.82080148023885,0.000559461193117599
0.078,166.166166166166,-1.78885599065204,0.000559882783392263
0.078,167.167167167167,-1.8072342919924,0.000558870281557716
0.078,168.168168168168,-1.83698509912203,0.000559097554385273
0.078,169.169169169169,-1.75090050645183,0.000559873693921561
0.078,170.17017017017,-1.86020916365933,0.000559056129484323
0.078,171.171171171171,-1.77386193186498,0.000559614023821434
0.078,172.172172172172,-1.7977666493259,0.000559458824433295
0.078,173.173173173173,-1.83869506968444,0.000558839299141179
0.078,174.174174174174,-1.83848159203595,0.00055937434423754
0.078,175.175175175175,-1.76315945990442,0.000559229646826951
0.078,176.176176176176,-1.82747406077233,0.000559170343680413
0.078,177.177177177177,-1.7451853612576,0.000559661869928829
0.078,178.178178178178,-1.79540867295654,0.000559525549891918
0.078,179.179179179179,-1.74706555649988,0.00055953624033292
0.078,180.18018018018,-1.77578766433664,0.000559827933891386
0.078,181.181181181181,-1.8142931822497,0.00055935146633672
0.078,182.182182182182,-1.77735998521078,0.000558999319059113
0.078,183.183183183183,-1.74923899832257,0.000559598154188656
0.078,184.184184184184,-1.82356266239216,0.000558710701348683
0.078,185.185185185185,-1.82858006879572,0.000559136120209329
0.078,186.186186186186,-1.71740513090113,0.000560027460306204
0.078,187.187187187187,-1.79964837360604,0.000559014380982993
0.078,188.188188188188,-1.78718820217575,0.000559542122048787
0.078,189.189189189189,-1.74771838014898,0.000559926711057311
0.078,190.19019019019,-1.79456711693283,0.000558758943528849
0.078,191.191191191191,-1.81782239363388,0.000559231738131111
0.078,192.192192192192,-1.77690092059361,0.000559808759071282
0.078,193.193193193193,-1.73693736918266,0.000559008503378202
0.078,194.194194194194,-1.72286827833118,0.000559105705884711
0.078,195.195195195195,-1.74665367591494,0.000559675846352562
0.078,196.196196196196,-1.82335393656619,0.000559322897239022
0.078,197.197197197197,-1.83155382450814,0.000558796283077782
0.078,198.198198198198,-1.81805302905283,0.000560076967053225
0.078,199.199199199199,-1.66663172370171,0.000559831810753141
0.078,200.2002002002,-1.80409402365636,0.00055933246606114
0.078,201.201201201201,-1.79333458405168,0.000559444308342795
0.078,202.202202202202,-1.75515446029467,0.00055978737959879
0.078,203.203203203203,-1.77020611071349,0.000559691961475282
0.078,204.204204204204,-1.82620451850564,0.00055862734318292
0.078,205.205205205205,-1.81205594770619,0.000559290163856656
0.078,206.206206206206,-1.75078292567305,0.000559172753651662
0.078,207.207207207207,-1.80407928545501,0.000559433984668467
0.078,208.208208208208,-1.80476079536627,0.000559223583636461
0.078,209.209209209209,-1.70175338076665,0.000559339150611343
0.078,210.21021021021,-1.78977219878409,0.000559226872731863
0.078,211.211211211211,-1.82069996542732,0.000559686771242332
0.078,212.212212212212,-1.7813667873642,0.000559794431091856
0.078,213.213213213213,-1.76272730631491,0.000559140742996387
0.078,214.214214214214,-1.84304656330941,0.00055920621134682
0.078,215.215215215215,-1.84665134235815,0.000559008721323938
0.078,216.216216216216,-1.75372719372887,0.000559967956656635
0.078,217.217217217217,-1.83712943767946,0.000559723797938411
0.078,218.218218218218,-1.81530776264915,0.000559282058342535
0.078,219.219219219219,-1.76241872734637,0.000559616088051224
0.078,220.22022022022,-1.80188835419334,0.000559441368336441
0.078,221.221221221221,-1.8425496819354,0.00055924733449482
0.078,222.222222222222,-1.73457143685269,0.000559446087205209
0.078,223.223223223223,-1.82520460155351,0.000558567987532074
0.078,224.224224224224,-1.78524271636542,0.000559970813031965
0.078,225.225225225225,-1.76874086189549,0.000559521835946217
0.078,226.226226226226,-1.79457821230777,0.000559398915784049
0.078,227.227227227227,-1.75109970020591,0.000559960442373916
0.078,228.228228228228,-1.78706372782206,0.00055957226756779
0.078,229.229229229229,-1.77072225477868,0.00055937869710312
0.078,230.23023023023,-1.826215308022,0.000559253508978
0.078,231.231231231231,-1.74809682129473,0.000560254549192492
0.078,232.232232232232,-1.79118135516909,0.000559833352465222
0.078,233.233233233233,-1.79759135237647,0.000559063360748852
0.078,234.234234234234,-1.86824244278857,0.000558930007322826
0.078,235.235235235235,-1.76204923583094,0.000559634888998367
0.078,236.236236236236,-1.83816886874259,0.000559022144161976
0.078,237.237237237237,-1.77691850504878,0.00055929742618917
0.078,238.238238238238,-1.70304685811065,0.000559375712344771
0.078,239.239239239239,-1.76534418076127,0.000559136839177722
0.078,240.24024024024,-1.78535752637637,0.000559687034762278
0.078,241.241241241241,-1.8403480819414,0.000558326071229403
0.078,242.242242242242,-1.77124107722754,0.00056004560353998
0.078,243.243243243243,-1.876353023403,0.000559308020783381
0.078,244.244244244244,-1.86971710459012,0.000559574127066015
0.078,245.245245245245,-1.75452530505736,0.00056001466705003
0.078,246.246246246246,-1.79686039300809,0.000558979963938978
0.078,247.247247247247,-1.72796668976945,0.000560472867333897
0.078,248.248248248248,-1.86226308593637,0.000559046451777432
0.078,249.249249249249,-1.79690275249291,0.000559087217907881
0.078,250.25025025025,-1.76282476150587,0.000559503218118127
0.078,251.251251251251,-1.78133917866076,0.000558975241017864
0.078,252.252252252252,-1.72581796936541,0.000559518723392147
0.078,253.253253253253,-1.72812822491147,0.000559021958341358
0.078,254.254254254254,-1.89798572906332,0.000559102262330325
0.078,255.255255255255,-1.83553377801094,0.000559353815229131
0.078,256.256256256256,-1.73195686869641,0.000559535309937781
0.078,257.257257257257,-1.87158380784907,0.000559152945725914
0.078,258.258258258258,-1.83645474520109,0.000559272117996642
0.078,259.259259259259,-1.71992423959304,0.000559887387679481
0.078,260.26026026026,-1.77396976971532,0.000559565988369641
0.078,261.261261261261,-1.85240293733036,0.000558973551718169
0.078,262.262262262262,-1.76285501374215,0.000559284256006094
0.078,263.263263263263,-1.75207226961734,0.000559778647850396
0.078,264.264264264264,-1.74308666210088,0.000559375029964951
0.078,265.265265265265,-1.83696840469645,0.000558849446332905
0.078,266.266266266266,-1.78942035186615,0.000559662607220874
0.078,267.267267267267,-1.74256402698275,0.000560171566250472
0.078,268.268268268268,-1.77187249219389,0.000559726269517065
0.078,269.269269269269,-1.76865457603917,0.000558470888800859
0.078,270.27027027027,-1.78045279112949,0.000559075453653931
0.078,271.271271271271,-1.709137080456,0.000559392404486318
0.078,272.272272272272,-1.74682999513835,0.00055978018738948
0.078,273.273273273273,-1.81940684830393,0.000558994888318015
0.078,274.274274274274,-1.76520431793766,0.00055901155215187
0.078,275.275275275275,-1.74155805630758,0.000559828504978518
0.078,276.276276276276,-1.80036385425779,0.000559186226116254
0.078,277.277277277277,-1.8336483517203,0.000559194675492485
0.078,278.278278278278,-1.82648105786604,0.000559681925928625
0.078,279.279279279279,-1.76413874418378,0.000559976584805925
0.078,280.28028028028,-1.79314122008042,0.00055895182298044
0.078,281.281281281281,-1.85080686307695,0.000558718817023034
0.078,282.282282282282,-1.80379539606551,0.000559854960513517
0.078,283.283283283283,-1.74622770695169,0.000559857442839697
0.078,284.284284284284,-1.81052398669201,0.000559454605001483
0.078,285.285285285285,-1.82191865908322,0.000558781449024948
0.078,286.286286286286,-1.80161990713505,0.000559314195090372
0.078,287.287287287287,-1.71761100832023,0.000559307150938513
0.078,288.288288288288,-1.73217591676186,0.000558891442732093
0.078,289.289289289289,-1.81703925488904,0.000558917102421586
0.078,290.29029029029,-1.80437547702431,0.000559258712072744
0.078,291.291291291291,-1.72644233055913,0.00055969664663323
0.078,292.292292292292,-1.79508840300403,0.000559053936577866
0.078,293.293293293293,-1.76796157960955,0.000559689553618301
0.078,294.294294294294,-1.78132205739804,0.000559537227108524
0.078,295.295295295295,-1.8433646039407,0.000559224619803702
0.078,296.296296296296,-1.78437759192894,0.000559754181429962
0.078,297.297297297297,-1.7437434715412,0.0005597868791047
0.078,298.298298298298,-1.87228941021509,0.00055924984888739
0.078,299.299299299299,-1.79814820678888,0.000559854487974741
0.078,300.3003003003,-1.76681843447694,0.000559658331291138
0.078,301.301301301301,-1.77363612179962,0.000559058928950621
0.078,302.302302302302,-1.83829828113326,0.000558760700778751
0.078,303.303303303303,-1.71520636883828,0.000559714563170551
0.078,304.304304304304,-1.77020504248663,0.000558709647445087
0.078,305.305305305305,-1.82998822796417,0.000559171265148645
0.078,306.306306306306,-1.76822336863975,0.000559627543915774
0.078,307.307307307307,-1.85595617920595,0.000558818942915405
0.078,308.308308308308,-1.79761640052144,0.000559338944763914
0.078,309.309309309309,-1.86512508623735,0.000558991010105479
0.078,310.31031031031,-1.82951327465773,0.000559568781434407
0.078,311.311311311311,-1.76471747259085,0.000559580129588776
0.078,312.312312312312,-1.80998927326115,0.000558740385311355
0.078,313.313313313313,-1.71605201269216,0.000559070173916992
0.078,314.314314314314,-1.709644429962,0.000559489557894839
0.078,315.315315315315,-1.81367397807731,0.000558786298508461
0.078,316.316316316316,-1.7395557428108,0.000559845521777578
0.078,317.317317317317,-1.71572064524935,0.000559326267263884
0.078,318.318318318318,-1.78030791682457,0.000558892662429495
0.078,319.319319319319,-1.77386386301463,0.000558809639727502
0.078,320.32032032032,-1.75299569676087,0.000559804486195488
0.078,321.321321321321,-1.75927966365291,0.000559765525062148
0.078,322.322322322322,-1.8334839803511,0.000558301347455637
0.078,323.323323323323,-1.76381105981303,0.000559969107581615
0.078,324.324324324324,-1.73331747806666,0.000559270726573739
0.078,325.325325325325,-1.8288275467207,0.000558555957056614
0.078,326.326326326326,-1.8220843793157,0.000559942665260787
0.078,327.327327327327,-1.73551533158978,0.000559687232505015
0.078,328.328328328328,-1.7892452693743,0.000559151542557081
0.078,329.329329329329,-1.85692903547532,0.000558847910611248
0.078,330.33033033033,-1.77088315885915,0.000559224543220236
0.078,331.331331331331,-1.81561347829669,0.000559057767336844
0.078,332.332332332332,-1.82920168040237,0.000559130024541341
0.078,333.333333333333,-1.81821114137639,0.000559775615814678
0.078,334.334334334334,-1.81831748100096,0.000559647202550747
0.078,335.335335335335,-1.80336831451357,0.000559336695535722
0.078,336.336336336336,-1.83726595625609,0.000559573587340518
0.078,337.337337337337,-1.84335309697934,0.000559180771188765
0.078,338.338338338338,-1.80422780221617,0.00055974349098896
0.078,339.339339339339,-1.77356504878859,0.000559137665034082
0.078,340.34034034034,-1.82732565750008,0.000559445302107228
0.078,341.341341341341,-1.89320721097881,0.000558940088326235
0.078,342.342342342342,-1.79005588868313,0.000559093573513306
0.078,343.343343343343,-1.83111151957171,0.000559848957403461
0.078,344.344344344344,-1.7761628346665,0.000559416469841962
0.078,345.345345345345,-1.76646878463979,0.000559328385290036
0.078,346.346346346346,-1.80897525088847,0.000558819446345978
0.078,347.347347347347,-1.75957941875632,0.000559485148413875
0.078,348.348348348348,-1.72506206105133,0.000559517945987751
0.078,349.349349349349,-1.87825731226457,0.000559071931401813
0.078,350.35035035035,-1.76915061583192,0.000559420375481245
0.078,351.351351351351,-1.82128185820886,0.000558703518888495
0.078,352.352352352352,-1.79322704828335,0.000558995489650917
0.078,353.353353353353,-1.7934304376715,0.000559421111422508
0.078,354.354354354354,-1.82425364638723,0.000559417924986537
0.078,355.355355355355,-1.78394155143695,0.000559518832629299
0.078,356.356356356356,-1.67649284716169,0.000559222991289196
0.078,357.357357357357,-1.83846335966613,0.000558946632336382
0.078,358.358358358358,-1.81600977997301,0.000559387760028019
0.078,359.359359359359,-1.78754536227173,0.000560082278210528
0.078,360.36036036036,-1.75580195529928,0.000559023894188131
0.078,361.361361361361,-1.80637614710668,0.000559206934896126
0.078,362.362362362362,-1.78484244988642,0.000559414466162442
0.078,363.363363363363,-1.78279176161838,0.000559599391798602
0.078,364.364364364364,-1.76196502762831,0.000558982412260689
0.078,365.365365365365,-1.81689692277325,0.000558937623149113
0.078,366.366366366366,-1.7811288716802,0.00055948913645086
0.078,367.367367367367,-1.72325986000857,0.000559696674471085
0.078,368.368368368368,-1.78622041124962,0.000559433016686351
0.078,369.369369369369,-1.82267519669799,0.000558846166869165
0.078,370.37037037037,-1.77660027655458,0.000559980015087409
0.078,371.371371371371,-1.7879973080747,0.000559479367947927
0.078,372.372372372372,-1.86038484561418,0.000559277226830296
0.078,373.373373373373,-1.80874000274835,0.000558782071441795
0.078,374.374374374374,-1.73612480615465,0.000559481978422206
0.078,375.375375375375,-1.79888876389428,0.000559316068566254
0.078,376.376376376376,-1.71914236995817,0.000559814772282839
0.078,377.377377377377,-1.8497208825178,0.000559064478726498
0.078,378.378378378378,-1.75389947616356,0.000558941629803397
0.078,379.379379379379,-1.80493727181069,0.000559339581158418
0.078,380.38038038038,-1.81039935086374,0.000559192036769243
0.078,381.381381381381,-1.79666107071996,0.000559417529383604
0.078,382.382382382382,-1.77414198195535,0.000559645455578534
0.078,383.383383383383,-1.7403986570705,0.000558986680790489
0.078,384.384384384384,-1.80356477017771,0.000559079448386096
0.078,385.385385385385,-1.80326007453656,0.000559395842813765
0.078,386.386386386386,-1.71603785301229,0.000559817403195037
0.078,387.387387387387,-1.82240869150731,0.000558966379711858
0.078,388.388388388388,-1.75524000604859,0.000559637836757035
0.078,389.389389389389,-1.77789662454091,0.0005591594040495
0.078,390.39039039039,-1.87349541863879,0.000559434689483014
0.078,391.391391391391,-1.76843910380865,0.000559509156919216
0.078,392.392392392392,-1.73540451668084,0.000559512197823111
0.078,393.393393393393,-1.7423563030743,0.000559347596933631
0.078,394.394394394394,-1.77032273289154,0.000560045198187925
0.078,395.395395395395,-1.77603003602546,0.000559322861472664
0.078,396.396396396396,-1.82227579053072,0.000559118958935326
0.078,397.397397397397,-1.84450592715115,0.000558735841163301
0.078,398.398398398398,-1.75374350573533,0.000559360435352907
0.078,399.399399399399,-1.73112402863454,0.000559708431501287
0.078,400.4004004004,-1.84006237086198,0.000559144465634076
0.078,401.401401401401,-1.88621905041147,0.000559143577465557
0.078,402.402402402402,-1.76796859984683,0.000559981155323593
0.078,403.403403403403,-1.78998559493134,0.000559050697520127
0.078,404.404404404404,-1.8212105879316,0.000558716850284465
0.078,405.405405405405,-1.69293841142061,0.000560057579690512
0.078,406.406406406406,-1.76691731941074,0.000559238349504168
0.078,407.407407407407,-1.77470726250587,0.000559384447147108
0.078,408.408408408408,-1.72531228168636,0.000559676056428525
0.078,409.409409409409,-1.74126570567032,0.00055858012137172
0.078,410.41041041041,-1.78823343135098,0.000559287930191821
0.078,411.411411411411,-1.78722934623918,0.000559239721428827
0.078,412.412412412412,-1.74465041252162,0.000559628298474336
0.078,413.413413413413,-1.84172115706904,0.000559403486301718
0.078,414.414414414414,-1.81897382852321,0.000558908415014078
0.078,415.415415415415,-1.81406979014253,0.000559818870144272
0.078,416.416416416416,-1.74927340369215,0.000560090840876256
0.078,417.417417417417,-1.84545773811004,0.000559651389563791
0.078,418.418418418418,-1.82967144901652,0.000559371717553877
0.078,419.419419419419,-1.73749033722972,0.000559610144434304
0.078,420.42042042042,-1.88229313562406,0.000558707335552356
0.078,421.421421421421,-1.83310116700407,0.000559066048393893
0.078,422.422422422422,-1.72694780649509,0.000559207376601835
0.078,423.423423423423,-1.83337633457212,0.000559179587903746
0.078,424.424424424424,-1.83708517992757,0.000558907869533075
0.078,425.425425425425,-1.82897054410896,0.000559274347315483
0.078,426.426426426426,-1.69004834070783,0.000559478818943145
0.078,427.427427427427,-1.81232506836965,0.000559259469215411
0.078,428.428428428428,-1.79072509293806,0.000559445000178089
0.078,429.429429429429,-1.86560694851618,0.000560069932885406
0.078,430.43043043043,-1.77866514726846,0.000559778811177556
0.078,431.431431431431,-1.81661818771996,0.000558970554039298
0.078,432.432432432432,-1.80971785196292,0.00055927074836244
0.078,433.433433433433,-1.73410009258556,0.000559992523798421
0.078,434.434434434434,-1.80701455749668,0.000559022283468709
0.078,435.435435435435,-1.81358300393552,0.000559674391677824
0.078,436.436436436436,-1.81088121484402,0.000559422512946911
0.078,437.437437437437,-1.77901095271604,0.000559169751039499
0.078,438.438438438438,-1.87830463320295,0.00055893341581561
0.078,439.439439439439,-1.79642548439336,0.000558917346149639
0.078,440.44044044044,-1.75356314715141,0.000559485298526864
0.078,441.441441441441,-1.78535982486089,0.000559326846338248
0.078,442.442442442442,-1.81242583920288,0.000559598518899792
0.078,443.443443443443,-1.74126559657201,0.000559437894242637
0.078,444.444444444444,-1.78486492405065,0.000558899236744143
0.078,445.445445445446,-1.74215532589525,0.000559358321496561
0.078,446.446446446446,-1.73857324813574,0.000560141511997348
0.078,447.447447447447,-1.86165709997067,0.000558977550561409
0.078,448.448448448449,-1.69681331150507,0.000559579596852107
0.078,449.44944944945,-1.83076533838195,0.000559224265781363
0.078,450.45045045045,-1.77954578327672,0.000559312955366158
0.078,451.451451451451,-1.72456139427185,0.000559584907069736
0.078,452.452452452453,-1.8608151091444,0.000558784129681161
0.078,453.453453453454,-1.67520200582811,0.000559833601890052
0.078,454.454454454454,-1.83289694769156,0.000559106299876406
0.078,455.455455455455,-1.75436981990297,0.00055956341542361
0.078,456.456456456457,-1.74995393468396,0.000559461625132915
0.078,457.457457457458,-1.81149511056125,0.000559439708166653
0.078,458.458458458458,-1.71999720499008,0.00055968972734061
0.078,459.459459459459,-1.82527093197157,0.000558929881582643
0.078,460.460460460461,-1.76499827695372,0.000559376494388811
0.078,461.461461461462,-1.83334120172813,0.00055874753464802
0.078,462.462462462462,-1.79957813787602,0.00055878287950307
0.078,463.463463463463,-1.81419721857368,0.000559394156920389
0.078,464.464464464465,-1.73033874923945,0.00055962004390436
0.078,465.465465465466,-1.80385803695048,0.000558773707223559
0.078,466.466466466466,-1.83157601159299,0.000559706910168395
0.078,467.467467467467,-1.76396883216361,0.000559263039273466
0.078,468.468468468469,-1.80094794463332,0.000558332575597035
0.078,469.46946946947,-1.71860656731436,0.000559887019092188
0.078,470.470470470471,-1.78662861769544,0.000558732813238659
0.078,471.471471471471,-1.83505460236257,0.000559083034653535
0.078,472.472472472473,-1.75660708573418,0.000559171162430484
0.078,473.473473473474,-1.76865551065989,0.000559216385730374
0.078,474.474474474475,-1.81554456918213,0.000558813433897907
0.078,475.475475475475,-1.73905530199831,0.000559940369812359
0.078,476.476476476477,-1.78577827938925,0.000558902963316719
0.078,477.477477477478,-1.82317716825108,0.000558615718764271
0.078,478.478478478479,-1.73798818093515,0.000559361921271819
0.078,479.479479479479,-1.72549056010507,0.00055946626865154
0.078,480.480480480481,-1.83624758091145,0.000559111655080948
0.078,481.481481481482,-1.73991761800867,0.00055960433636542
0.078,482.482482482483,-1.67538489325332,0.000559192125216098
0.078,483.483483483484,-1.84020933411232,0.000559071602163386
0.078,484.484484484485,-1.78819765692063,0.000559854416207107
0.078,485.485485485486,-1.77380676904223,0.000559852589421298
0.078,486.486486486487,-1.7742635479492,0.000559490309634378
0.078,487.487487487488,-1.84930688282783,0.000559042850005365
0.078,488.488488488489,-1.74974234729397,0.000559641749972443
0.078,489.48948948949,-1.78686441496568,0.000559319311323961
0.078,490.490490490491,-1.82095935008434,0.000559448440267425
0.078,491.491491491492,-1.74363288523612,0.000559271254024739
0.078,492.492492492493,-1.86743589453094,0.000559342175482043
0.078,493.493493493494,-1.7507483341327,0.000559993672726593
0.078,494.494494494495,-1.85900421400351,0.000559504463304198
0.078,495.495495495496,-1.76646816148242,0.000559523200118562
0.078,496.496496496497,-1.79131020949986,0.000559641682844452
0.078,497.497497497498,-1.81929600800491,0.000558445597698659
0.078,498.498498498499,-1.74763548474682,0.000559390119844146
0.078,499.4994994995,-1.83971286052858,0.000558946843998046
0.078,500.500500500501,-1.72581361138808,0.000559856572231343
0.078,501.501501501502,-1.73825826040478,0.000559736713410989
0.078,502.502502502503,-1.76979810030667,0.000558857420057688
0.078,503.503503503504,-1.82862970899151,0.000558778969341603
0.078,504.504504504505,-1.75235564060888,0.00055993701952066
0.078,505.505505505506,-1.77664428459541,0.000559305410778939
0.078,506.506506506507,-1.75813026210299,0.000558934678679306
0.078,507.507507507508,-1.74916940622071,0.000560180420743839
0.078,508.508508508509,-1.71078022998911,0.000559577266518266
0.078,509.50950950951,-1.80182248401429,0.000559174439662497
0.078,510.510510510511,-1.74289573737243,0.000559247597544929
0.078,511.511511511512,-1.80700086748138,0.000559079030054788
0.078,512.512512512513,-1.83934644383535,0.000559148444979072
0.078,513.513513513514,-1.79279936543718,0.000559763995037267
0.078,514.514514514515,-1.82171201964532,0.000559108671144815
0.078,515.515515515516,-1.73706087532254,0.000559476517445562
0.078,516.516516516517,-1.83625586481328,0.000559176005453735
0.078,517.517517517518,-1.82884662143685,0.000558941289582526
0.078,518.518518518519,-1.83431474483674,0.000559054155874385
0.078,519.51951951952,-1.76553218891504,0.000559465840688569
0.078,520.520520520521,-1.70896357438229,0.000559938000070921
0.078,521.521521521522,-1.82628499423115,0.000558934718732928
0.078,522.522522522523,-1.79483815389335,0.000559640246375906
0.078,523.523523523524,-1.7927856422043,0.00055988352367952
0.078,524.524524524525,-1.73718076282459,0.000559438831098037
0.078,525.525525525526,-1.80497279965499,0.00055986409039022
0.078,526.526526526527,-1.8097907505587,0.00055918688570897
0.078,527.527527527528,-1.77448829167562,0.000560267413511544
0.078,528.528528528529,-1.73456124909547,0.000559389511874793
0.078,529.52952952953,-1.81690227230302,0.000559285563504325
0.078,530.530530530531,-1.84688096821591,0.000558807236157785
0.078,531.531531531532,-1.74108354720596,0.00055938752892684
0.078,532.532532532533,-1.81939485514327,0.000558498116572046
0.078,533.533533533534,-1.87041660984993,0.000559239531966971
0.078,534.534534534535,-1.78687002880602,0.000559749740528635
0.078,535.535535535536,-1.76707116480745,0.000559342336283829
0.078,536.536536536537,-1.82718961445627,0.000559151919249065
0.078,537.537537537538,-1.77090035206968,0.000559872603605581
0.078,538.538538538539,-1.792668859431,0.000559117934631474
0.078,539.53953953954,-1.89919292269534,0.000558914296318837
0.078,540.540540540541,-1.83998653904907,0.000559189137814916
0.078,541.541541541542,-1.78318492829567,0.000560081269528764
0.078,542.542542542543,-1.80817049308768,0.00055902747704925
0.078,543.543543543544,-1.84818965627066,0.000559088078003627
0.078,544.544544544545,-1.75358637871985,0.000559429498956415
0.078,545.545545545546,-1.733333593885,0.000559522455015473
0.078,546.546546546547,-1.89056638810581,0.000559061274377982
0.078,547.547547547548,-1.80435706792715,0.000559341737300113
0.078,548.548548548549,-1.81172763829046,0.000559576713637326
0.078,549.54954954955,-1.81099457522472,0.000559235415899347
0.078,550.550550550551,-1.77426114640747,0.000559617298880449
0.078,551.551551551552,-1.81627488821503,0.000559147951297622
0.078,552.552552552553,-1.80508163827007,0.000559384254807499
0.078,553.553553553554,-1.70290279443617,0.000559820759418431
0.078,554.554554554555,-1.76604467399524,0.000559428896742569
0.078,555.555555555556,-1.80115701909671,0.000558895307847917
0.078,556.556556556557,-1.77979314257702,0.000559753558895656
0.078,557.557557557558,-1.74765675373965,0.000559781163417558
0.078,558.558558558559,-1.84980516529637,0.000559387296709798
0.078,559.55955955956,-1.8616602624015,0.000559308621822634
0.078,560.560560560561,-1.77761401866955,0.000559490722033991
0.078,561.561561561562,-1.74982856648336,0.000559313769417858
0.078,562.562562562563,-1.77009477544054,0.000559179415062382
0.078,563.563563563564,-1.7959419877006,0.000559589030772215
0.078,564.564564564565,-1.73519518625904,0.000559715038234702
0.078,565.565565565566,-1.76270748243704,0.000559719645634592
0.078,566.566566566567,-1.87836869210166,0.00055953957024543
0.078,567.567567567568,-1.78654301570764,0.000558824668527859
0.078,568.568568568569,-1.72728737670131,0.000559043317375931
0.078,569.56956956957,-1.7727082909833,0.000559718985689498
0.078,570.570570570571,-1.84135637427232,0.000558938083295933
0.078,571.571571571572,-1.80454540858098,0.000559403365788473
0.078,572.572572572573,-1.77044946877915,0.000560174361018398
0.078,573.573573573574,-1.71284280616875,0.000559653061244591
0.078,574.574574574575,-1.75612445921411,0.000558681812820411
0.078,575.575575575576,-1.78731322690195,0.00055891778926486
0.078,576.576576576577,-1.73511565492666,0.000560138672888535
0.078,577.577577577578,-1.72464514429066,0.000558859777700817
0.078,578.578578578579,-1.83329528596596,0.000559259232946024
0.078,579.57957957958,-1.8034122959289,0.000559352631004439
0.078,580.580580580581,-1.74091068483081,0.00055945004041551
0.078,581.581581581582,-1.73178551360616,0.000559690076840766
0.078,582.582582582583,-1.75469954583343,0.000559345415361997
0.078,583.583583583584,-1.81645355361147,0.000559336369762345
0.078,584.584584584585,-1.81507826128013,0.00055996240494268
0.078,585.585585585586,-1.71360300834365,0.000560178530118898
0.078,586.586586586587,-1.79306127327086,0.00055880731943643
0.078,587.587587587588,-1.80779977699205,0.00055901701888402
0.078,588.588588588589,-1.80898350239221,0.000559138347590091
0.078,589.58958958959,-1.72990084391093,0.000559881236159595
0.078,590.590590590591,-1.80110018332757,0.000558442109685927
0.078,591.591591591592,-1.74433590383386,0.000559758807682069
0.078,592.592592592593,-1.77497125273006,0.000559871373454301
0.078,593.593593593594,-1.7595589241082,0.00055947776815222
0.078,594.594594594595,-1.82772181465502,0.000559379443674449
0.078,595.595595595596,-1.86781013717628,0.000559228354128592
0.078,596.596596596597,-1.73603942230219,0.000559580368618457
0.078,597.597597597598,-1.83949262874521,0.000559674474545362
0.078,598.598598598599,-1.79073044101926,0.00055887211774027
0.078,599.5995995996,-1.84948785809978,0.000558817692854773
0.078,600.600600600601,-1.82061457123971,0.000559507558004454
0.078,601.601601601602,-1.78427999602307,0.000559714841137992
0.078,602.602602602603,-1.71497892003194,0.000559251697579359
0.078,603.603603603604,-1.86871391388782,0.000558881418402799
0.078,604.604604604605,-1.76779268499995,0.000559655620212966
0.078,605.605605605606,-1.76687366507491,0.00056032711466893
0.078,606.606606606607,-1.74119128723609,0.000559197063675033
0.078,607.607607607608,-1.83126715971652,0.000558597930609968
0.078,608.608608608609,-1.84442777539766,0.000558758335442037
0.078,609.60960960961,-1.72117692050366,0.000559683605714117
0.078,610.610610610611,-1.7973072987187,0.000559964702387916
0.078,611.611611611612,-1.77937836346536,0.000558656421701615
0.078,612.612612612613,-1.82918359733762,0.000558818353857001
0.078,613.613613613614,-1.8139178575561,0.00055972879806348
0.078,614.614614614615,-1.75575287510501,0.00055985682893865
0.078,615.615615615616,-1.73612214177089,0.000558922101019683
0.078,616.616616616617,-1.84812362506857,0.000558846847487096
0.078,617.617617617618,-1.80497769579536,0.000559447594031877
0.078,618.618618618619,-1.7467719099429,0.000559511307129216
0.078,619.61961961962,-1.78076829643103,0.000559910711866922
0.078,620.620620620621,-1.80126796470783,0.000559653443222244
0.078,621.621621621622,-1.86204934737176,0.000559033517511365
0.078,622.622622622623,-1.77962359878603,0.00056005186553034
0.078,623.623623623624,-1.69681043807679,0.00055962299113446
0.078,624.624624624625,-1.83308336162184,0.000559940686247721
0.078,625.625625625626,-1.8465812150747,0.000559155043842714
0.078,626.626626626627,-1.85000592088323,0.000559046236004692
0.078,627.627627627628,-1.73936322247694,0.000559733141708504
0.078,628.628628628629,-1.77615907505514,0.000559532778161235
0.078,629.62962962963,-1.78035865624674,0.00055867487355971
0.078,630.630630630631,-1.86801639381066,0.000558251915588921
0.078,631.631631631632,-1.78544526691561,0.000558936601018259
0.078,632.632632632633,-1.74648146916603,0.000559366219460093
0.078,633.633633633634,-1.71896506323848,0.000559974073584757
0.078,634.634634634635,-1.77257869109956,0.000559509326765368
0.078,635.635635635636,-1.83612758044255,0.000558995898468021
0.078,636.636636636637,-1.87247950363748,0.00055918396702148
0.078,637.637637637638,-1.83087340519409,0.00055931393579896
0.078,638.638638638639,-1.79328166552676,0.000559494879212371
0.078,639.63963963964,-1.80069877049434,0.000559079654527173
0.078,640.640640640641,-1.77352131824031,0.000560054389260924
0.078,641.641641641642,-1.78125754186249,0.000559904776648343
0.078,642.642642642643,-1.79675150011735,0.000559292371386796
0.078,643.643643643644,-1.80775883031218,0.000559285523098325
0.078,644.644644644645,-1.74268431251968,0.000559461772368151
0.078,645.645645645646,-1.81511107231639,0.000560221792905562
0.078,646.646646646647,-1.77756265148851,0.000559875311453623
0.078,647.647647647648,-1.80583599713735,0.000559271564528407
0.078,648.648648648649,-1.82109156981236,0.000558808285597927
0.078,649.64964964965,-1.79872142866175,0.000559434957466414
0.078,650.650650650651,-1.77646938541683,0.000559745008856803
0.078,651.651651651652,-1.79497505643367,0.000558695716771753
0.078,652.652652652653,-1.82733090786887,0.000559140982319716
0.078,653.653653653654,-1.75866394170061,0.0005595251519398
0.078,654.654654654655,-1.72546843627104,0.000560002524518396
0.078,655.655655655656,-1.80172148977959,0.000559147783918115
0.078,656.656656656657,-1.84532827643327,0.000559127313110791
0.078,657.657657657658,-1.78553653921519,0.000559417927394452
0.078,658.658658658659,-1.76381961067618,0.000559971948217399
0.078,659.65965965966,-1.72435661576802,0.000559371067299176
0.078,660.660660660661,-1.73660904531216,0.00055823999816804
0.078,661.661661661662,-1.8230904438883,0.000558979401837484
0.078,662.662662662663,-1.80612405560926,0.000559188897316993
0.078,663.663663663664,-1.79655967075879,0.000559796652893301
0.078,664.664664664665,-1.8082900583184,0.000559017460648458
0.078,665.665665665666,-1.75784794637427,0.000558797126787955
0.078,666.666666666667,-1.77644032084601,0.00055996226164233
0.078,667.667667667668,-1.75130340208838,0.000559548081581442
0.078,668.668668668669,-1.84295448522794,0.000559341801491622
0.078,669.66966966967,-1.77180710752048,0.000559614512452134
0.078,670.670670670671,-1.72913197479512,0.000559847143949282
0.078,671.671671671672,-1.74851507672585,0.000559481103056751
0.078,672.672672672673,-1.87791388544698,0.000559208034139013
0.078,673.673673673674,-1.7906041742332,0.000560084233144437
0.078,674.674674674675,-1.70900776123967,0.000560202635586893
0.078,675.675675675676,-1.70705652168235,0.000559329108193316
0.078,676.676676676677,-1.83103085841023,0.000559055369405173
0.078,677.677677677678,-1.88131662720094,0.000559000033387864
0.078,678.678678678679,-1.72902452134929,0.000559457624703974
0.078,679.67967967968,-1.79475514411561,0.000559335612032381
0.078,680.680680680681,-1.79534820810646,0.000558966126352142
0.078,681.681681681682,-1.69585853706471,0.000559362403383528
0.078,682.682682682683,-1.77923089270599,0.000559371710917426
0.078,683.683683683684,-1.69260888405479,0.000559441201368042
0.078,684.684684684685,-1.74041520612434,0.000560462700409009
0.078,685.685685685686,-1.76000702710802,0.000559196728387453
0.078,686.686686686687,-1.84641151136433,0.000558932210095865
0.078,687.687687687688,-1.75189239427965,0.000559627435970674
0.078,688.688688688689,-1.74553803846576,0.000559443979456746
0.078,689.68968968969,-1.80233027120796,0.000558766913201286
0.078,690.690690690691,-1.81870961243704,0.000558795065142269
0.078,691.691691691692,-1.78399335834838,0.000559666442208387
0.078,692.692692692693,-1.81902581776995,0.000559605038243485
0.078,693.693693693694,-1.80670073774362,0.000559616096155916
0.078,694.694694694695,-1.78738304745364,0.000558894271974324
0.078,695.695695695696,-1.81413156883974,0.000559737265469713
0.078,696.696696696697,-1.75035242815622,0.000559367595965665
0.078,697.697697697698,-1.76081532548878,0.000559712594082796
0.078,698.698698698699,-1.72122315798797,0.000559335423040363
0.078,699.6996996997,-1.89086952603533,0.000559444846952429
0.078,700.700700700701,-1.78935362360695,0.000558734559858494
0.078,701.701701701702,-1.78887226772959,0.000559496035951587
0.078,702.702702702703,-1.77610941096381,0.000559765486006929
0.078,703.703703703704,-1.73700081197535,0.000559252750484551
0.078,704.704704704705,-1.7710634772863,0.000559376515942593
0.078,705.705705705706,-1.85214035702699,0.000558516306202247
0.078,706.706706706707,-1.81751716642491,0.000559228335511293
0.078,707.707707707708,-1.80083797940893,0.000559807243905003
0.078,708.708708708709,-1.73954017300596,0.000560233513934488
0.078,709.70970970971,-1.77733115025274,0.000559643341957106
0.078,710.710710710711,-1.78412369693969,0.000558805979049594
0.078,711.711711711712,-1.85869962752359,0.000559057674074157
0.078,712.712712712713,-1.82015083433482,0.000559564159939402
0.078,713.713713713714,-1.72024278007158,0.000559450936218884
0.078,714.714714714715,-1.82228698200614,0.000559787884203956
0.078,715.715715715716,-1.82551798443821,0.000559734520504532
0.078,716.716716716717,-1.71346308954185,0.000559783723031959
0.078,717.717717717718,-1.7508494417208,0.000559194560852205
0.078,718.718718718719,-1.80270594785922,0.000558840444193194
0.078,719.71971971972,-1.81936759761424,0.000559015437940531
0.078,720.720720720721,-1.75909867273776,0.000558929195502854
0.078,721.721721721722,-1.85540313173862,0.000559117047872466
0.078,722.722722722723,-1.7800715285274,0.000560120946341637
0.078,723.723723723724,-1.85670648032482,0.00055912842727101
0.078,724.724724724725,-1.7401185788675,0.000559685167922846
0.078,725.725725725726,-1.71709628982457,0.000560056096355704
0.078,726.726726726727,-1.84730071327672,0.000559074937890132
0.078,727.727727727728,-1.82946684129722,0.000559195822071471
0.078,728.728728728729,-1.78157264978405,0.000558854682140065
0.078,729.72972972973,-1.76463825379314,0.000559261671283694
0.078,730.730730730731,-1.77080067846793,0.000559675598689621
0.078,731.731731731732,-1.72603340219943,0.000559396995441905
0.078,732.732732732733,-1.81399259893309,0.000559480034118364
0.078,733.733733733734,-1.80237091387179,0.000559498037164462
0.078,734.734734734735,-1.75205840320278,0.000560034985747557
0.078,735.735735735736,-1.7525807472199,0.000559555173363049
0.078,736.736736736737,-1.84805964267239,0.000558868021581997
0.078,737.737737737738,-1.78487086089058,0.0005595519865747
0.078,738.738738738739,-1.72283619535113,0.000559736539512491
0.078,739.73973973974,-1.78991134436608,0.000559160687116196
0.078,740.740740740741,-1.79628819315612,0.000559445384916036
0.078,741.741741741742,-1.79542793310372,0.000559350464761243
0.078,742.742742742743,-1.74233162880788,0.000559467381872084
0.078,743.743743743744,-1.72591509909012,0.00055991751869226
0.078,744.744744744745,-1.81142326238724,0.000559219153658849
0.078,745.745745745746,-1.85298402516452,0.000558582936929942
0.078,746.746746746747,-1.77683389690897,0.000559422135961278
0.078,747.747747747748,-1.84841661137404,0.000559075536051632
0.078,748.748748748749,-1.76775855182074,0.000558272579675528
0.078,749.74974974975,-1.79652454583209,0.000559250511827696
0.078,750.750750750751,-1.74209117692456,0.000559799526535149
0.078,751.751751751752,-1.74902464348869,0.000559315743145256
0.078,752.752752752753,-1.7901953456632,0.000559088806427494
0.078,753.753753753754,-1.76362471132137,0.000559985806770721
0.078,754.754754754755,-1.7316499174175,0.000559760931933564
0.078,755.755755755756,-1.81341370474366,0.000559285691417506
0.078,756.756756756757,-1.81580605703223,0.000559524800207917
0.078,757.757757757758,-1.83987908309927,0.000559282993553505
0.078,758.758758758759,-1.68208164917976,0.000559716241487802
0.078,759.75975975976,-1.76290530775582,0.000559389751844149
0.078,760.760760760761,-1.72598737499614,0.000559744506659553
0.078,761.761761761762,-1.78563346759244,0.000559335974805439
0.078,762.762762762763,-1.82744794286381,0.000558997451808573
0.078,763.763763763764,-1.76928966571362,0.000559241920501898
0.078,764.764764764765,-1.69854344883101,0.000559256575899131
0.078,765.765765765766,-1.8077117782179,0.000558818581375671
0.078,766.766766766767,-1.78967662112268,0.000558964090547503
0.078,767.767767767768,-1.74678631788687,0.000559225832629735
0.078,768.768768768769,-1.81719244000293,0.000559189692046637
0.078,769.76976976977,-1.79298223153273,0.000558463844061703
0.078,770.770770770771,-1.80562429400956,0.000559975787668365
0.078,771.771771771772,-1.71684499398015,0.00055975268705398
0.078,772.772772772773,-1.83988556185292,0.000558903566587699
0.078,773.773773773774,-1.82917515154776,0.000558914298844212
0.078,774.774774774775,-1.77142971053743,0.000559775709488472
0.078,775.775775775776,-1.76099031716887,0.000559488646410648
0.078,776.776776776777,-1.80744291579304,0.000559750096841431
0.078,777.777777777778,-1.75089297042531,0.000559570206450671
0.078,778.778778778779,-1.75598301623282,0.000559303643192618
0.078,779.77977977978,-1.82665794099199,0.000558570506681745
0.078,780.780780780781,-1.68726948193183,0.000559359754911165
0.078,781.781781781782,-1.72572061565648,0.000559417741573835
0.078,782.782782782783,-1.88169488017347,0.000558876899156116
0.078,783.783783783784,-1.81618888687373,0.000559041240636725
0.078,784.784784784785,-1.80285445764949,0.000559732657482528
0.078,785.785785785786,-1.75676398004994,0.000559788832864016
0.078,786.786786786787,-1.80753602749892,0.00055891985525654
0.078,787.787787787788,-1.82257579014872,0.000559645875554272
0.078,788.788788788789,-1.7113094738691,0.000559381944089361
0.078,789.78978978979,-1.81346107992772,0.000559256413922752
0.078,790.790790790791,-1.81491093676205,0.000559616295425624
0.078,791.791791791792,-1.75584932878261,0.000559735424530058
0.078,792.792792792793,-1.79773733129872,0.000558871996874647
0.078,793.793793793794,-1.82452713742709,0.000559287165707947
0.078,794.794794794795,-1.77012702412047,0.000559832153381928
0.078,795.795795795796,-1.75890431984903,0.000559262883874809
0.078,796.796796796797,-1.82282436818074,0.000559003402766699
0.078,797.797797797798,-1.79873352764376,0.000559326565610514
0.078,798.798798798799,-1.76603869635285,0.000559635338162742
0.078,799.7997997998,-1.81200886412198,0.000559456692018379
0.078,800.800800800801,-1.76116883775036,0.000559052860415732
0.078,801.801801801802,-1.81592954779785,0.000559164477116796
0.078,802.802802802803,-1.75990008113599,0.000560002787451045
0.078,803.803803803804,-1.80574362194583,0.000558643648354794
0.078,804.804804804805,-1.77927217331736,0.00055919448080369
0.078,805.805805805806,-1.7396156294392,0.000559190200939067
0.078,806.806806806807,-1.77960501199139,0.000559759725743981
0.078,807.807807807808,-1.82626462333069,0.000559094391030054
0.078,808.808808808809,-1.71087960359147,0.000559733850634127
0.078,809.80980980981,-1.7703409669855,0.000559893151290019
0.078,810.810810810811,-1.79448127147639,0.000559642895376836
0.078,811.811811811812,-1.82558929387177,0.00055874208988076
0.078,812.812812812813,-1.79649374580503,0.000558410027380477
0.078,813.813813813814,-1.82073410279511,0.000559359098020013
0.078,814.814814814815,-1.80023620872342,0.000559235452018082
0.078,815.815815815816,-1.74428847972192,0.000559865447926114
0.078,816.816816816817,-1.80911793247838,0.000559029243343518
0.078,817.817817817818,-1.85075227917021,0.000559039600552478
0.078,818.818818818819,-1.78328856948099,0.000559325096194633
0.078,819.81981981982,-1.82618854922726,0.000559404494983482
0.078,820.820820820821,-1.69355005824277,0.000559824540727042
0.078,821.821821821822,-1.74822638622141,0.000559543755437854
0.078,822.822822822823,-1.84360549074586,0.000559083132908242
0.078,823.823823823824,-1.83154068245342,0.000558894401531935
0.078,824.824824824825,-1.839105464701,0.000559044586641159
0.078,825.825825825826,-1.80726760243498,0.00055944961409697
0.078,826.826826826827,-1.73465479771911,0.000559431831169606
0.078,827.827827827828,-1.7872831535305,0.000559894832367563
0.078,828.828828828829,-1.83590350742796,0.00055907800862869
0.078,829.82982982983,-1.84191679275343,0.000558685791930489
0.078,830.830830830831,-1.86171150509966,0.000559360599678472
0.078,831.831831831832,-1.81002343581891,0.000559380599004153
0.078,832.832832832833,-1.76915548604028,0.000559797414205774
0.078,833.833833833834,-1.77221741402456,0.000559182787730078
0.078,834.834834834835,-1.79107196100344,0.000559032102714061
0.078,835.835835835836,-1.75627389654683,0.000559627688919283
0.078,836.836836836837,-1.8289209696398,0.000559555246070357
0.078,837.837837837838,-1.78204426881787,0.000558841915136046
0.078,838.838838838839,-1.84250153336519,0.00055869848610974
0.078,839.83983983984,-1.70205836568495,0.000559680070893853
0.078,840.840840840841,-1.83750059565751,0.000559189194077922
0.078,841.841841841842,-1.79860339986002,0.000559049145119249
0.078,842.842842842843,-1.79316190529057,0.000559638490946623
0.078,843.843843843844,-1.78348148698185,0.000559352591303194
0.078,844.844844844845,-1.81787621925149,0.000558799356517903
0.078,845.845845845846,-1.77042901944966,0.00055994753993932
0.078,846.846846846847,-1.73478873432883,0.00056022268465659
0.078,847.847847847848,-1.71988149711996,0.00055997125033295
0.078,848.848848848849,-1.76989391797289,0.000559429622641061
0.078,849.84984984985,-1.82184887762452,0.000559658679499242
0.078,850.850850850851,-1.77417894658799,0.000559476383541957
0.078,851.851851851852,-1.74471569234426,0.000559446512818993
0.078,852.852852852853,-1.80185017807768,0.000560063463990484
0.078,853.853853853854,-1.80341655910379,0.00055913204860005
0.078,854.854854854855,-1.80958634226732,0.000559212676189397
0.078,855.855855855856,-1.83524076445616,0.000558779338222544
0.078,856.856856856857,-1.7357012687635,0.000559184835221918
0.078,857.857857857858,-1.77394824344208,0.000559059004476952
0.078,858.858858858859,-1.75579113914928,0.000559697761204556
0.078,859.85985985986,-1.76620459640561,0.000559379588031933
0.078,860.860860860861,-1.84165043688682,0.00055944479621001
0.078,861.861861861862,-1.6984765141023,0.000559805818242713
0.078,862.862862862863,-1.862419734163,0.000559043518348799
0.078,863.863863863864,-1.83290425122327,0.000559158023021745
0.078,864.864864864865,-1.81955365416692,0.000559528947813364
0.078,865.865865865866,-1.81118701942274,0.000559684865817519
0.078,866.866866866867,-1.84181247117615,0.000559166998498193
0.078,867.867867867868,-1.82303176091602,0.000558822819835889
0.078,868.868868868869,-1.76553387379505,0.000559829325490479
0.078,869.86986986987,-1.75101621750853,0.00055959745248678
0.078,870.870870870871,-1.80307025810265,0.000558951556347822
0.078,871.871871871872,-1.82980275490289,0.000559557522079271
0.078,872.872872872873,-1.80302999987864,0.000559204220117986
0.078,873.873873873874,-1.82862691563056,0.000559598259373462
0.078,874.874874874875,-1.87661317688361,0.000559008578963263
0.078,875.875875875876,-1.81332025517257,0.000558952264921067
0.078,876.876876876877,-1.75359390138907,0.000559920187720002
0.078,877.877877877878,-1.76200323429361,0.000559306985497084
0.078,878.878878878879,-1.78474662146291,0.000558572773646292
0.078,879.87987987988,-1.80085366915845,0.000559241182857475
0.078,880.880880880881,-1.74772228573612,0.000559709503493616
0.078,881.881881881882,-1.74192486431612,0.00055890986217142
0.078,882.882882882883,-1.82874656440157,0.000559063755705758
0.078,883.883883883884,-1.84016260346393,0.000559082424863563
0.078,884.884884884885,-1.85951672456074,0.000558794133572537
0.078,885.885885885886,-1.83412683998051,0.000559341583134778
0.078,886.886886886887,-1.81435249397539,0.000559862404085736
0.078,887.887887887888,-1.77889564153805,0.000559788688917641
0.078,888.888888888889,-1.76658594858195,0.000559448517203269
0.078,889.88988988989,-1.86744140165538,0.000558888409463053
0.078,890.890890890891,-1.85670861500357,0.000558759992616613
0.078,891.891891891892,-1.76593657341111,0.000559815598550306
0.078,892.892892892893,-1.85139343745242,0.000559176660054431
0.078,893.893893893894,-1.84410409649163,0.000558663218307993
0.078,894.894894894895,-1.8468409322281,0.000559286311720085
0.078,895.895895895896,-1.77383465101566,0.00055956157859503
0.078,896.896896896897,-1.81890804158632,0.000560137009664805
0.078,897.897897897898,-1.79363997103885,0.000559456117759846
0.078,898.898898898899,-1.83421542827295,0.000559095263635216
0.078,899.8998998999,-1.8105398295508,0.000559715023141182
0.078,900.900900900901,-1.81374959800005,0.000559823477544161
0.078,901.901901901902,-1.7308637913494,0.000559619272255469
0.078,902.902902902903,-1.78349297598474,0.000558314346441779
0.078,903.903903903904,-1.78694596711757,0.00055965847247722
0.078,904.904904904905,-1.70770219841281,0.000559432009355368
0.078,905.905905905906,-1.82258974784575,0.000558823160409138
0.078,906.906906906907,-1.74653809021811,0.000559711775685103
0.078,907.907907907908,-1.77868909776693,0.000559304569183033
0.078,908.908908908909,-1.81867701365064,0.000559242779423051
0.078,909.90990990991,-1.76645908275593,0.000559485809181184
0.078,910.910910910911,-1.83399224003365,0.000558891548210547
0.078,911.911911911912,-1.79184267937127,0.000559261603157298
0.078,912.912912912913,-1.74296182481229,0.000559445113996154
0.078,913.913913913914,-1.75374354535009,0.000559775607886175
0.078,914.914914914915,-1.78520740910964,0.000558977983633859
0.078,915.915915915916,-1.78955830605865,0.0005598372135287
0.078,916.916916916917,-1.79714252804506,0.000559447477042411
0.078,917.917917917918,-1.83256510583982,0.000559427083464579
0.078,918.918918918919,-1.69327886407357,0.000558856683059291
0.078,919.91991991992,-1.83291009489203,0.000558357612576033
0.078,920.920920920921,-1.84316021714807,0.000559596529374118
0.078,921.921921921922,-1.79133551531205,0.000559782959957597
0.078,922.922922922923,-1.76694205378407,0.000559360098185978
0.078,923.923923923924,-1.87457974459492,0.000559303384136125
0.078,924.924924924925,-1.76856474835917,0.000560044101646602
0.078,925.925925925926,-1.82760086666195,0.00055883747053475
0.078,926.926926926927,-1.81135978947969,0.00055846180543804
0.078,927.927927927928,-1.7967316462547,0.000559213829815941
0.078,928.928928928929,-1.71054238902607,0.000560557050475074
0.078,929.92992992993,-1.80035218229427,0.000559051417486924
0.078,930.930930930931,-1.78367750119177,0.000559161368791261
0.078,931.931931931932,-1.75288823674588,0.000559163316501423
0.078,932.932932932933,-1.74938057883466,0.000559178633311991
0.078,933.933933933934,-1.79585310714499,0.000559007246974767
0.078,934.934934934935,-1.75929931634534,0.000559694115855088
0.078,935.935935935936,-1.79251551018206,0.000558748224310318
0.078,936.936936936937,-1.82851386965298,0.000558802344565112
0.078,937.937937937938,-1.79584672221714,0.00055934757197353
0.078,938.938938938939,-1.72822583601318,0.000559757724942214
0.078,939.93993993994,-1.8259864037474,0.000559207512619708
0.078,940.940940940941,-1.83516168376967,0.000559110768909236
0.078,941.941941941942,-1.80474930581623,0.000559130656413662
0.078,942.942942942943,-1.72412243333487,0.000559982067571269
0.078,943.943943943944,-1.80214628098946,0.000559182551167042
0.078,944.944944944945,-1.87894892088214,0.000558953810098198
0.078,945.945945945946,-1.8302979670505,0.000559189555441468
0.078,946.946946946947,-1.8262922201145,0.00055962310912233
0.078,947.947947947948,-1.727537108672,0.000559005373263966
0.078,948.948948948949,-1.820846900585,0.000559635407757379
0.078,949.94994994995,-1.84288713367423,0.000559354947536812
0.078,950.950950950951,-1.741346297796,0.000560168880132402
0.078,951.951951951952,-1.76935388743601,0.00055954412525847
0.078,952.952952952953,-1.85340365972833,0.000559404241682495
0.078,953.953953953954,-1.82620442920323,0.000558587627256099
0.078,954.954954954955,-1.79343474440964,0.000559475824435675
0.078,955.955955955956,-1.7548721878872,0.000559595373398387
0.078,956.956956956957,-1.78506249922918,0.000559536152355902
0.078,957.957957957958,-1.81736208232057,0.000558598179564961
0.078,958.958958958959,-1.80008482189956,0.000559457014444165
0.078,959.95995995996,-1.75385850984724,0.000560135887164976
0.078,960.960960960961,-1.79971465863977,0.000559358016043643
0.078,961.961961961962,-1.76707897624579,0.000558931370966604
0.078,962.962962962963,-1.79971412385954,0.000558986228807092
0.078,963.963963963964,-1.76754783315145,0.000558929821972046
0.078,964.964964964965,-1.81636276124366,0.000559803657696294
0.078,965.965965965966,-1.71310535562585,0.00055984791771244
0.078,966.966966966967,-1.82695642529158,0.000558955652506095
0.078,967.967967967968,-1.84594466838955,0.000558605374299646
0.078,968.968968968969,-1.7956360116693,0.000559843347253502
0.078,969.96996996997,-1.8120319917522,0.000559667571520855
0.078,970.970970970971,-1.77145895505187,0.000559260520358714
0.078,971.971971971972,-1.87476710428045,0.000558748893769615
0.078,972.972972972973,-1.7913717079961,0.000559177687353495
0.078,973.973973973974,-1.74645999316863,0.000559797437227797
0.078,974.974974974975,-1.75772655987628,0.000559642459191715
0.078,975.975975975976,-1.78682123018288,0.000559755135434421
0.078,976.976976976977,-1.78997590679519,0.00055917028354125
0.078,977.977977977978,-1.76653581883457,0.000559698364064429
0.078,978.978978978979,-1.77113140249955,0.000560260056213183
0.078,979.97997997998,-1.72056574747431,0.00055963818978097
0.078,980.980980980981,-1.82532681352113,0.000559000807973237
0.078,981.981981981982,-1.89103212840567,0.000559385924315302
0.078,982.982982982983,-1.75787590794921,0.000559668968170697
0.078,983.983983983984,-1.75160345334428,0.000559533601785867
0.078,984.984984984985,-1.78936026550848,0.000558797910300235
0.078,985.985985985986,-1.85566689383931,0.000558717566257646
0.078,986.986986986987,-1.79768885969695,0.000559307022379306
0.078,987.987987987988,-1.70340081669114,0.000559956125039775
0.078,988.988988988989,-1.78881787685621,0.000559415333481935
0.078,989.98998998999,-1.75053422262548,0.000559137546400186
0.078,990.990990990991,-1.82085420328149,0.000558933178371629
0.078,991.991991991992,-1.78625203368188,0.000559909196994292
0.078,992.992992992993,-1.73381415737892,0.000559632004550264
0.078,993.993993993994,-1.79061530289132,0.000559375945207839
0.078,994.994994994995,-1.81753953835319,0.000559387771245382
0.078,995.995995995996,-1.87808544873369,0.000559359186936705
0.078,996.996996996997,-1.84184815525775,0.000559395552219449
0.078,997.997997997998,-1.75284878503912,0.000559799150900298
0.078,998.998998998999,-1.80377964713156,0.000559169377401457
0.078,1000.0,-1.77147500441244,0.000559696527470767
0.089,0.0,-1.75748107018917,0.000613855337458917
0.089,1.001001001001,-1.8602218391346,0.000637396448565056
0.089,2.002002002002,-1.81713444346519,0.00063846469147532
0.089,3.003003003003,-1.7957933452918,0.000638002899931994
0.089,4.004004004004,-1.73818669016808,0.000638894437243039
0.089,5.00500500500501,-1.81987493644831,0.000638046823427237
0.089,6.00600600600601,-1.77619306591114,0.000638130297525332
0.089,7.00700700700701,-1.77250787235462,0.000638693413515757
0.089,8.00800800800801,-1.80962433761308,0.000638515207080294
0.089,9.00900900900901,-1.7989713545137,0.000637425477222277
0.089,10.01001001001,-1.78859497501215,0.000638226177851197
0.089,11.011011011011,-1.75798374222872,0.000638544132490787
0.089,12.012012012012,-1.81728380455822,0.000637406023318869
0.089,13.013013013013,-1.84138432463218,0.000637503450759943
0.089,14.014014014014,-1.69821156880634,0.000638850726466593
0.089,15.015015015015,-1.74194959203165,0.000638497606508498
0.089,16.016016016016,-1.82682783706212,0.000637497411296232
0.089,17.017017017017,-1.78948451223341,0.000637852921668602
0.089,18.018018018018,-1.75341862593975,0.000638522856030104
0.089,19.019019019019,-1.85119165265809,0.000637710680978065
0.089,20.02002002002,-1.8276777628016,0.000637328200657677
0.089,21.021021021021,-1.83859376550313,0.000638270304551034
0.089,22.022022022022,-1.74335704438236,0.000638742053413122
0.089,23.023023023023,-1.77592717193846,0.000638558631490959
0.089,24.024024024024,-1.85578985882988,0.000637660655002195
0.089,25.025025025025,-1.80702487385079,0.000637964786972281
0.089,26.026026026026,-1.80690763708086,0.000638219403033519
0.089,27.027027027027,-1.75642809773556,0.000638666757477727
0.089,28.028028028028,-1.8146569054922,0.000638011534071708
0.089,29.029029029029,-1.84909822721384,0.000638479331485384
0.089,30.03003003003,-1.75497614132546,0.000638338591337442
0.089,31.031031031031,-1.76756992552572,0.000638339556676724
0.089,32.032032032032,-1.80162712799103,0.000637760085183115
0.089,33.033033033033,-1.76614578598496,0.000638460489075107
0.089,34.034034034034,-1.8357444753292,0.000637530069269726
0.089,35.035035035035,-1.82896851434347,0.000638133118721601
0.089,36.036036036036,-1.70771103845596,0.000638354052857872
0.089,37.037037037037,-1.82117850118395,0.000638332674677432
0.089,38.038038038038,-1.81530670896729,0.000637564927667072
0.089,39.039039039039,-1.84470684981044,0.000637702064046139
0.089,40.04004004004,-1.83603821106246,0.000638381188012399
0.089,41.041041041041,-1.7193635206503,0.000638698860690932
0.089,42.042042042042,-1.79692561116589,0.000637815311552165
0.089,43.043043043043,-1.79578499369341,0.000637817313763444
0.089,44.044044044044,-1.76666883345025,0.000638556466833464
0.089,45.0450450450451,-1.75056724904837,0.000638182098722378
0.089,46.0460460460461,-1.80114094977835,0.000638502813773047
0.089,47.0470470470471,-1.84862234836866,0.000637951063262239
0.089,48.0480480480481,-1.86843456808195,0.000637867094895397
0.089,49.0490490490491,-1.80301682001867,0.000637765256798766
0.089,50.0500500500501,-1.74373602796234,0.000638665005278574
0.089,51.0510510510511,-1.8333227792167,0.000638368165828044
0.089,52.0520520520521,-1.85144391783622,0.000637689911236815
0.089,53.0530530530531,-1.89098032302561,0.000637700261163297
0.089,54.0540540540541,-1.80950608502783,0.000638518404205062
0.089,55.0550550550551,-1.72882923566733,0.000638435153573291
0.089,56.0560560560561,-1.803263724076,0.000638048457403601
0.089,57.0570570570571,-1.82491988821377,0.000637696423356761
0.089,58.0580580580581,-1.77190713775545,0.000638234929978781
0.089,59.0590590590591,-1.78001430103151,0.000638261645862326
0.089,60.0600600600601,-1.77763252493729,0.000638520036771914
0.089,61.0610610610611,-1.77637696657886,0.000638053228894136
0.089,62.0620620620621,-1.85312359781469,0.000638135647737853
0.089,63.0630630630631,-1.78816156789363,0.000638442118909958
0.089,64.0640640640641,-1.74859219069937,0.000638311287922464
0.089,65.0650650650651,-1.80427826737906,0.000638114481336537
0.089,66.0660660660661,-1.8213391566728,0.00063733446558452
0.089,67.0670670670671,-1.77288066514084,0.000638157503742737
0.089,68.0680680680681,-1.76321808708392,0.000638600856700869
0.089,69.0690690690691,-1.84396180234949,0.000637807716398715
0.089,70.0700700700701,-1.7815195828654,0.000638138810681964
0.089,71.0710710710711,-1.76750323605586,0.000638339976535002
0.089,72.0720720720721,-1.71666825861256,0.00063870350197783
0.089,73.0730730730731,-1.79578066188028,0.00063811565199468
0.089,74.0740740740741,-1.8028323332065,0.000637679483493544
0.089,75.0750750750751,-1.83579860663221,0.000637820553056101
0.089,76.0760760760761,-1.76494662863278,0.000638636330408774
0.089,77.0770770770771,-1.74636926772337,0.000638211152163511
0.089,78.0780780780781,-1.84659492323857,0.000637768706989602
0.089,79.0790790790791,-1.7897267938313,0.000638145113548162
0.089,80.0800800800801,-1.70305669844566,0.000638849280131466
0.089,81.0810810810811,-1.72701861531619,0.000638829789404566
0.089,82.0820820820821,-1.79870125546132,0.000637987201261232
0.089,83.0830830830831,-1.81457502675859,0.000637374602191835
0.089,84.0840840840841,-1.79594983365863,0.000637538479062171
0.089,85.0850850850851,-1.7571846153993,0.000638570856009187
0.089,86.0860860860861,-1.76008418196766,0.000638112713397838
0.089,87.0870870870871,-1.82323870769574,0.000638364547141838
0.089,88.0880880880881,-1.74613090862125,0.000638386989444832
0.089,89.0890890890891,-1.76051584943109,0.00063833410580158
0.089,90.0900900900901,-1.77134705936127,0.000638269418907889
0.089,91.0910910910911,-1.81477415418093,0.000638033983833368
0.089,92.0920920920921,-1.84571466740774,0.00063731355600797
0.089,93.0930930930931,-1.77836798698232,0.000638274960755264
0.089,94.0940940940941,-1.80002553593788,0.000638594217724876
0.089,95.0950950950951,-1.78184419784532,0.000637917936097559
0.089,96.0960960960961,-1.72081681195938,0.000638473076366393
0.089,97.0970970970971,-1.75514273154653,0.000638105095809662
0.089,98.0980980980981,-1.71770103453222,0.000638121581281565
0.089,99.0990990990991,-1.83715424873221,0.000637879019774943
0.089,100.1001001001,-1.83053149762907,0.00063828883868937
0.089,101.101101101101,-1.79058438014861,0.000638684538232093
0.089,102.102102102102,-1.81325530924145,0.000638360582479254
0.089,103.103103103103,-1.82567282500313,0.000637820530386456
0.089,104.104104104104,-1.80632376188236,0.000638171028829098
0.089,105.105105105105,-1.76534105322531,0.000638344011790627
0.089,106.106106106106,-1.76002045797313,0.000638509146356449
0.089,107.107107107107,-1.84040617668103,0.000637749511320471
0.089,108.108108108108,-1.81151331506099,0.00063842250314763
0.089,109.109109109109,-1.77778314486278,0.000638755618964212
0.089,110.11011011011,-1.77346978018765,0.000638712666387568
0.089,111.111111111111,-1.79417297481194,0.000637569325813213
0.089,112.112112112112,-1.81589607705763,0.000638453393828451
0.089,113.113113113113,-1.73594742289892,0.00063842076745151
0.089,114.114114114114,-1.80727607264349,0.000637803774934345
0.089,115.115115115115,-1.88634958359709,0.00063809108221006
0.089,116.116116116116,-1.74267453678132,0.000638175810303674
0.089,117.117117117117,-1.80052248124979,0.000638529404679894
0.089,118.118118118118,-1.88278597273478,0.000637951920656421
0.089,119.119119119119,-1.79528354411274,0.000637834724755925
0.089,120.12012012012,-1.77326509639762,0.000638995762394893
0.089,121.121121121121,-1.79877578005852,0.000638225337253695
0.089,122.122122122122,-1.72321900057839,0.000638117309286715
0.089,123.123123123123,-1.83221041095054,0.000637607811764943
0.089,124.124124124124,-1.77939559392557,0.000638237118950351
0.089,125.125125125125,-1.81090736483731,0.000637893624958324
0.089,126.126126126126,-1.78488372359266,0.000637456088349957
0.089,127.127127127127,-1.81999565352721,0.000637670164624824
0.089,128.128128128128,-1.77426045947144,0.000638268835546261
0.089,129.129129129129,-1.74077745903017,0.000639024304065844
0.089,130.13013013013,-1.77759198400054,0.000638457765076412
0.089,131.131131131131,-1.82821994753832,0.000637590103600425
0.089,132.132132132132,-1.79071231359288,0.000638060792627222
0.089,133.133133133133,-1.85941088505557,0.000637608003928362
0.089,134.134134134134,-1.78737553148905,0.000637945489172286
0.089,135.135135135135,-1.75824452664139,0.000638521618361429
0.089,136.136136136136,-1.80213523028116,0.00063738098992238
0.089,137.137137137137,-1.84557243976262,0.00063810636507489
0.089,138.138138138138,-1.79954457501829,0.000639184321986969
0.089,139.139139139139,-1.87269940707358,0.000637970254291727
0.089,140.14014014014,-1.79370307495006,0.000637877172962322
0.089,141.141141141141,-1.80085417229325,0.000638895662989595
0.089,142.142142142142,-1.83210634071134,0.000637394132619979
0.089,143.143143143143,-1.84430574828033,0.000638385681829142
0.089,144.144144144144,-1.75002603168863,0.000638195513749371
0.089,145.145145145145,-1.83585539445368,0.000637630670931004
0.089,146.146146146146,-1.8237795304556,0.000638278346226024
0.089,147.147147147147,-1.78436681149105,0.000638683661222208
0.089,148.148148148148,-1.80941626619746,0.000638646043353457
0.089,149.149149149149,-1.82405890647593,0.000638135772597092
0.089,150.15015015015,-1.738631835263,0.000638575948809646
0.089,151.151151151151,-1.84553810698376,0.000638289995604775
0.089,152.152152152152,-1.84529970424425,0.000637433761215809
0.089,153.153153153153,-1.81886626109533,0.000638029986693288
0.089,154.154154154154,-1.72463521984062,0.000638803969500585
0.089,155.155155155155,-1.77385704099907,0.000637546725938563
0.089,156.156156156156,-1.84623573891971,0.000637526266289873
0.089,157.157157157157,-1.82606461150429,0.000637829613984193
0.089,158.158158158158,-1.74599590611208,0.000638653453097396
0.089,159.159159159159,-1.82026896882197,0.000638224249051983
0.089,160.16016016016,-1.78607517385003,0.000638257774638618
0.089,161.161161161161,-1.79312879965113,0.000637408565666752
0.089,162.162162162162,-1.78832912005743,0.000638345250457706
0.089,163.163163163163,-1.76836318009421,0.000638795043063395
0.089,164.164164164164,-1.7767810917811,0.00063816287051702
0.089,165.165165165165,-1.78942898216906,0.000637412922760866
0.089,166.166166166166,-1.8202430964166,0.000638245762839187
0.089,167.167167167167,-1.76159128270875,0.000638484110140937
0.089,168.168168168168,-1.81476570039114,0.000637740688776035
0.089,169.169169169169,-1.80586269825817,0.000637504674568421
0.089,170.17017017017,-1.77481962101257,0.00063832086367468
0.089,171.171171171171,-1.78075696994874,0.000637954380136766
0.089,172.172172172172,-1.79949499139034,0.000638204575382219
0.089,173.173173173173,-1.74997350966093,0.000638817915208709
0.089,174.174174174174,-1.7545103104536,0.000637899257660469
0.089,175.175175175175,-1.7939470008449,0.000637399540093911
0.089,176.176176176176,-1.7847772355444,0.000638518794346137
0.089,177.177177177177,-1.80700978272736,0.000637924374159415
0.089,178.178178178178,-1.84135330900289,0.000638214560597565
0.089,179.179179179179,-1.76368307778568,0.000638116195596334
0.089,180.18018018018,-1.75464396378915,0.000638413953050047
0.089,181.181181181181,-1.83798997180035,0.000637900950425214
0.089,182.182182182182,-1.83442525936687,0.000637836913610036
0.089,183.183183183183,-1.78329117625558,0.000638074285353544
0.089,184.184184184184,-1.76233673746995,0.000638650600010927
0.089,185.185185185185,-1.79124026113597,0.000638186206978959
0.089,186.186186186186,-1.8218207576399,0.000638182797781419
0.089,187.187187187187,-1.73504052629982,0.000638999817148762
0.089,188.188188188188,-1.76154125975062,0.00063840377079672
0.089,189.189189189189,-1.80399694113724,0.000638191433917941
0.089,190.19019019019,-1.83338565631127,0.000637688057141717
0.089,191.191191191191,-1.79149512542491,0.000638575747132022
0.089,192.192192192192,-1.76589169734293,0.000638921066676536
0.089,193.193193193193,-1.72378364334486,0.000638108600853992
0.089,194.194194194194,-1.82798134190643,0.000637976372100793
0.089,195.195195195195,-1.80135028697122,0.000637984473973676
0.089,196.196196196196,-1.77159804666032,0.000638621663735448
0.089,197.197197197197,-1.85545969511064,0.000637982924861658
0.089,198.198198198198,-1.78283571615657,0.00063801116965422
0.089,199.199199199199,-1.73954693729949,0.000638373970784256
0.089,200.2002002002,-1.78345385334809,0.00063827792225667
0.089,201.201201201201,-1.77903063577376,0.000637923491335294
0.089,202.202202202202,-1.80467717936304,0.000638559116891528
0.089,203.203203203203,-1.73453846741362,0.000638239433603376
0.089,204.204204204204,-1.7636805057033,0.00063799592055894
0.089,205.205205205205,-1.76596224861286,0.00063761112858074
0.089,206.206206206206,-1.73114582926988,0.000638625632391647
0.089,207.207207207207,-1.81919899944181,0.000637642770061426
0.089,208.208208208208,-1.81507649293007,0.000637770320234399
0.089,209.209209209209,-1.76725704955952,0.000638552262260254
0.089,210.21021021021,-1.73810311748656,0.000638611574920996
0.089,211.211211211211,-1.75706395702358,0.000638229703098528
0.089,212.212212212212,-1.77777786000024,0.000637945511783202
0.089,213.213213213213,-1.86586945402158,0.000637704186242095
0.089,214.214214214214,-1.72905345193428,0.000638434427204961
0.089,215.215215215215,-1.76861729590265,0.000638186550958528
0.089,216.216216216216,-1.81882073785644,0.000638057454081453
0.089,217.217217217217,-1.76730855848203,0.000638393067259006
0.089,218.218218218218,-1.79548185152566,0.000638287659867806
0.089,219.219219219219,-1.82876305901133,0.000637657976166601
0.089,220.22022022022,-1.77634279455602,0.00063803777682918
0.089,221.221221221221,-1.79790069015736,0.000638092557322717
0.089,222.222222222222,-1.81625910318525,0.000638080813330497
0.089,223.223223223223,-1.82640268358355,0.000637937036624654
0.089,224.224224224224,-1.72856993003205,0.000638791566091838
0.089,225.225225225225,-1.78849351973683,0.000638504142296494
0.089,226.226226226226,-1.82152418147731,0.00063776739449935
0.089,227.227227227227,-1.77141663346764,0.000638725214329987
0.089,228.228228228228,-1.76776001101332,0.000638529660917363
0.089,229.229229229229,-1.7882091816465,0.000637805544811122
0.089,230.23023023023,-1.84101048372545,0.000638091640787775
0.089,231.231231231231,-1.8082926170608,0.000638260708419628
0.089,232.232232232232,-1.75737856917681,0.000639185574103139
0.089,233.233233233233,-1.77855905628934,0.000637962107784309
0.089,234.234234234234,-1.82205086173504,0.000638060310632972
0.089,235.235235235235,-1.79363738186831,0.000638749031494123
0.089,236.236236236236,-1.7440799815421,0.000638787943764393
0.089,237.237237237237,-1.83448723105279,0.000637776760821629
0.089,238.238238238238,-1.74388651665852,0.00063877967339614
0.089,239.239239239239,-1.81955742861753,0.000638074440987121
0.089,240.24024024024,-1.79364525325339,0.000637431131125826
0.089,241.241241241241,-1.78498890660061,0.000638054493402262
0.089,242.242242242242,-1.80046269364051,0.000638092465117164
0.089,243.243243243243,-1.7494790290966,0.00063858062445339
0.089,244.244244244244,-1.80679604156342,0.000637918024485685
0.089,245.245245245245,-1.86431609369595,0.000637702141158171
0.089,246.246246246246,-1.77811154441651,0.000638659331583133
0.089,247.247247247247,-1.77623104243618,0.000638029912341549
0.089,248.248248248248,-1.78188105750632,0.000638424956402632
0.089,249.249249249249,-1.72202919096463,0.000638166817913086
0.089,250.25025025025,-1.78127318347852,0.000637379253697693
0.089,251.251251251251,-1.82183850242398,0.000637431487556081
0.089,252.252252252252,-1.83802300559531,0.000638323985684224
0.089,253.253253253253,-1.74385311322054,0.000638649304845923
0.089,254.254254254254,-1.71775733906936,0.00063817720119801
0.089,255.255255255255,-1.8232222592107,0.000637530375662317
0.089,256.256256256256,-1.88440000011086,0.000638216423737029
0.089,257.257257257257,-1.77739602506613,0.000638608188451832
0.089,258.258258258258,-1.72872736392243,0.000638153586240064
0.089,259.259259259259,-1.74180967296758,0.000637955061341994
0.089,260.26026026026,-1.81667258686987,0.000638321011555943
0.089,261.261261261261,-1.87434392769269,0.000637633548860116
0.089,262.262262262262,-1.81404650877638,0.000637707875403883
0.089,263.263263263263,-1.76807319951615,0.000638497492396785
0.089,264.264264264264,-1.75906478709932,0.000638745835602678
0.089,265.265265265265,-1.79720656925183,0.000637850288231029
0.089,266.266266266266,-1.7524220507898,0.000637980908026696
0.089,267.267267267267,-1.76373829299994,0.000638879564311176
0.089,268.268268268268,-1.81859550640388,0.000638015805772909
0.089,269.269269269269,-1.87292965246332,0.000637943867646608
0.089,270.27027027027,-1.85414227831965,0.00063802810059053
0.089,271.271271271271,-1.80125422630521,0.000638402560965899
0.089,272.272272272272,-1.73218311866671,0.000638522062886161
0.089,273.273273273273,-1.84714323912129,0.000637730815029567
0.089,274.274274274274,-1.79998187691446,0.00063794287147426
0.089,275.275275275275,-1.73087882854716,0.000638120761885467
0.089,276.276276276276,-1.7623635404127,0.000637907115100542
0.089,277.277277277277,-1.79989871510544,0.000637757148935459
0.089,278.278278278278,-1.8247633403023,0.000637788012953018
0.089,279.279279279279,-1.79256042094498,0.000638033482105956
0.089,280.28028028028,-1.73901173137146,0.000638312257783929
0.089,281.281281281281,-1.82859176310553,0.0006374862507831
0.089,282.282282282282,-1.74701196462018,0.000638636373105231
0.089,283.283283283283,-1.75003565828718,0.000638636534141935
0.089,284.284284284284,-1.79603661085081,0.000638899875961145
0.089,285.285285285285,-1.7986631420851,0.000638033101479084
0.089,286.286286286286,-1.81021138354958,0.000637641458217201
0.089,287.287287287287,-1.88208719148851,0.000637702601598639
0.089,288.288288288288,-1.70843440286333,0.000638487856975243
0.089,289.289289289289,-1.78516380420112,0.000638258185100152
0.089,290.29029029029,-1.8256111579139,0.000637969429962339
0.089,291.291291291291,-1.85651687400992,0.000637716818872672
0.089,292.292292292292,-1.82270078958263,0.000638193627940262
0.089,293.293293293293,-1.77763972652274,0.000638638496358321
0.089,294.294294294294,-1.82838324142438,0.000638135224473255
0.089,295.295295295295,-1.83329854286615,0.000638252113922429
0.089,296.296296296296,-1.77050547031328,0.000638680193647395
0.089,297.297297297297,-1.73814875416552,0.000639255711519595
0.089,298.298298298298,-1.7691501606787,0.000638408063992973
0.089,299.299299299299,-1.7982861018815,0.000638089217778544
0.089,300.3003003003,-1.81198971034774,0.000638025391509166
0.089,301.301301301301,-1.75706429521773,0.000638286935496284
0.089,302.302302302302,-1.79773499382514,0.000637458602272689
0.089,303.303303303303,-1.87723750937422,0.000637966368855443
0.089,304.304304304304,-1.79369371434446,0.000637650635312543
0.089,305.305305305305,-1.72340050370529,0.00063887850195051
0.089,306.306306306306,-1.75907709097578,0.000638315661989448
0.089,307.307307307307,-1.77395480722705,0.000638425009494237
0.089,308.308308308308,-1.84490602761092,0.000638041055353245
0.089,309.309309309309,-1.79909045724669,0.00063878307760166
0.089,310.31031031031,-1.76251261192979,0.000638050330233457
0.089,311.311311311311,-1.82392347554831,0.000637854218301848
0.089,312.312312312312,-1.74642388193052,0.000638987161613621
0.089,313.313313313313,-1.80463549185379,0.000638516695289663
0.089,314.314314314314,-1.83872382878925,0.000637998293060672
0.089,315.315315315315,-1.76454641308114,0.000638124193165356
0.089,316.316316316316,-1.7657865265901,0.000638038344921099
0.089,317.317317317317,-1.78043779214909,0.000638707293270483
0.089,318.318318318318,-1.87093195154253,0.000637740372281943
0.089,319.319319319319,-1.81797237441006,0.000638085312961475
0.089,320.32032032032,-1.71087110508866,0.000638401171069967
0.089,321.321321321321,-1.72970929685305,0.000638619515815904
0.089,322.322322322322,-1.79024857882463,0.000638411555940592
0.089,323.323323323323,-1.81544318434179,0.000637386932952003
0.089,324.324324324324,-1.84561350906655,0.000637773657840493
0.089,325.325325325325,-1.75597146777132,0.000638003981967093
0.089,326.326326326326,-1.7490778417011,0.000638384241778087
0.089,327.327327327327,-1.74563499759734,0.000638378267269371
0.089,328.328328328328,-1.78736442099006,0.000638117128634308
0.089,329.329329329329,-1.78557402994327,0.000637601796497848
0.089,330.33033033033,-1.82603071270397,0.000637936443278985
0.089,331.331331331331,-1.75539611189987,0.000638628128871673
0.089,332.332332332332,-1.80780365238383,0.000638102692005026
0.089,333.333333333333,-1.7928255606505,0.000638225904640858
0.089,334.334334334334,-1.79604216560828,0.000638988217337837
0.089,335.335335335335,-1.8753205268693,0.000637255824466906
0.089,336.336336336336,-1.84062710071214,0.000637778592364541
0.089,337.337337337337,-1.80163583880379,0.000638708941870529
0.089,338.338338338338,-1.79830116508638,0.000638426030450498
0.089,339.339339339339,-1.81215363212057,0.00063795011941801
0.089,340.34034034034,-1.85514878340539,0.000637860730363064
0.089,341.341341341341,-1.75505313176083,0.000638520012516568
0.089,342.342342342342,-1.78422191122501,0.000637957704587418
0.089,343.343343343343,-1.82700495612597,0.000637418446695697
0.089,344.344344344344,-1.75377900822489,0.000638514718097216
0.089,345.345345345345,-1.76984933584695,0.000638450990082545
0.089,346.346346346346,-1.87594970868951,0.000637198538860085
0.089,347.347347347347,-1.80388631271416,0.000638333747433247
0.089,348.348348348348,-1.72113443426724,0.000638118524520664
0.089,349.349349349349,-1.7632719312027,0.000637538536852148
0.089,350.35035035035,-1.80081458177624,0.000638493345026256
0.089,351.351351351351,-1.83444400212569,0.000639252002507185
0.089,352.352352352352,-1.75258027883752,0.000638348673867821
0.089,353.353353353353,-1.80669193993052,0.000637586551866021
0.089,354.354354354354,-1.8083941605316,0.000637724937953342
0.089,355.355355355355,-1.79579930124417,0.000637940574205212
0.089,356.356356356356,-1.71848465113374,0.000638274352727182
0.089,357.357357357357,-1.77875755338891,0.000638504516815481
0.089,358.358358358358,-1.81859115751582,0.000638290827745207
0.089,359.359359359359,-1.842837192303,0.000637799361635954
0.089,360.36036036036,-1.69685379257522,0.000638712208766123
0.089,361.361361361361,-1.83033429680269,0.000638020737889041
0.089,362.362362362362,-1.73807919657746,0.000638421690564172
0.089,363.363363363363,-1.76951652491028,0.000638510656295789
0.089,364.364364364364,-1.78495712247122,0.000637742886204675
0.089,365.365365365365,-1.79360236778697,0.000637955077316459
0.089,366.366366366366,-1.81552844866666,0.00063777922276862
0.089,367.367367367367,-1.784680360216,0.000637886711303751
0.089,368.368368368368,-1.73822944066381,0.000638866165845944
0.089,369.369369369369,-1.8469049753653,0.000637934658484876
0.089,370.37037037037,-1.82037380219101,0.000637831086865122
0.089,371.371371371371,-1.80251919411872,0.0006385171540857
0.089,372.372372372372,-1.74762818699654,0.000638349223988467
0.089,373.373373373373,-1.79506776358988,0.000638633114725437
0.089,374.374374374374,-1.84884518706263,0.000638403070974193
0.089,375.375375375375,-1.73047038410149,0.000638139328442571
0.089,376.376376376376,-1.82722058101422,0.000637829595190704
0.089,377.377377377377,-1.78561311152595,0.00063819151842991
0.089,378.378378378378,-1.76718658874034,0.000637771008604644
0.089,379.379379379379,-1.78030070511211,0.000638742875510783
0.089,380.38038038038,-1.83166288269095,0.000637972672308938
0.089,381.381381381381,-1.86053782927883,0.00063815628985957
0.089,382.382382382382,-1.79819766151516,0.000638391301023467
0.089,383.383383383383,-1.85161672146308,0.000638295795980075
0.089,384.384384384384,-1.82083156552987,0.000637451416288721
0.089,385.385385385385,-1.73851207252715,0.000638277207046974
0.089,386.386386386386,-1.85294568000254,0.000637907602086812
0.089,387.387387387387,-1.79356320125028,0.000637753497419377
0.089,388.388388388388,-1.79262666561407,0.0006384550285683
0.089,389.389389389389,-1.70866627956014,0.00063880078535507
0.089,390.39039039039,-1.8406999810738,0.000637748577695201
0.089,391.391391391391,-1.79840099129823,0.00063871840233644
0.089,392.392392392392,-1.7866033342474,0.000639057087016036
0.089,393.393393393393,-1.79437157727131,0.000638388755327993
0.089,394.394394394394,-1.82353242421418,0.000637881631893652
0.089,395.395395395395,-1.83770604292538,0.000638230868118624
0.089,396.396396396396,-1.74481987697439,0.000638611740186236
0.089,397.397397397397,-1.86220252761183,0.000637622814430605
0.089,398.398398398398,-1.81615448273641,0.000637872176948329
0.089,399.399399399399,-1.78296793996878,0.000638128293317245
0.089,400.4004004004,-1.74886818719237,0.000638387120529414
0.089,401.401401401401,-1.80230868155617,0.000637730489726028
0.089,402.402402402402,-1.82237273172531,0.000638158236747517
0.089,403.403403403403,-1.83026946274539,0.000638811988094821
0.089,404.404404404404,-1.70314907959354,0.000638723362760264
0.089,405.405405405405,-1.80297871383471,0.000638338902369677
0.089,406.406406406406,-1.79894570703629,0.000638140166044861
0.089,407.407407407407,-1.77045576596929,0.000638574922685175
0.089,408.408408408408,-1.75305531647213,0.000639130403644717
0.089,409.409409409409,-1.76457886852777,0.000638372658470194
0.089,410.41041041041,-1.82022292048585,0.000638102196972794
0.089,411.411411411411,-1.85002862758563,0.000638357222203515
0.089,412.412412412412,-1.83006829804141,0.000638653355782364
0.089,413.413413413413,-1.75966877204366,0.000638430624929864
0.089,414.414414414414,-1.80586404888856,0.000637462860407341
0.089,415.415415415415,-1.84368957859904,0.000637414609241539
0.089,416.416416416416,-1.8060165558659,0.000638339864889935
0.089,417.417417417417,-1.75791443678667,0.000637540178287177
0.089,418.418418418418,-1.8688759230811,0.000637764692230626
0.089,419.419419419419,-1.86162391766237,0.00063829897002409
0.089,420.42042042042,-1.76651537587929,0.000638386846320672
0.089,421.421421421421,-1.76689738363083,0.000638930764938806
0.089,422.422422422422,-1.84035355214484,0.000638264505820164
0.089,423.423423423423,-1.82164266803942,0.000638097658697704
0.089,424.424424424424,-1.78489835124874,0.000638536544796004
0.089,425.425425425425,-1.79811568705057,0.000637996548320185
0.089,426.426426426426,-1.8171205872225,0.000638064135577714
0.089,427.427427427427,-1.79547880737649,0.000638333422893192
0.089,428.428428428428,-1.78145679064199,0.000638647793027234
0.089,429.429429429429,-1.72529231097968,0.000637904939636792
0.089,430.43043043043,-1.82135099589523,0.000638400277145942
0.089,431.431431431431,-1.75563380095222,0.000637868942354044
0.089,432.432432432432,-1.75558088124941,0.000638205816985781
0.089,433.433433433433,-1.80478725528975,0.00063783245056763
0.089,434.434434434434,-1.82547764490839,0.000637821888568376
0.089,435.435435435435,-1.71685003770163,0.000638559558538507
0.089,436.436436436436,-1.80656155926999,0.000638257800127287
0.089,437.437437437437,-1.81757876718531,0.000637991633176922
0.089,438.438438438438,-1.78834329332149,0.000638006668731189
0.089,439.439439439439,-1.80065280626034,0.000638557810156782
0.089,440.44044044044,-1.87263369826652,0.0006380680661771
0.089,441.441441441441,-1.76221609220867,0.000638969210719454
0.089,442.442442442442,-1.84383967647096,0.000637662489892696
0.089,443.443443443443,-1.80306959892191,0.000637880119781315
0.089,444.444444444444,-1.8310110598666,0.000638047851548516
0.089,445.445445445446,-1.80947222842892,0.000638731613160435
0.089,446.446446446446,-1.76933285168652,0.000638028101295286
0.089,447.447447447447,-1.82697175931283,0.000637792447335354
0.089,448.448448448449,-1.7941212922094,0.000637616056996905
0.089,449.44944944945,-1.8253976135547,0.000638312085471131
0.089,450.45045045045,-1.73105102819508,0.000638611786347742
0.089,451.451451451451,-1.73294155233715,0.000638476459722885
0.089,452.452452452453,-1.89092433173295,0.000637919466827196
0.089,453.453453453454,-1.75725352069906,0.000637955285454344
0.089,454.454454454454,-1.73666664859139,0.000638717379030992
0.089,455.455455455455,-1.78563438115459,0.000638150327918999
0.089,456.456456456457,-1.83613901040601,0.000637532953835288
0.089,457.457457457458,-1.78356833144663,0.000637478154019697
0.089,458.458458458458,-1.79337908576867,0.000638254121125728
0.089,459.459459459459,-1.76840832025083,0.000638957729777343
0.089,460.460460460461,-1.74100607382707,0.000637945227825337
0.089,461.461461461462,-1.79752410754513,0.000637407737754855
0.089,462.462462462462,-1.76681962855759,0.000638266035786315
0.089,463.463463463463,-1.76711244953021,0.000638572645795316
0.089,464.464464464465,-1.85363508335724,0.000638209876966588
0.089,465.465465465466,-1.78939462420519,0.000637930008271071
0.089,466.466466466466,-1.73769977255181,0.000638451722206381
0.089,467.467467467467,-1.7496180917595,0.000638159595986571
0.089,468.468468468469,-1.81618896493617,0.000638182254062306
0.089,469.46946946947,-1.86941742899778,0.000638282544750079
0.089,470.470470470471,-1.81445349189434,0.000637822769571878
0.089,471.471471471471,-1.82600536278875,0.000638477778027372
0.089,472.472472472473,-1.78741955613761,0.000638233202328623
0.089,473.473473473474,-1.75104079722177,0.00063889554253508
0.089,474.474474474475,-1.83777259882502,0.000637877109181921
0.089,475.475475475475,-1.88428710149176,0.000637997142488069
0.089,476.476476476477,-1.76388873119766,0.00063798140623033
0.089,477.477477477478,-1.789936775286,0.000638367933317354
0.089,478.478478478479,-1.80756100601863,0.000638804369097133
0.089,479.479479479479,-1.82284869224428,0.000637397958210748
0.089,480.480480480481,-1.78987146186326,0.000638078326423404
0.089,481.481481481482,-1.72297915795075,0.000638335547497065
0.089,482.482482482483,-1.79120928094846,0.000637852333138765
0.089,483.483483483484,-1.77783355421346,0.000638278820233041
0.089,484.484484484485,-1.75454528845951,0.000638533381675704
0.089,485.485485485486,-1.78895192341011,0.000637783383588239
0.089,486.486486486487,-1.86632862433564,0.000637619851989525
0.089,487.487487487488,-1.72605884407975,0.000638232271816025
0.089,488.488488488489,-1.7572447510493,0.000638643891851404
0.089,489.48948948949,-1.7990613351209,0.000637307236580011
0.089,490.490490490491,-1.77895060262903,0.000638165618536143
0.089,491.491491491492,-1.74386503211778,0.000638435608493171
0.089,492.492492492493,-1.82695309841146,0.000638008288788626
0.089,493.493493493494,-1.82411037956716,0.000637940199627495
0.089,494.494494494495,-1.85528381997322,0.000638290723382616
0.089,495.495495495496,-1.75031259755193,0.00063824535631254
0.089,496.496496496497,-1.77579219587771,0.000637443110800137
0.089,497.497497497498,-1.84607023989367,0.000637650153142104
0.089,498.498498498499,-1.80430014492092,0.000637640923366265
0.089,499.4994994995,-1.76481381497639,0.000638257169899397
0.089,500.500500500501,-1.81710447101524,0.000637748121365809
0.089,501.501501501502,-1.82663182171544,0.000637818436145813
0.089,502.502502502503,-1.79712138719423,0.000638420879390225
0.089,503.503503503504,-1.72365006203764,0.000638258193674681
0.089,504.504504504505,-1.85580135478252,0.000638718140519654
0.089,505.505505505506,-1.74329463904278,0.000638210409585798
0.089,506.506506506507,-1.77905802204396,0.000638896440393992
0.089,507.507507507508,-1.8122364744367,0.000638082574339097
0.089,508.508508508509,-1.83449063365539,0.000637068350786086
0.089,509.50950950951,-1.75349781725788,0.000638483051715158
0.089,510.510510510511,-1.77297572447509,0.00063835446596224
0.089,511.511511511512,-1.81103197275417,0.000638322322930331
0.089,512.512512512513,-1.81009677296239,0.000637928969989563
0.089,513.513513513514,-1.74734127400091,0.000638599883315626
0.089,514.514514514515,-1.71080197188519,0.000638314519638997
0.089,515.515515515516,-1.80058828495126,0.000637864067205673
0.089,516.516516516517,-1.84973318769374,0.000638371586536595
0.089,517.517517517518,-1.80106099194807,0.000638656815839781
0.089,518.518518518519,-1.75620837052984,0.000638867544230865
0.089,519.51951951952,-1.80763615478177,0.000637862549631479
0.089,520.520520520521,-1.82460548497655,0.000637775961041235
0.089,521.521521521522,-1.79511226264234,0.000638231906635052
0.089,522.522522522523,-1.7704109333712,0.00063894626269543
0.089,523.523523523524,-1.74621536517012,0.000639161597546728
0.089,524.524524524525,-1.82840588549972,0.00063796528746637
0.089,525.525525525526,-1.82704350049792,0.000637677029475057
0.089,526.526526526527,-1.84724331239487,0.000638419594267992
0.089,527.527527527528,-1.7943649531609,0.000638217120857992
0.089,528.528528528529,-1.75730957301823,0.00063850203149409
0.089,529.52952952953,-1.77005560329573,0.00063840421896269
0.089,530.530530530531,-1.85180578658123,0.000637798956460088
0.089,531.531531531532,-1.844421113312,0.00063824948160072
0.089,532.532532532533,-1.75217069322616,0.000638972660734101
0.089,533.533533533534,-1.74524861369336,0.000638477163480299
0.089,534.534534534535,-1.83807268859759,0.000637595562227883
0.089,535.535535535536,-1.78217343440709,0.000637342056920543
0.089,536.536536536537,-1.72982024329035,0.000638395079160677
0.089,537.537537537538,-1.81104022971006,0.000638121804101863
0.089,538.538538538539,-1.77814128339799,0.000638600901100486
0.089,539.53953953954,-1.78633601830795,0.000638671440991244
0.089,540.540540540541,-1.77437761550351,0.000638072801020333
0.089,541.541541541542,-1.84347417349722,0.00063774304207317
0.089,542.542542542543,-1.75138524939859,0.000637867995632062
0.089,543.543543543544,-1.77714863457418,0.000638551831419531
0.089,544.544544544545,-1.79241801369321,0.000638023794473753
0.089,545.545545545546,-1.82250095085209,0.000637940117699631
0.089,546.546546546547,-1.78603645962284,0.000639162351459265
0.089,547.547547547548,-1.72468784624524,0.000638415047242184
0.089,548.548548548549,-1.80280201885624,0.000637770470641036
0.089,549.54954954955,-1.77944053885449,0.000638643330748313
0.089,550.550550550551,-1.80194142578315,0.000638491053923822
0.089,551.551551551552,-1.79913170811197,0.000637911462269346
0.089,552.552552552553,-1.80818902053483,0.000638182160799619
0.089,553.553553553554,-1.78833919211076,0.000638045126551416
0.089,554.554554554555,-1.75515381061833,0.000639381024445224
0.089,555.555555555556,-1.79323682194129,0.00063793559316728
0.089,556.556556556557,-1.8172970504484,0.000637839853322741
0.089,557.557557557558,-1.760047028118,0.000638788851254968
0.089,558.558558558559,-1.80030522986789,0.000638200254524299
0.089,559.55955955956,-1.83740166185235,0.000637966780432841
0.089,560.560560560561,-1.74578370206773,0.000638439109720075
0.089,561.561561561562,-1.73104678117664,0.00063875437912254
0.089,562.562562562563,-1.73711770054727,0.000637814173547708
0.089,563.563563563564,-1.78210073912363,0.000637856519505782
0.089,564.564564564565,-1.84683502848125,0.000637551724008094
0.089,565.565565565566,-1.7892757883056,0.000638206229737771
0.089,566.566566566567,-1.77220168759828,0.00063867267865992
0.089,567.567567567568,-1.77953716114368,0.000638180690444064
0.089,568.568568568569,-1.80969911311386,0.000638682429191579
0.089,569.56956956957,-1.77190644419389,0.000638901287645778
0.089,570.570570570571,-1.85645752943049,0.00063752118100681
0.089,571.571571571572,-1.80635927084122,0.000637850133184749
0.089,572.572572572573,-1.77871033884182,0.000638880508096676
0.089,573.573573573574,-1.78640767695525,0.000638164228229103
0.089,574.574574574575,-1.77966835442681,0.000638530418529868
0.089,575.575575575576,-1.69663014986218,0.000638441869954965
0.089,576.576576576577,-1.8087313437853,0.000638018571822035
0.089,577.577577577578,-1.81077048513459,0.000638089408238804
0.089,578.578578578579,-1.79822014376279,0.000638400483991774
0.089,579.57957957958,-1.76468601598076,0.00063819896693542
0.089,580.580580580581,-1.84516859203367,0.000638317555844519
0.089,581.581581581582,-1.8280355246215,0.000637704655139633
0.089,582.582582582583,-1.82291634305793,0.000638106998180533
0.089,583.583583583584,-1.7623134348737,0.000638323603354193
0.089,584.584584584585,-1.72968151391575,0.000638671580767815
0.089,585.585585585586,-1.78031903759201,0.000638331281610099
0.089,586.586586586587,-1.8393960593073,0.000637412605092182
0.089,587.587587587588,-1.82392579690266,0.000638097597266489
0.089,588.588588588589,-1.79976296275526,0.000638167465466223
0.089,589.58958958959,-1.79117344430847,0.0006381901973064
0.089,590.590590590591,-1.82409897108594,0.000637562397182578
0.089,591.591591591592,-1.8176018517497,0.000637540822727643
0.089,592.592592592593,-1.76444428144738,0.000637936967676043
0.089,593.593593593594,-1.81418773970294,0.000637752843699626
0.089,594.594594594595,-1.8068930078997,0.000637821147693823
0.089,595.595595595596,-1.77728057114645,0.000638041456241846
0.089,596.596596596597,-1.8501299671975,0.000638623275159626
0.089,597.597597597598,-1.76596152918357,0.000638577843075825
0.089,598.598598598599,-1.77958275856299,0.000638149145691115
0.089,599.5995995996,-1.75961025959065,0.000638499830130563
0.089,600.600600600601,-1.78215527704186,0.000637899661133175
0.089,601.601601601602,-1.76459796398878,0.000639270443324105
0.089,602.602602602603,-1.77670535933837,0.00063818668022249
0.089,603.603603603604,-1.85860323387468,0.000637593876393237
0.089,604.604604604605,-1.79311940308534,0.000638292256931276
0.089,605.605605605606,-1.746774774656,0.000638296789098482
0.089,606.606606606607,-1.78260710120371,0.000637895089323454
0.089,607.607607607608,-1.7754730776558,0.000637652298183895
0.089,608.608608608609,-1.79563085463716,0.000638522510817213
0.089,609.60960960961,-1.76344479004062,0.000639232927351299
0.089,610.610610610611,-1.78659863084088,0.000638333966083739
0.089,611.611611611612,-1.82349550620764,0.000637764699043265
0.089,612.612612612613,-1.82646130423098,0.000638200252410031
0.089,613.613613613614,-1.83626736200736,0.000638081303723087
0.089,614.614614614615,-1.80695473405052,0.000638574191266095
0.089,615.615615615616,-1.75688335220209,0.000638732521766874
0.089,616.616616616617,-1.82780002634599,0.000638162339072404
0.089,617.617617617618,-1.82230936770927,0.000637481742049025
0.089,618.618618618619,-1.83439500167759,0.000638773524930196
0.089,619.61961961962,-1.7668464841641,0.000638385557850848
0.089,620.620620620621,-1.77283223488713,0.00063831311699873
0.089,621.621621621622,-1.83379278780535,0.000638507869750015
0.089,622.622622622623,-1.757509040335,0.000638478129465607
0.089,623.623623623624,-1.75633694543427,0.00063878425706925
0.089,624.624624624625,-1.77949932771695,0.000638318012056452
0.089,625.625625625626,-1.82281765450296,0.000637713369034214
0.089,626.626626626627,-1.74558972706074,0.000638394748865117
0.089,627.627627627628,-1.79727730864752,0.000638951388208305
0.089,628.628628628629,-1.81367519438385,0.000638015984898346
0.089,629.62962962963,-1.86533207939175,0.00063727365960493
0.089,630.630630630631,-1.80560335314248,0.00063799408543352
0.089,631.631631631632,-1.77422660173614,0.00063842089718531
0.089,632.632632632633,-1.75668297543493,0.000638637671089259
0.089,633.633633633634,-1.77350936810795,0.000638063898309922
0.089,634.634634634635,-1.84685048232432,0.000638335227126816
0.089,635.635635635636,-1.83313376069636,0.000638106055099789
0.089,636.636636636637,-1.81052382375862,0.000638464416033254
0.089,637.637637637638,-1.78686338612234,0.000638792059597099
0.089,638.638638638639,-1.73502131469937,0.000638510869073316
0.089,639.63963963964,-1.79123862560826,0.000638289406076533
0.089,640.640640640641,-1.84024784245158,0.000637504130908037
0.089,641.641641641642,-1.8217578948969,0.000638036735435
0.089,642.642642642643,-1.81062964041147,0.000638360497438719
0.089,643.643643643644,-1.69130527307907,0.000638280574370272
0.089,644.644644644645,-1.79677790360162,0.000638020277331114
0.089,645.645645645646,-1.84602128061263,0.000637204574623828
0.089,646.646646646647,-1.81230003894215,0.000637473587730564
0.089,647.647647647648,-1.82683371524659,0.000637987543243992
0.089,648.648648648649,-1.73436589023821,0.000638399632705476
0.089,649.64964964965,-1.75012334545312,0.000638501398270987
0.089,650.650650650651,-1.80481883948385,0.000637422526174749
0.089,651.651651651652,-1.79861640624687,0.000637524861711528
0.089,652.652652652653,-1.74352244529883,0.000638712811097429
0.089,653.653653653654,-1.79095643708666,0.000638657746117461
0.089,654.654654654655,-1.78854100212065,0.000637922563230611
0.089,655.655655655656,-1.75400170674765,0.000638248536934276
0.089,656.656656656657,-1.73587327504842,0.000638294295672398
0.089,657.657657657658,-1.78987981550544,0.000637879410150936
0.089,658.658658658659,-1.81824740837677,0.000637996751524779
0.089,659.65965965966,-1.78521212695966,0.000638465986757783
0.089,660.660660660661,-1.70369596121944,0.000638355701105541
0.089,661.661661661662,-1.80542176241292,0.000638355902137138
0.089,662.662662662663,-1.78157554187668,0.000637595963410132
0.089,663.663663663664,-1.76700560468231,0.000638794903639202
0.089,664.664664664665,-1.75412868623616,0.000637832684722751
0.089,665.665665665666,-1.82665301182454,0.000638273297766452
0.089,666.666666666667,-1.78595267026629,0.000638298323234438
0.089,667.667667667668,-1.74329510206759,0.000638976662337635
0.089,668.668668668669,-1.80819632447868,0.000637667590915306
0.089,669.66966966967,-1.76461072522708,0.000638577576854315
0.089,670.670670670671,-1.83793768177539,0.000637997251314113
0.089,671.671671671672,-1.82880741867813,0.000637783158066377
0.089,672.672672672673,-1.80061941005131,0.000637312570935526
0.089,673.673673673674,-1.81370933630318,0.000638067261345956
0.089,674.674674674675,-1.76529492637291,0.000638401417558314
0.089,675.675675675676,-1.74226531163565,0.000638109408621619
0.089,676.676676676677,-1.83958461970225,0.000637970090083621
0.089,677.677677677678,-1.81627845944115,0.000637672765232521
0.089,678.678678678679,-1.79368998032104,0.000638248771852882
0.089,679.67967967968,-1.79554881990152,0.000638704316675556
0.089,680.680680680681,-1.79991309547956,0.00063804638301358
0.089,681.681681681682,-1.76968089744496,0.00063758893664225
0.089,682.682682682683,-1.75142875958596,0.000638675408825228
0.089,683.683683683684,-1.79869212343502,0.000638540232430821
0.089,684.684684684685,-1.77538749263898,0.000638359151237647
0.089,685.685685685686,-1.79081236517889,0.000637605401500045
0.089,686.686686686687,-1.7626727791247,0.000637262764432363
0.089,687.687687687688,-1.84421063485967,0.000638128394273516
0.089,688.688688688689,-1.7473715851173,0.000638002626956574
0.089,689.68968968969,-1.71154535274836,0.000638187028078216
0.089,690.690690690691,-1.80634716314726,0.000638049888703937
0.089,691.691691691692,-1.84420151881335,0.000638562487914794
0.089,692.692692692693,-1.73743667328343,0.000638345951572286
0.089,693.693693693694,-1.75377666776944,0.00063858465365986
0.089,694.694694694695,-1.7988490622586,0.000637419545468747
0.089,695.695695695696,-1.76798742056592,0.000638173860479244
0.089,696.696696696697,-1.7803405571981,0.000638657265826371
0.089,697.697697697698,-1.84009668082791,0.000638027335049523
0.089,698.698698698699,-1.80965019795259,0.000637266142855565
0.089,699.6996996997,-1.76917445204082,0.000638819238916324
0.089,700.700700700701,-1.84198821057175,0.000637942350131143
0.089,701.701701701702,-1.88683494007041,0.000637945503091213
0.089,702.702702702703,-1.80899626920749,0.000638134133100141
0.089,703.703703703704,-1.74848271110592,0.000638647893689856
0.089,704.704704704705,-1.86718767017078,0.000638122544036742
0.089,705.705705705706,-1.83028824349764,0.000638047644409035
0.089,706.706706706707,-1.74044535341447,0.000638067550002193
0.089,707.707707707708,-1.73255882529486,0.000638262060082558
0.089,708.708708708709,-1.82975484202955,0.000637986253305927
0.089,709.70970970971,-1.80489369648184,0.00063839528089703
0.089,710.710710710711,-1.80103273417507,0.000638509416043009
0.089,711.711711711712,-1.8218757446104,0.000638010078046188
0.089,712.712712712713,-1.78962481112379,0.000637745436187413
0.089,713.713713713714,-1.78967311864379,0.000638292294459523
0.089,714.714714714715,-1.8219387769684,0.000638143190739372
0.089,715.715715715716,-1.85677223859754,0.000637925419077374
0.089,716.716716716717,-1.71106001550324,0.000638929144294073
0.089,717.717717717718,-1.7090073160371,0.000638100996773636
0.089,718.718718718719,-1.79277911429782,0.00063813688012086
0.089,719.71971971972,-1.8495679096397,0.000638176621125242
0.089,720.720720720721,-1.74635179876988,0.000638044197037222
0.089,721.721721721722,-1.74429585426657,0.000639075869404609
0.089,722.722722722723,-1.86002165945237,0.000637617617561204
0.089,723.723723723724,-1.82542956971187,0.00063806390206862
0.089,724.724724724725,-1.70945526217272,0.00063877921336678
0.089,725.725725725726,-1.81697502695558,0.000638111444661177
0.089,726.726726726727,-1.79417634681058,0.000637754720816747
0.089,727.727727727728,-1.69181590962489,0.000638485362785674
0.089,728.728728728729,-1.81896472859796,0.000637540600200994
0.089,729.72972972973,-1.858792665242,0.000638369820535975
0.089,730.730730730731,-1.77617091874994,0.000638656872513895
0.089,731.731731731732,-1.73179345459881,0.000638700714374922
0.089,732.732732732733,-1.80738140019107,0.000638448983231624
0.089,733.733733733734,-1.88521502657769,0.000637552092712846
0.089,734.734734734735,-1.75975054630349,0.000637898843675156
0.089,735.735735735736,-1.73444724450549,0.000638740575363983
0.089,736.736736736737,-1.86203414950929,0.000638047344417975
0.089,737.737737737738,-1.80230197924824,0.000638418023367273
0.089,738.738738738739,-1.82322737225563,0.00063869523795238
0.089,739.73973973974,-1.75311116978641,0.00063865856016916
0.089,740.740740740741,-1.74162508618851,0.000638080663628615
0.089,741.741741741742,-1.75185689784786,0.000638383061899389
0.089,742.742742742743,-1.82395892340021,0.000637943999964513
0.089,743.743743743744,-1.77138650111841,0.000638424218934398
0.089,744.744744744745,-1.82335233162945,0.000638190819781976
0.089,745.745745745746,-1.7918614935889,0.000637981672804218
0.089,746.746746746747,-1.83779686612962,0.000638363625849795
0.089,747.747747747748,-1.75947288233356,0.000638573807526552
0.089,748.748748748749,-1.82027366902406,0.000637563299563673
0.089,749.74974974975,-1.83271051483111,0.000637917908377164
0.089,750.750750750751,-1.78220103027038,0.000637901428954414
0.089,751.751751751752,-1.7649521826227,0.000638010040341752
0.089,752.752752752753,-1.73608740895556,0.000638769097125581
0.089,753.753753753754,-1.79236364474554,0.000638168818597393
0.089,754.754754754755,-1.86965180194257,0.000638049730368797
0.089,755.755755755756,-1.75036739687474,0.000638536137212222
0.089,756.756756756757,-1.79818746649086,0.000638764462651323
0.089,757.757757757758,-1.85262632503492,0.000638016570844079
0.089,758.758758758759,-1.75311280353692,0.000638542017048741
0.089,759.75975975976,-1.73886423119322,0.000639132844214114
0.089,760.760760760761,-1.75619547493692,0.000638277048183266
0.089,761.761761761762,-1.80339608419621,0.000637787740917272
0.089,762.762762762763,-1.77405423083209,0.000638828442733658
0.089,763.763763763764,-1.75342284876645,0.000638870705178167
0.089,764.764764764765,-1.81071321982745,0.000638444142909937
0.089,765.765765765766,-1.82186422557516,0.00063792584621813
0.089,766.766766766767,-1.8239470834448,0.000637947625757007
0.089,767.767767767768,-1.80778052400505,0.000638778104844608
0.089,768.768768768769,-1.78498051480186,0.000637889562804519
0.089,769.76976976977,-1.78961441684066,0.000638600123754819
0.089,770.770770770771,-1.8063055359781,0.00063841027381357
0.089,771.771771771772,-1.80971635153139,0.000637928242094262
0.089,772.772772772773,-1.78243923065089,0.000638220080597509
0.089,773.773773773774,-1.70158760906124,0.000638504782860803
0.089,774.774774774775,-1.78019526556465,0.000638206926741275
0.089,775.775775775776,-1.82732788673862,0.000637935737818412
0.089,776.776776776777,-1.79324455514717,0.000638445200219853
0.089,777.777777777778,-1.77365663243547,0.000638441394597166
0.089,778.778778778779,-1.82418205425062,0.000638406862912871
0.089,779.77977977978,-1.85402852646794,0.000638015213660563
0.089,780.780780780781,-1.77224499911936,0.000638370159053686
0.089,781.781781781782,-1.75545659817734,0.000638495079723972
0.089,782.782782782783,-1.8202513622707,0.000637602546710416
0.089,783.783783783784,-1.79493469821295,0.000637637645546956
0.089,784.784784784785,-1.80317694114805,0.000639022989167677
0.089,785.785785785786,-1.82071598029951,0.000638313917718798
0.089,786.786786786787,-1.82414475515958,0.000637447956466222
0.089,787.787787787788,-1.77998658675813,0.000638034353477795
0.089,788.788788788789,-1.77899224128523,0.000638842880008965
0.089,789.78978978979,-1.83474420942981,0.000637608445692801
0.089,790.790790790791,-1.72390943407512,0.000638088098861224
0.089,791.791791791792,-1.77556781815974,0.000638379047316602
0.089,792.792792792793,-1.79035537187624,0.000637805761934643
0.089,793.793793793794,-1.83172453051895,0.000638628192358426
0.089,794.794794794795,-1.8117449987851,0.00063767453651881
0.089,795.795795795796,-1.82377927024195,0.000637955801041954
0.089,796.796796796797,-1.75284749088964,0.000638854377747756
0.089,797.797797797798,-1.78075233391077,0.000638164736769155
0.089,798.798798798799,-1.83598603201679,0.000637996827990785
0.089,799.7997997998,-1.77807670616022,0.000638517999087926
0.089,800.800800800801,-1.7760968768511,0.000638335119475365
0.089,801.801801801802,-1.81461828058351,0.000637977916690627
0.089,802.802802802803,-1.81748099802217,0.000637966112324326
0.089,803.803803803804,-1.80278688146675,0.00063794571604493
0.089,804.804804804805,-1.77483211445552,0.000638184074916421
0.089,805.805805805806,-1.77164048113186,0.000638656190486452
0.089,806.806806806807,-1.73261453087438,0.000638815209063828
0.089,807.807807807808,-1.7999058208528,0.000638074987525258
0.089,808.808808808809,-1.81025994101994,0.000637741192852634
0.089,809.80980980981,-1.7160322087258,0.000638108202608226
0.089,810.810810810811,-1.81181976495649,0.000637927808434515
0.089,811.811811811812,-1.75346424631424,0.00063835856264908
0.089,812.812812812813,-1.7966956613551,0.00063783087326538
0.089,813.813813813814,-1.79156532888288,0.000638206009090471
0.089,814.814814814815,-1.76384272783267,0.000638702311586524
0.089,815.815815815816,-1.82073751541964,0.000638601981491155
0.089,816.816816816817,-1.78227156488488,0.000638398562592496
0.089,817.817817817818,-1.76634208080999,0.000638312809079167
0.089,818.818818818819,-1.83272652541871,0.000638581294030147
0.089,819.81981981982,-1.77571787662738,0.000638212921629181
0.089,820.820820820821,-1.79281435586526,0.000638129870736954
0.089,821.821821821822,-1.73063901147245,0.000638266899934407
0.089,822.822822822823,-1.79666226983296,0.00063819279069035
0.089,823.823823823824,-1.81600623698747,0.000637830693670106
0.089,824.824824824825,-1.81614543133413,0.000638164890934491
0.089,825.825825825826,-1.78583556374708,0.000638837540191592
0.089,826.826826826827,-1.75754597775072,0.000638730879862007
0.089,827.827827827828,-1.84371046476085,0.000637488603610398
0.089,828.828828828829,-1.82183167547881,0.000638746743739279
0.089,829.82982982983,-1.76205810347271,0.000638061020674459
0.089,830.830830830831,-1.81748310713473,0.000637591381675101
0.089,831.831831831832,-1.82349675654934,0.000637079781984182
0.089,832.832832832833,-1.76108178605712,0.000638613357365919
0.089,833.833833833834,-1.77660961976719,0.000638372009507545
0.089,834.834834834835,-1.76099988217612,0.000638154785205899
0.089,835.835835835836,-1.82577847192951,0.000637685365268141
0.089,836.836836836837,-1.82827405490489,0.000638207815438362
0.089,837.837837837838,-1.80279132595378,0.000638396210704872
0.089,838.838838838839,-1.74944881361172,0.00063800958730122
0.089,839.83983983984,-1.79509006692931,0.000638275346550344
0.089,840.840840840841,-1.7689500606627,0.000637630146181568
0.089,841.841841841842,-1.7856554595894,0.000638693118810365
0.089,842.842842842843,-1.78919306234307,0.000638548564876315
0.089,843.843843843844,-1.8329873227377,0.000637078468319338
0.089,844.844844844845,-1.77887362439571,0.000637977669027687
0.089,845.845845845846,-1.75090658107831,0.000638547816660555
0.089,846.846846846847,-1.82191088308082,0.000637942356650135
0.089,847.847847847848,-1.86973671122721,0.000638166232789568
0.089,848.848848848849,-1.75377916636153,0.000638792707208966
0.089,849.84984984985,-1.71955511516643,0.000638584974441217
0.089,850.850850850851,-1.77832003962341,0.000638095519000312
0.089,851.851851851852,-1.72765371008734,0.000638439326549948
0.089,852.852852852853,-1.82747128143376,0.000638341809311236
0.089,853.853853853854,-1.81617572765579,0.000637729291288759
0.089,854.854854854855,-1.7878827289323,0.000638647339869243
0.089,855.855855855856,-1.78912905618919,0.000638214111080813
0.089,856.856856856857,-1.79794985726594,0.000637495254684699
0.089,857.857857857858,-1.84406664721761,0.000637615691346094
0.089,858.858858858859,-1.77518733984116,0.00063817661642687
0.089,859.85985985986,-1.7392769082677,0.000638825143947863
0.089,860.860860860861,-1.7513042478188,0.000637951779059231
0.089,861.861861861862,-1.8185090225082,0.000637604278647839
0.089,862.862862862863,-1.83436821972443,0.000638043215371097
0.089,863.863863863864,-1.83419279505093,0.000638653920526693
0.089,864.864864864865,-1.75235288372105,0.000638405632702861
0.089,865.865865865866,-1.75340519771333,0.000638135691550173
0.089,866.866866866867,-1.79093776267614,0.000637807313806954
0.089,867.867867867868,-1.8272419526924,0.000638179298786243
0.089,868.868868868869,-1.76706637923178,0.000638313224239074
0.089,869.86986986987,-1.79660296632475,0.000638361856560314
0.089,870.870870870871,-1.7370397955111,0.000638222368176164
0.089,871.871871871872,-1.79120131845566,0.000637942717720032
0.089,872.872872872873,-1.83472981807315,0.00063783064245785
0.089,873.873873873874,-1.77651136320732,0.000638728576778724
0.089,874.874874874875,-1.7594926489013,0.000638470481103093
0.089,875.875875875876,-1.7939760325917,0.000637487342919699
0.089,876.876876876877,-1.75850236355491,0.000638222640329369
0.089,877.877877877878,-1.77327135734465,0.000638637799472277
0.089,878.878878878879,-1.8054841179046,0.000638622049765447
0.089,879.87987987988,-1.85376540736533,0.000638345540053618
0.089,880.880880880881,-1.76379762971386,0.000639008481945354
0.089,881.881881881882,-1.75828840126033,0.000638135763552726
0.089,882.882882882883,-1.78779149382102,0.00063820122338736
0.089,883.883883883884,-1.85566196655969,0.000637780170077898
0.089,884.884884884885,-1.74788747658158,0.000637799970779899
0.089,885.885885885886,-1.8035496291029,0.000638291147997996
0.089,886.886886886887,-1.74598278253977,0.000638459986642939
0.089,887.887887887888,-1.75103621464065,0.000638348823452244
0.089,888.888888888889,-1.80848202665896,0.000637547060756306
0.089,889.88988988989,-1.83192815879458,0.000637568355834289
0.089,890.890890890891,-1.78574439619398,0.000638953248528746
0.089,891.891891891892,-1.74586735491008,0.000639010492789892
0.089,892.892892892893,-1.84376363013148,0.000637546720594165
0.089,893.893893893894,-1.80270277278282,0.000637527191458073
0.089,894.894894894895,-1.80805125703834,0.000638221591300334
0.089,895.895895895896,-1.76103661141129,0.000638268549591588
0.089,896.896896896897,-1.83078370335821,0.0006380390052773
0.089,897.897897897898,-1.83036095527337,0.000638180098684096
0.089,898.898898898899,-1.76180836298695,0.000639061215710536
0.089,899.8998998999,-1.80623905666778,0.00063769194944937
0.089,900.900900900901,-1.86196749454824,0.000638117237519081
0.089,901.901901901902,-1.7999586799612,0.000638314602858913
0.089,902.902902902903,-1.78363785687384,0.000638019793692434
0.089,903.903903903904,-1.81499496328324,0.000637673340841836
0.089,904.904904904905,-1.76539118711012,0.000638057906064851
0.089,905.905905905906,-1.75269695490971,0.000637943619983668
0.089,906.906906906907,-1.79226906873323,0.000637780030888624
0.089,907.907907907908,-1.77908919831599,0.000637790495514116
0.089,908.908908908909,-1.73593943208584,0.000639031173673179
0.089,909.90990990991,-1.72594814476321,0.000638319988485414
0.089,910.910910910911,-1.85337445532661,0.000637759323165887
0.089,911.911911911912,-1.80984686219056,0.000638321098475827
0.089,912.912912912913,-1.79263188646067,0.000638352091404971
0.089,913.913913913914,-1.80140490537245,0.000637941843118062
0.089,914.914914914915,-1.78593711186683,0.000638165760309522
0.089,915.915915915916,-1.77647035710553,0.000638090952887367
0.089,916.916916916917,-1.76875287495111,0.000637802887118203
0.089,917.917917917918,-1.81162296418242,0.000637815328583764
0.089,918.918918918919,-1.77967951248279,0.000638257721723202
0.089,919.91991991992,-1.81381678571997,0.000637653032774376
0.089,920.920920920921,-1.82979112646302,0.000637764846043583
0.089,921.921921921922,-1.79208925450386,0.000638124208258876
0.089,922.922922922923,-1.7746522880842,0.000638356817203838
0.089,923.923923923924,-1.80845976260967,0.000638143692349325
0.089,924.924924924925,-1.77149333723796,0.00063787258464957
0.089,925.925925925926,-1.73803466897213,0.000638662002783871
0.089,926.926926926927,-1.84322753301295,0.000637900199390431
0.089,927.927927927928,-1.78199593212002,0.000638227598169089
0.089,928.928928928929,-1.71071449142803,0.000638386251213113
0.089,929.92992992993,-1.83415649684702,0.00063748627774001
0.089,930.930930930931,-1.75754677824784,0.000637902017249333
0.089,931.931931931932,-1.7620240545775,0.000637802622776042
0.089,932.932932932933,-1.82134219979678,0.000638272683219379
0.089,933.933933933934,-1.7586054624892,0.000638915510675316
0.089,934.934934934935,-1.76444429388217,0.000637993201434806
0.089,935.935935935936,-1.83474982316348,0.000638905010870763
0.089,936.936936936937,-1.78690894868039,0.000638100467502017
0.089,937.937937937938,-1.79693265799495,0.000638598419067954
0.089,938.938938938939,-1.76112747977764,0.000638185410487425
0.089,939.93993993994,-1.83365833427999,0.000638421873918144
0.089,940.940940940941,-1.76351768625591,0.000638558236416593
0.089,941.941941941942,-1.85728231829937,0.000638111504154314
0.089,942.942942942943,-1.76202247342845,0.000638247782375713
0.089,943.943943943944,-1.74471371910935,0.000638612410878856
0.089,944.944944944945,-1.83278639770619,0.000638080633617763
0.089,945.945945945946,-1.7974501686477,0.000638777575161882
0.089,946.946946946947,-1.74417957274589,0.000638050503720848
0.089,947.947947947948,-1.8662287788359,0.000637557548110173
0.089,948.948948948949,-1.74723985846465,0.00063892148900146
0.089,949.94994994995,-1.72186912268213,0.000638740769817859
0.089,950.950950950951,-1.80101069179422,0.000637929049920618
0.089,951.951951951952,-1.82510768667397,0.000637932891074744
0.089,952.952952952953,-1.8047612410673,0.000637969183943828
0.089,953.953953953954,-1.78164359116055,0.000638084184588681
0.089,954.954954954955,-1.80739893304855,0.000637870474375732
0.089,955.955955955956,-1.79413879648726,0.000638234797308498
0.089,956.956956956957,-1.78330205552962,0.000638508284616273
0.089,957.957957957958,-1.74733636903255,0.000638267145189432
0.089,958.958958958959,-1.84954322280021,0.000638422861927071
0.089,959.95995995996,-1.76139870823008,0.000638363761750208
0.089,960.960960960961,-1.82249126486978,0.000638058076263381
0.089,961.961961961962,-1.8608981108243,0.000637728706106512
0.089,962.962962962963,-1.76227574262528,0.000638199267866154
0.089,963.963963963964,-1.80665407253109,0.000638640007413525
0.089,964.964964964965,-1.76152050080778,0.000637980769953286
0.089,965.965965965966,-1.76022195884447,0.000638384769581465
0.089,966.966966966967,-1.80581537331405,0.000638298164077082
0.089,967.967967967968,-1.78490066356149,0.000637976119093454
0.089,968.968968968969,-1.80434514927463,0.000637380107450636
0.089,969.96996996997,-1.82562295940633,0.000637677061423987
0.089,970.970970970971,-1.75737080950606,0.000638698980499421
0.089,971.971971971972,-1.780225989085,0.000637845061820613
0.089,972.972972972973,-1.81518644207772,0.000638207661742864
0.089,973.973973973974,-1.80726101915714,0.000638660740272553
0.089,974.974974974975,-1.77628738041688,0.000638416369599017
0.089,975.975975975976,-1.79059531061854,0.000637986853229317
0.089,976.976976976977,-1.75350761726616,0.000638071351924912
0.089,977.977977977978,-1.86675979229957,0.000637522521511105
0.089,978.978978978979,-1.79595096887505,0.000637827980360207
0.089,979.97997997998,-1.77335894703447,0.000638282749422915
0.089,980.980980980981,-1.81585472148582,0.000638134562766271
0.089,981.981981981982,-1.77041288855341,0.000638707560725315
0.089,982.982982982983,-1.80947796754063,0.00063800795444072
0.089,983.983983983984,-1.78750820582501,0.000637592845746583
0.089,984.984984984985,-1.80469347008682,0.000637757976729896
0.089,985.985985985986,-1.73509647670186,0.000638638484671121
0.089,986.986986986987,-1.79314965269105,0.000638311835752653
0.089,987.987987987988,-1.76490415122477,0.000637811772797014
0.089,988.988988988989,-1.81421709426096,0.000638036351108161
0.089,989.98998998999,-1.85289371499531,0.00063776444556609
0.089,990.990990990991,-1.75745264110744,0.000638588697431284
0.089,991.991991991992,-1.75852075715543,0.000638260704308553
0.089,992.992992992993,-1.7457010883012,0.000638265610936016
0.089,993.993993993994,-1.79738466453035,0.000638555101545256
0.089,994.994994994995,-1.84194631115692,0.000638258552336663
0.089,995.995995995996,-1.8235833894811,0.000637874418365478
0.089,996.996996996997,-1.82033132362096,0.00063793950274145
0.089,997.997997997998,-1.8071608464116,0.00063855772124009
0.089,998.998998998999,-1.71849879752519,0.000638257364412002
0.089,1000.0,-1.83176490815306,0.000637749887014052
0.1,0.0,-1.81016346140249,0.000695826709859771
0.1,1.001001001001,-1.7941057165495,0.000717048633248748
0.1,2.002002002002,-1.80143551993017,0.000716586602029714
0.1,3.003003003003,-1.76245171738118,0.000717538617843813
0.1,4.004004004004,-1.82647036438564,0.000716231642952582
0.1,5.00500500500501,-1.80443219385534,0.000716920036161008
0.1,6.00600600600601,-1.73813700331673,0.000716933457706993
0.1,7.00700700700701,-1.79111000662055,0.000716876576277634
0.1,8.00800800800801,-1.76393345364363,0.000717005477056402
0.1,9.00900900900901,-1.7955926242217,0.000716924136019249
0.1,10.01001001001,-1.74803182622065,0.000717142372643897
0.1,11.011011011011,-1.80189932371612,0.000716973537111627
0.1,12.012012012012,-1.78502130863799,0.000716712461199831
0.1,13.013013013013,-1.76759954087905,0.000717213829010867
0.1,14.014014014014,-1.80838772627666,0.000717263262169635
0.1,15.015015015015,-1.81202577058545,0.000716850354134269
0.1,16.016016016016,-1.74402780333723,0.000717305219513605
0.1,17.017017017017,-1.85339183973459,0.000716132625406194
0.1,18.018018018018,-1.77674792088084,0.000716837871381763
0.1,19.019019019019,-1.75325177872287,0.000717529954632921
0.1,20.02002002002,-1.7926820365281,0.000716636440657996
0.1,21.021021021021,-1.76109273124135,0.000717459333988892
0.1,22.022022022022,-1.79626329010476,0.000716814990838109
0.1,23.023023023023,-1.78441258856464,0.000716327565857445
0.1,24.024024024024,-1.80891179159264,0.000717037454940531
0.1,25.025025025025,-1.79735274152348,0.000716878049628401
0.1,26.026026026026,-1.77976155035328,0.00071732385830818
0.1,27.027027027027,-1.75186198962463,0.000717206614425559
0.1,28.028028028028,-1.80886045986052,0.000716531150080073
0.1,29.029029029029,-1.8127369930029,0.000716847792405601
0.1,30.03003003003,-1.77477074797726,0.000717266375604649
0.1,31.031031031031,-1.79294715730283,0.000717059806095107
0.1,32.032032032032,-1.85333194165369,0.000716779511433428
0.1,33.033033033033,-1.85428544845433,0.000716438646767898
0.1,34.034034034034,-1.73274838308411,0.00071751987586124
0.1,35.035035035035,-1.8234155995303,0.000716240518764812
0.1,36.036036036036,-1.74164780410392,0.000716875992387438
0.1,37.037037037037,-1.79047162269636,0.000717872434892434
0.1,38.038038038038,-1.76616258237875,0.000716296662608478
0.1,39.039039039039,-1.79013516583244,0.000716383224829108
0.1,40.04004004004,-1.74237089160892,0.000717438716122521
0.1,41.041041041041,-1.81454726161057,0.000716843342459907
0.1,42.042042042042,-1.74855361381146,0.000717070620808051
0.1,43.043043043043,-1.79237221124274,0.000716436249423524
0.1,44.044044044044,-1.79621198109973,0.000717118779885759
0.1,45.0450450450451,-1.79626430031512,0.000717447722255848
0.1,46.0460460460461,-1.80183663808987,0.000716793321358598
0.1,47.0470470470471,-1.74407461484308,0.000716890183702966
0.1,48.0480480480481,-1.77594783239132,0.000716691766867454
0.1,49.0490490490491,-1.81713587839699,0.00071707558040966
0.1,50.0500500500501,-1.77435210643425,0.000717372809355239
0.1,51.0510510510511,-1.85222051949738,0.000716239834740561
0.1,52.0520520520521,-1.84382398609562,0.000716551415333616
0.1,53.0530530530531,-1.80439985335924,0.000717010693600236
0.1,54.0540540540541,-1.74888747933748,0.000716569356537391
0.1,55.0550550550551,-1.84761276505255,0.000716571279287451
0.1,56.0560560560561,-1.76160807829761,0.000717264252351559
0.1,57.0570570570571,-1.77422583808638,0.000717505350726374
0.1,58.0580580580581,-1.8023573773484,0.000716516212075756
0.1,59.0590590590591,-1.70086295049886,0.000717579336168325
0.1,60.0600600600601,-1.78708273057409,0.000716921764927029
0.1,61.0610610610611,-1.82850312976929,0.000716497714878371
0.1,62.0620620620621,-1.77498566728868,0.000717121050491545
0.1,63.0630630630631,-1.73574347458407,0.0007174594742353
0.1,64.0640640640641,-1.80595769095452,0.000717254837577317
0.1,65.0650650650651,-1.8141463319182,0.000717002266188895
0.1,66.0660660660661,-1.7986472452453,0.000717325001950684
0.1,67.0670670670671,-1.79013652604814,0.000717427389874312
0.1,68.0680680680681,-1.79421530568013,0.000716895880185512
0.1,69.0690690690691,-1.74902810123562,0.00071702040959886
0.1,70.0700700700701,-1.79130748534626,0.000716530472574813
0.1,71.0710710710711,-1.82245816414915,0.000717358312293147
0.1,72.0720720720721,-1.81372595136248,0.00071632737287181
0.1,73.0730730730731,-1.72894457936824,0.00071754734571605
0.1,74.0740740740741,-1.80230261758628,0.000716574579776406
0.1,75.0750750750751,-1.78422789360751,0.000716986174029468
0.1,76.0760760760761,-1.73459741138002,0.000717207523971672
0.1,77.0770770770771,-1.79872498100692,0.000716965134542929
0.1,78.0780780780781,-1.82027108727236,0.000716182028201732
0.1,79.0790790790791,-1.76392154164905,0.000717361717673259
0.1,80.0800800800801,-1.78242948127108,0.000716772220382114
0.1,81.0810810810811,-1.80055362608998,0.000716856306854285
0.1,82.0820820820821,-1.77666169974131,0.000717550375989878
0.1,83.0830830830831,-1.74885500104958,0.000717290415412894
0.1,84.0840840840841,-1.78014620240614,0.00071682651882267
0.1,85.0850850850851,-1.83959407366219,0.000716310281192444
0.1,86.0860860860861,-1.71635391132027,0.000717673951809875
0.1,87.0870870870871,-1.76111304231004,0.000716670646040347
0.1,88.0880880880881,-1.82624419400237,0.000716859080714454
0.1,89.0890890890891,-1.78266826017149,0.000717360456277804
0.1,90.0900900900901,-1.79442447649254,0.000717435695950193
0.1,91.0910910910911,-1.79294303402141,0.000717078752163219
0.1,92.0920920920921,-1.75249155962909,0.000717440029552447
0.1,93.0930930930931,-1.77356514149799,0.000717702621570196
0.1,94.0940940940941,-1.83052800708502,0.000716577391341012
0.1,95.0950950950951,-1.78168270681101,0.000716909517445507
0.1,96.0960960960961,-1.79678805046161,0.000717546137999497
0.1,97.0970970970971,-1.71679651267103,0.0007174993840287
0.1,98.0980980980981,-1.79632984171599,0.000716392357583563
0.1,99.0990990990991,-1.75783187710339,0.000717191080785118
0.1,100.1001001001,-1.76407713454377,0.000717027417103417
0.1,101.101101101101,-1.80440625572699,0.000716044445477314
0.1,102.102102102102,-1.77056875549125,0.000717002212216346
0.1,103.103103103103,-1.75769089617476,0.000717140793638487
0.1,104.104104104104,-1.78353546780036,0.000717170161341986
0.1,105.105105105105,-1.77083655635469,0.000716910296964171
0.1,106.106106106106,-1.80209144142171,0.000717239627537255
0.1,107.107107107107,-1.79289315042679,0.000716986559942008
0.1,108.108108108108,-1.79915802941122,0.000717001420364454
0.1,109.109109109109,-1.82542277185195,0.000716980606282318
0.1,110.11011011011,-1.75581568260302,0.000717551344383102
0.1,111.111111111111,-1.78592900253564,0.000717232367906305
0.1,112.112112112112,-1.77726080295504,0.000717371658547718
0.1,113.113113113113,-1.74140822774321,0.000717292924989632
0.1,114.114114114114,-1.78673802248109,0.00071650516849336
0.1,115.115115115115,-1.83649324862815,0.000716276446687842
0.1,116.116116116116,-1.77089800556039,0.000716417515604373
0.1,117.117117117117,-1.7837454478423,0.000716755352580179
0.1,118.118118118118,-1.81855572987057,0.000716575498836722
0.1,119.119119119119,-1.75405584075388,0.000717672986176945
0.1,120.12012012012,-1.82090470283463,0.000716215180326514
0.1,121.121121121121,-1.82362612509158,0.000716401935156399
0.1,122.122122122122,-1.7619492281268,0.000717254703673712
0.1,123.123123123123,-1.75865572053144,0.000717388529755972
0.1,124.124124124124,-1.84021331710596,0.00071638085015438
0.1,125.125125125125,-1.84754504285352,0.000716785301354849
0.1,126.126126126126,-1.76999540261694,0.000717796128513385
0.1,127.127127127127,-1.79834356231063,0.000716648870260167
0.1,128.128128128128,-1.8508519152886,0.000717190110277627
0.1,129.129129129129,-1.80960904942001,0.000718056271739585
0.1,130.13013013013,-1.77492516141352,0.000717769376863482
0.1,131.131131131131,-1.78183406595684,0.000716597631516994
0.1,132.132132132132,-1.84451008273659,0.000716532436670548
0.1,133.133133133133,-1.74991100418771,0.000717198890595443
0.1,134.134134134134,-1.79168179197649,0.000717741254639702
0.1,135.135135135135,-1.80572572991544,0.000716591817692604
0.1,136.136136136136,-1.80977244471369,0.000716738623027844
0.1,137.137137137137,-1.75302850684737,0.000716452643042252
0.1,138.138138138138,-1.7791605879423,0.000715915359171577
0.1,139.139139139139,-1.76587092720873,0.000717543107666939
0.1,140.14014014014,-1.77039285861453,0.000717447467192971
0.1,141.141141141141,-1.80442101156809,0.000717022023137305
0.1,142.142142142142,-1.77005862934781,0.00071635391438702
0.1,143.143143143143,-1.7629075486661,0.000717682267987256
0.1,144.144144144144,-1.76549931295439,0.000716856336982596
0.1,145.145145145145,-1.8345990666528,0.000716840348304815
0.1,146.146146146146,-1.77323078097585,0.000717691665083873
0.1,147.147147147147,-1.78706996546618,0.000716555252083019
0.1,148.148148148148,-1.83868069734746,0.000716521324022082
0.1,149.149149149149,-1.79966924985601,0.000716678884635859
0.1,150.15015015015,-1.72491244941602,0.000717469083991984
0.1,151.151151151151,-1.82670488504306,0.000717135726502886
0.1,152.152152152152,-1.80746931891386,0.000716942272146737
0.1,153.153153153153,-1.75916121452781,0.000717115685244233
0.1,154.154154154154,-1.78521755853235,0.000716792282548522
0.1,155.155155155155,-1.80237020666792,0.000716842441547053
0.1,156.156156156156,-1.80434841065111,0.000717110800699119
0.1,157.157157157157,-1.838809746253,0.000716947094379691
0.1,158.158158158158,-1.7475139622211,0.000717664283264809
0.1,159.159159159159,-1.76334508798555,0.000717033468254328
0.1,160.16016016016,-1.79072141145012,0.00071647207680139
0.1,161.161161161161,-1.78148942003394,0.000717491469679595
0.1,162.162162162162,-1.79371763191197,0.000717305104638407
0.1,163.163163163163,-1.80778345039365,0.000716742948760325
0.1,164.164164164164,-1.76138030284318,0.000717244371131207
0.1,165.165165165165,-1.71819311168245,0.000716552484154544
0.1,166.166166166166,-1.8071676986009,0.000716962174274845
0.1,167.167167167167,-1.80066412035879,0.000717303452455851
0.1,168.168168168168,-1.82463275755499,0.000716365453471485
0.1,169.169169169169,-1.83333799866258,0.000716614919177207
0.1,170.17017017017,-1.73893930304005,0.000716922588669121
0.1,171.171171171171,-1.7984914653251,0.0007168517020385
0.1,172.172172172172,-1.88614544901018,0.000716577284922883
0.1,173.173173173173,-1.8027723384073,0.000717203575459743
0.1,174.174174174174,-1.74308216942528,0.000717285105547644
0.1,175.175175175175,-1.77816622788841,0.000717465079217049
0.1,176.176176176176,-1.83450206789455,0.00071707562428071
0.1,177.177177177177,-1.79302427873056,0.000717026569928194
0.1,178.178178178178,-1.75856266444029,0.000717632236432069
0.1,179.179179179179,-1.77219159529668,0.000717023408276136
0.1,180.18018018018,-1.78954883133616,0.000716751010344666
0.1,181.181181181181,-1.77637886706842,0.00071697318602577
0.1,182.182182182182,-1.75537339429541,0.000717542270593217
0.1,183.183183183183,-1.83874711754323,0.000716743807916396
0.1,184.184184184184,-1.8282820932795,0.000717144462362357
0.1,185.185185185185,-1.7774205704429,0.000717601463974036
0.1,186.186186186186,-1.8631983587753,0.000716312881917601
0.1,187.187187187187,-1.76067665040311,0.000717119068424537
0.1,188.188188188188,-1.74395880143521,0.000717279582552488
0.1,189.189189189189,-1.81478445416606,0.000717243624148769
0.1,190.19019019019,-1.80042758169676,0.000716408265919181
0.1,191.191191191191,-1.76971874093531,0.000717639791649356
0.1,192.192192192192,-1.81870497756123,0.000716545725370061
0.1,193.193193193193,-1.78835041378661,0.000716660520696052
0.1,194.194194194194,-1.77065622947933,0.000717275212655309
0.1,195.195195195195,-1.75955972832805,0.000717313406779401
0.1,196.196196196196,-1.79865351088566,0.00071629732466784
0.1,197.197197197197,-1.76268334245196,0.000717048272531228
0.1,198.198198198198,-1.82427896626294,0.000716248837291379
0.1,199.199199199199,-1.79919401126665,0.000716683840948607
0.1,200.2002002002,-1.79324885866458,0.000717506730696995
0.1,201.201201201201,-1.76143394469649,0.000717189602735979
0.1,202.202202202202,-1.81889848442448,0.000716873612368312
0.1,203.203203203203,-1.81130924639491,0.00071679461523155
0.1,204.204204204204,-1.76154934721006,0.000717143097955093
0.1,205.205205205205,-1.75169010903543,0.000717242459715969
0.1,206.206206206206,-1.8445844629936,0.000716471696996734
0.1,207.207207207207,-1.80304746498968,0.000717499369287558
0.1,208.208208208208,-1.75848211330356,0.000717243432044079
0.1,209.209209209209,-1.84185171533357,0.000716274174966193
0.1,210.21021021021,-1.76730466571179,0.000716666824619384
0.1,211.211211211211,-1.81112649716268,0.000717296216023113
0.1,212.212212212212,-1.76784319579037,0.000717354699479905
0.1,213.213213213213,-1.88609067329155,0.000717258563797516
0.1,214.214214214214,-1.81588739065182,0.000717173985053406
0.1,215.215215215215,-1.71949354281836,0.000717030919035076
0.1,216.216216216216,-1.78381866129335,0.000717038530809017
0.1,217.217217217217,-1.85938528143722,0.000716412783815082
0.1,218.218218218218,-1.80326321941732,0.000717469437309568
0.1,219.219219219219,-1.77293193719484,0.000717405370600997
0.1,220.22022022022,-1.79527455395227,0.000716763962993114
0.1,221.221221221221,-1.84235203897693,0.000717189591929723
0.1,222.222222222222,-1.81144878874627,0.000717215087000002
0.1,223.223223223223,-1.7714167693445,0.000717140985801907
0.1,224.224224224224,-1.76991666463949,0.000716941216305062
0.1,225.225225225225,-1.79578321126488,0.000716971926039827
0.1,226.226226226226,-1.79903721442727,0.000716865885660443
0.1,227.227227227227,-1.81586158898489,0.000716814022209967
0.1,228.228228228228,-1.7487153720272,0.00071712872569351
0.1,229.229229229229,-1.7406623608467,0.000717119679389102
0.1,230.23023023023,-1.76113884219775,0.000716818635835199
0.1,231.231231231231,-1.84246107066869,0.000716411815010751
0.1,232.232232232232,-1.70503295202297,0.000717216792861459
0.1,233.233233233233,-1.81689924053625,0.000716726488953279
0.1,234.234234234234,-1.82200575258481,0.000716466121732188
0.1,235.235235235235,-1.75756325614387,0.000717640331316123
0.1,236.236236236236,-1.81844255257874,0.000716486131335559
0.1,237.237237237237,-1.78069780050979,0.00071730079681847
0.1,238.238238238238,-1.8051790834664,0.000717251993182836
0.1,239.239239239239,-1.84253784591256,0.000716373681848037
0.1,240.24024024024,-1.76087124513243,0.000716932680420055
0.1,241.241241241241,-1.756540166474,0.000717272098163161
0.1,242.242242242242,-1.81828510354154,0.000717144072926038
0.1,243.243243243243,-1.76313229408853,0.000717388006357318
0.1,244.244244244244,-1.80741392528549,0.000716664793336928
0.1,245.245245245245,-1.78644153955889,0.000717060559302887
0.1,246.246246246246,-1.75504131646854,0.000716710174267202
0.1,247.247247247247,-1.81334702025509,0.000716271800702572
0.1,248.248248248248,-1.79441823370121,0.000717479598655139
0.1,249.249249249249,-1.78110060773556,0.000717044184360188
0.1,250.25025025025,-1.82903481026132,0.000716619243500176
0.1,251.251251251251,-1.75425488553933,0.000716320692550142
0.1,252.252252252252,-1.7415357477369,0.000717193399549218
0.1,253.253253253253,-1.82361105364666,0.000716590031077876
0.1,254.254254254254,-1.81414029774056,0.000716786107066938
0.1,255.255255255255,-1.77417886016223,0.000716967660798888
0.1,256.256256256256,-1.84389830375187,0.00071729746690596
0.1,257.257257257257,-1.76356875976793,0.00071703569076053
0.1,258.258258258258,-1.8001891737476,0.000717121490024257
0.1,259.259259259259,-1.79657274895789,0.000716901413575816
0.1,260.26026026026,-1.81458102663258,0.000716903391825397
0.1,261.261261261261,-1.80774418278774,0.000717251819343068
0.1,262.262262262262,-1.81933437426368,0.000716800235952846
0.1,263.263263263263,-1.79906742553056,0.000716862806934653
0.1,264.264264264264,-1.75271086371118,0.000717345766347536
0.1,265.265265265265,-1.76064114392371,0.000717422085647108
0.1,266.266266266266,-1.84908619273159,0.00071646743257801
0.1,267.267267267267,-1.74815272149032,0.000717347038666705
0.1,268.268268268268,-1.76019830003797,0.00071709577554
0.1,269.269269269269,-1.81546593893418,0.000716459608496379
0.1,270.27027027027,-1.84714940165546,0.000716792879300511
0.1,271.271271271271,-1.7645486033062,0.000717164874733677
0.1,272.272272272272,-1.77710810464964,0.000716841723811982
0.1,273.273273273273,-1.79595610049288,0.000716663823358004
0.1,274.274274274274,-1.77607663142782,0.000717345990224967
0.1,275.275275275275,-1.81981269712262,0.000717135127754089
0.1,276.276276276276,-1.76873773537329,0.000716785897695731
0.1,277.277277277277,-1.73349005923594,0.000717678089901119
0.1,278.278278278278,-1.80558198938738,0.000716674777025304
0.1,279.279279279279,-1.79731571095815,0.000717340452547398
0.1,280.28028028028,-1.77679223967315,0.000717540840819851
0.1,281.281281281281,-1.83466312864729,0.000716211056330386
0.1,282.282282282282,-1.78719030202495,0.000717160160269634
0.1,283.283283283283,-1.77636354527693,0.000717234467667535
0.1,284.284284284284,-1.76304725017512,0.000716428162291784
0.1,285.285285285285,-1.79531571189092,0.000716750802030592
0.1,286.286286286286,-1.74936801548397,0.000717227844724736
0.1,287.287287287287,-1.77238358526034,0.000716731423653516
0.1,288.288288288288,-1.77912867977597,0.000716320100379066
0.1,289.289289289289,-1.77635894566985,0.000716832115582269
0.1,290.29029029029,-1.76670141946995,0.000716897468763855
0.1,291.291291291291,-1.76492248558848,0.000716646019287965
0.1,292.292292292292,-1.79137656768239,0.000716621983884444
0.1,293.293293293293,-1.80339332698304,0.000717014634947147
0.1,294.294294294294,-1.77575082587109,0.00071662309687007
0.1,295.295295295295,-1.79799062414377,0.000717172267915855
0.1,296.296296296296,-1.73223163850754,0.000716589521187042
0.1,297.297297297297,-1.77579150924972,0.000717322048201592
0.1,298.298298298298,-1.78456587264117,0.000716282788961636
0.1,299.299299299299,-1.80584279050308,0.000717059459766352
0.1,300.3003003003,-1.77765703381103,0.000717437337091574
0.1,301.301301301301,-1.80150290199736,0.000716891341675504
0.1,302.302302302302,-1.7716272721537,0.000716356288533181
0.1,303.303303303303,-1.7567483194735,0.000717363028225432
0.1,304.304304304304,-1.76053921634617,0.000716969175788977
0.1,305.305305305305,-1.860545316574,0.000716501082788965
0.1,306.306306306306,-1.80688338820886,0.00071685958026887
0.1,307.307307307307,-1.79887966812621,0.000716775513706051
0.1,308.308308308308,-1.77765783438347,0.000716870694209389
0.1,309.309309309309,-1.82072464411967,0.000716469078770141
0.1,310.31031031031,-1.82412480534844,0.000717275308384641
0.1,311.311311311311,-1.7394792405185,0.000717306993560188
0.1,312.312312312312,-1.77243627424144,0.000716617562246443
0.1,313.313313313313,-1.81378279185932,0.000716252945019393
0.1,314.314314314314,-1.80556081354793,0.0007166405602494
0.1,315.315315315315,-1.79194515879023,0.000717006246767214
0.1,316.316316316316,-1.80688394751062,0.000717413700932224
0.1,317.317317317317,-1.75677817016993,0.000717026781472399
0.1,318.318318318318,-1.76302659030422,0.00071721531815991
0.1,319.319319319319,-1.84350377690978,0.000716804512411149
0.1,320.32032032032,-1.77221826077265,0.000717067308455707
0.1,321.321321321321,-1.72402268068145,0.000717387421116341
0.1,322.322322322322,-1.8623162425995,0.000717281542478417
0.1,323.323323323323,-1.80402079939134,0.000716972208059614
0.1,324.324324324324,-1.77095102217739,0.000717094876389036
0.1,325.325325325325,-1.85485340951339,0.000716141924659211
0.1,326.326326326326,-1.80962475936696,0.000716917743531602
0.1,327.327327327327,-1.75244913882102,0.000717216225239377
0.1,328.328328328328,-1.81450287167784,0.000716310589229466
0.1,329.329329329329,-1.78416919346431,0.000716691588153125
0.1,330.33033033033,-1.75603664002907,0.000717917874611089
0.1,331.331331331331,-1.84463457187816,0.000716737116201176
0.1,332.332332332332,-1.73823078914024,0.000717442787966718
0.1,333.333333333333,-1.77137837856301,0.000717534386078774
0.1,334.334334334334,-1.84013685591689,0.000716262519655746
0.1,335.335335335335,-1.77175416570263,0.000716744410482621
0.1,336.336336336336,-1.73897409958617,0.000717312725691633
0.1,337.337337337337,-1.81940401393125,0.00071676852199977
0.1,338.338338338338,-1.75732852186413,0.00071626235051435
0.1,339.339339339339,-1.7726329355315,0.000717089470559534
0.1,340.34034034034,-1.75660912834145,0.00071706368653937
0.1,341.341341341341,-1.79700402550569,0.000717108462671693
0.1,342.342342342342,-1.82417942950219,0.000716400166278026
0.1,343.343343343343,-1.78580868467093,0.000717115644544585
0.1,344.344344344344,-1.80396611334048,0.000716864250039649
0.1,345.345345345345,-1.8129939822644,0.000716396434948348
0.1,346.346346346346,-1.80103818522941,0.000716649311202391
0.1,347.347347347347,-1.76939479912005,0.000716953128792652
0.1,348.348348348348,-1.78167053421041,0.000717110249110232
0.1,349.349349349349,-1.82726286326636,0.000717491992490953
0.1,350.35035035035,-1.80787925337042,0.000717447321602165
0.1,351.351351351351,-1.74679966458003,0.000717000690296157
0.1,352.352352352352,-1.8078616193099,0.000716636590477337
0.1,353.353353353353,-1.81605070169106,0.000716734806305253
0.1,354.354354354354,-1.80312401482431,0.000717877388855996
0.1,355.355355355355,-1.78101658523023,0.000717044653903751
0.1,356.356356356356,-1.77882663327863,0.000717103935379048
0.1,357.357357357357,-1.76139756913781,0.000717462747238778
0.1,358.358358358358,-1.80142460483596,0.000717433218557304
0.1,359.359359359359,-1.85198167510012,0.000716715433390034
0.1,360.36036036036,-1.82686301228372,0.000716790554722175
0.1,361.361361361361,-1.78657126000668,0.000717395152581312
0.1,362.362362362362,-1.73392400338367,0.00071696706727703
0.1,363.363363363363,-1.83477814882571,0.000716685663270963
0.1,364.364364364364,-1.79084548656469,0.000716722177609563
0.1,365.365365365365,-1.77383950865825,0.000717631676033734
0.1,366.366366366366,-1.81731934479493,0.000716893258082762
0.1,367.367367367367,-1.77204948822373,0.000717157959845781
0.1,368.368368368368,-1.78055800846156,0.000717109750965328
0.1,369.369369369369,-1.76478406805506,0.000716905872507146
0.1,370.37037037037,-1.81927292837381,0.000716206795141792
0.1,371.371371371371,-1.80703186370876,0.000716141335483347
0.1,372.372372372372,-1.77929565076625,0.000717617928303265
0.1,373.373373373373,-1.76333939516221,0.000717691177392847
0.1,374.374374374374,-1.80792238343644,0.000717207855559284
0.1,375.375375375375,-1.83262446186943,0.000716846863126325
0.1,376.376376376376,-1.78608031213274,0.000716505164029907
0.1,377.377377377377,-1.76745123698893,0.000717509158991895
0.1,378.378378378378,-1.80078827442029,0.000717424539313218
0.1,379.379379379379,-1.79468499228847,0.000716304140067706
0.1,380.38038038038,-1.74644637818575,0.000717417223243072
0.1,381.381381381381,-1.77143505037063,0.000717304567673203
0.1,382.382382382382,-1.83374234532271,0.000716287333050961
0.1,383.383383383383,-1.80089636217483,0.000716660174132379
0.1,384.384384384384,-1.80428300286501,0.000717029095127019
0.1,385.385385385385,-1.76356697706332,0.000716811228205527
0.1,386.386386386386,-1.85643574192274,0.000717125175427348
0.1,387.387387387387,-1.76760212876129,0.000717591032941905
0.1,388.388388388388,-1.793592558344,0.000717683622880316
0.1,389.389389389389,-1.82713106262223,0.000716604444332756
0.1,390.39039039039,-1.81887712321765,0.000716718442344999
0.1,391.391391391391,-1.75146101829243,0.000717201100592229
0.1,392.392392392392,-1.78835560765461,0.000717284475202294
0.1,393.393393393393,-1.82926475996875,0.00071656365241999
0.1,394.394394394394,-1.85863468496681,0.00071692269332536
0.1,395.395395395395,-1.75509541933479,0.000717355133139652
0.1,396.396396396396,-1.76686425117092,0.000716308614210016
0.1,397.397397397397,-1.74208892189158,0.000717126117862065
0.1,398.398398398398,-1.82015025609831,0.000717148714154206
0.1,399.399399399399,-1.83382128565141,0.000717084849828014
0.1,400.4004004004,-1.78195037745548,0.000717412175605715
0.1,401.401401401401,-1.80296504466415,0.000717413039107781
0.1,402.402402402402,-1.79023423290668,0.000716859097863513
0.1,403.403403403403,-1.81364288330552,0.000716413798076163
0.1,404.404404404404,-1.76230232328245,0.000717226317049041
0.1,405.405405405405,-1.76224788754659,0.000716598058246642
0.1,406.406406406406,-1.82413608127214,0.00071639781127773
0.1,407.407407407407,-1.79586305749945,0.000717103713909533
0.1,408.408408408408,-1.78804121077968,0.000717570207701135
0.1,409.409409409409,-1.78373477708237,0.000717210977921206
0.1,410.41041041041,-1.80696255954751,0.000716559997497589
0.1,411.411411411411,-1.77688047556964,0.000717055726616055
0.1,412.412412412412,-1.81344691493723,0.000716815913950771
0.1,413.413413413413,-1.76499905366016,0.000717051939317019
0.1,414.414414414414,-1.77075425581716,0.000717513364563508
0.1,415.415415415415,-1.77915991514093,0.00071655615845773
0.1,416.416416416416,-1.82745409427033,0.000716035658875424
0.1,417.417417417417,-1.85230492691975,0.000716977336097863
0.1,418.418418418418,-1.80226921299053,0.000717131172429521
0.1,419.419419419419,-1.76215392241578,0.000717379471588175
0.1,420.42042042042,-1.78925854914424,0.000717007635018716
0.1,421.421421421421,-1.78717546056306,0.000717626572603209
0.1,422.422422422422,-1.80188373416774,0.00071753651021281
0.1,423.423423423423,-1.80791395927498,0.000717381199473251
0.1,424.424424424424,-1.84026768284808,0.000716592140646957
0.1,425.425425425425,-1.82165394924525,0.000717078402486874
0.1,426.426426426426,-1.79380343188331,0.000717371317152254
0.1,427.427427427427,-1.75055887209706,0.000717333045739941
0.1,428.428428428428,-1.82143925690955,0.000716337124343144
0.1,429.429429429429,-1.75554842702602,0.000716894023153932
0.1,430.43043043043,-1.76667284386402,0.000717302921950909
0.1,431.431431431431,-1.75419873680494,0.000716873893096046
0.1,432.432432432432,-1.82156714600972,0.00071700082619657
0.1,433.433433433433,-1.797083336338,0.000717023488559569
0.1,434.434434434434,-1.79610064006202,0.000717278196297794
0.1,435.435435435435,-1.76302941292104,0.00071711101453378
0.1,436.436436436436,-1.82142352473862,0.000716409507111636
0.1,437.437437437437,-1.76828228092018,0.000717519568940081
0.1,438.438438438438,-1.75400053242582,0.000717055719803415
0.1,439.439439439439,-1.80817406995676,0.000716764999512733
0.1,440.44044044044,-1.778981085348,0.000717251736064422
0.1,441.441441441441,-1.81151366683042,0.000717057770584116
0.1,442.442442442442,-1.760200948224,0.00071688288783582
0.1,443.443443443443,-1.83809899515607,0.000717055698954389
0.1,444.444444444444,-1.774868713101,0.000717511046327975
0.1,445.445445445446,-1.72072014418599,0.000717167676196783
0.1,446.446446446446,-1.79339505524144,0.000716837280209091
0.1,447.447447447447,-1.8199733928891,0.000717502682755765
0.1,448.448448448449,-1.7724899997099,0.0007172692066675
0.1,449.44944944945,-1.81814738925289,0.000716539026431093
0.1,450.45045045045,-1.78789824523627,0.000716680161007374
0.1,451.451451451451,-1.78700862592652,0.000717195964684206
0.1,452.452452452453,-1.73486079520906,0.000717633369150857
0.1,453.453453453454,-1.80263691943175,0.000716672330171834
0.1,454.454454454454,-1.7834603610043,0.000717241725301677
0.1,455.455455455455,-1.85707312997211,0.000716289162244686
0.1,456.456456456457,-1.75628312637071,0.000716990048424577
0.1,457.457457457458,-1.78904793929301,0.000716914127370771
0.1,458.458458458458,-1.83458070866021,0.000716426987933673
0.1,459.459459459459,-1.8320436704912,0.000716957709940387
0.1,460.460460460461,-1.72865962147115,0.000717400603338996
0.1,461.461461461462,-1.85889010730183,0.000717036147912137
0.1,462.462462462462,-1.79056327294872,0.000717172449801586
0.1,463.463463463463,-1.7761369411969,0.000716580181293106
0.1,464.464464464465,-1.82651304566626,0.000716417472085701
0.1,465.465465465466,-1.78775627210875,0.000717056965929161
0.1,466.466466466466,-1.77336737144121,0.000717490937588953
0.1,467.467467467467,-1.77356273291731,0.000716940501976311
0.1,468.468468468469,-1.8095212568282,0.00071689024025962
0.1,469.46946946947,-1.77341160575409,0.000716747330462163
0.1,470.470470470471,-1.81201637120475,0.000716827672214296
0.1,471.471471471471,-1.77599167718571,0.000716521522410844
0.1,472.472472472473,-1.81956536104639,0.00071615936807046
0.1,473.473473473474,-1.76804230360806,0.000716936665638016
0.1,474.474474474475,-1.79424276312061,0.000717808670759027
0.1,475.475475475475,-1.76267096206258,0.00071682893043835
0.1,476.476476476477,-1.77142405823743,0.000716772229837588
0.1,477.477477477478,-1.79673520409718,0.000716719679602567
0.1,478.478478478479,-1.76158111924904,0.000717733069253255
0.1,479.479479479479,-1.78467996068491,0.000717018883802514
0.1,480.480480480481,-1.84198726196978,0.000716591986481622
0.1,481.481481481482,-1.75973072742278,0.00071745999493239
0.1,482.482482482483,-1.75347385112744,0.000717157906401798
0.1,483.483483483484,-1.82477751649342,0.000716128319465606
0.1,484.484484484485,-1.809747676242,0.000716909389708515
0.1,485.485485485486,-1.76998444644149,0.000716963080532097
0.1,486.486486486487,-1.78301624978776,0.000717258358596113
0.1,487.487487487488,-1.84212498581908,0.000716864676886756
0.1,488.488488488489,-1.80254636498159,0.000717499182292348
0.1,489.48948948949,-1.76330096601609,0.00071727322577247
0.1,490.490490490491,-1.77828938867519,0.000716839029941598
0.1,491.491491491492,-1.81698453236767,0.000716824499168685
0.1,492.492492492493,-1.77689865001234,0.000717274049573291
0.1,493.493493493494,-1.84774755532203,0.000716311788547679
0.1,494.494494494495,-1.77327303201406,0.000717014260075782
0.1,495.495495495496,-1.81878362259906,0.000716217287605139
0.1,496.496496496497,-1.83805100938583,0.000716656379668326
0.1,497.497497497498,-1.79885829593305,0.000717454030936281
0.1,498.498498498499,-1.77450792893661,0.000717668370907283
0.1,499.4994994995,-1.84739775717895,0.000716729534790465
0.1,500.500500500501,-1.83608089109177,0.000716761479374882
0.1,501.501501501502,-1.74281540821764,0.000716996302134057
0.1,502.502502502503,-1.83912801020903,0.000716463267353667
0.1,503.503503503504,-1.8513561120689,0.000716733782764887
0.1,504.504504504505,-1.80991900455341,0.0007172292511237
0.1,505.505505505506,-1.77373114339962,0.000717040278720904
0.1,506.506506506507,-1.76963401447223,0.000717329017120767
0.1,507.507507507508,-1.86872554267968,0.000716647799266243
0.1,508.508508508509,-1.79624771998421,0.000717188842950477
0.1,509.50950950951,-1.7760883954047,0.000717285369185049
0.1,510.510510510511,-1.79376515740092,0.000717176500092001
0.1,511.511511511512,-1.79782091516134,0.000716507261618139
0.1,512.512512512513,-1.81292061273971,0.000716331644220633
0.1,513.513513513514,-1.8056828729954,0.000716384651078695
0.1,514.514514514515,-1.72108801221233,0.000717337250606799
0.1,515.515515515516,-1.74532829133377,0.000717540052726658
0.1,516.516516516517,-1.78702609936517,0.00071619250521918
0.1,517.517517517518,-1.81293506149642,0.000716511176066871
0.1,518.518518518519,-1.77349102214843,0.000716360938512068
0.1,519.51951951952,-1.84746176004489,0.000716445904930607
0.1,520.520520520521,-1.86271625677171,0.000716693919074263
0.1,521.521521521522,-1.79390213429742,0.000717025454299734
0.1,522.522522522523,-1.77665981975222,0.000717221249267414
0.1,523.523523523524,-1.81406797533103,0.000717011005807063
0.1,524.524524524525,-1.80422770772958,0.000716321878889102
0.1,525.525525525526,-1.82137285560935,0.000716661733991923
0.1,526.526526526527,-1.75963625863312,0.000717163107323545
0.1,527.527527527528,-1.77371247574554,0.0007168524772699
0.1,528.528528528529,-1.81540981277781,0.000715918004942377
0.1,529.52952952953,-1.77994019855545,0.000716888970113447
0.1,530.530530530531,-1.75390656886849,0.00071681543553903
0.1,531.531531531532,-1.78584796947433,0.000716420838351865
0.1,532.532532532533,-1.83022278072,0.000716890922110874
0.1,533.533533533534,-1.76394656241036,0.000716717399188929
0.1,534.534534534535,-1.7757829963703,0.000717064276478719
0.1,535.535535535536,-1.83902077180224,0.000716533985430187
0.1,536.536536536537,-1.77273268273432,0.000717458810002941
0.1,537.537537537538,-1.8172930613285,0.000717286292180252
0.1,538.538538538539,-1.78701996060042,0.00071622685073048
0.1,539.53953953954,-1.81397663718766,0.000717281716376915
0.1,540.540540540541,-1.78060571392222,0.000717161122320055
0.1,541.541541541542,-1.80308524759503,0.00071672215623197
0.1,542.542542542543,-1.74000001327476,0.000717819925650709
0.1,543.543543543544,-1.7293005308292,0.000716929365013769
0.1,544.544544544545,-1.82488027362489,0.000716729723430105
0.1,545.545545545546,-1.82259652119433,0.000717023423956953
0.1,546.546546546547,-1.74241521197873,0.000717279181605157
0.1,547.547547547548,-1.78637107786515,0.000716367250892469
0.1,548.548548548549,-1.75082262798589,0.000717480826398504
0.1,549.54954954955,-1.76184193038571,0.000717247662928173
0.1,550.550550550551,-1.78997819448946,0.000716998550481305
0.1,551.551551551552,-1.78933708828931,0.000716341069272564
0.1,552.552552552553,-1.7583958642557,0.000717508310994457
0.1,553.553553553554,-1.76384853803365,0.000717271649351164
0.1,554.554554554555,-1.79971795036097,0.000717321464546315
0.1,555.555555555556,-1.81506512868254,0.000717130359376225
0.1,556.556556556557,-1.80733249906401,0.000716951029853638
0.1,557.557557557558,-1.8214805506379,0.000716619886237482
0.1,558.558558558559,-1.74485304692862,0.000717200820216873
0.1,559.55955955956,-1.80587493479775,0.000716859314752115
0.1,560.560560560561,-1.80861043388749,0.000717024577583497
0.1,561.561561561562,-1.82912915038495,0.000716848871621676
0.1,562.562562562563,-1.83674236608195,0.000717667173996985
0.1,563.563563563564,-1.75519706836153,0.00071694012475576
0.1,564.564564564565,-1.85258620110327,0.000716337880781055
0.1,565.565565565566,-1.76159891724165,0.00071724672307756
0.1,566.566566566567,-1.76201155056131,0.000717194357488563
0.1,567.567567567568,-1.78892860742648,0.00071677598730196
0.1,568.568568568569,-1.83026402619452,0.00071651367184214
0.1,569.56956956957,-1.80451550063505,0.000716877854469769
0.1,570.570570570571,-1.78656259926521,0.000717380588861065
0.1,571.571571571572,-1.82848911944041,0.000716914930792403
0.1,572.572572572573,-1.82153504569364,0.000717002332201024
0.1,573.573573573574,-1.7417026837557,0.00071698150414123
0.1,574.574574574575,-1.76454438518081,0.000717145979760362
0.1,575.575575575576,-1.78238342608182,0.000717202191378046
0.1,576.576576576577,-1.78724147109238,0.000716801587615775
0.1,577.577577577578,-1.77625285405943,0.000717605333670773
0.1,578.578578578579,-1.79511930713222,0.000717008626199044
0.1,579.57957957958,-1.8542469573814,0.000716763727487211
0.1,580.580580580581,-1.76400646342145,0.00071764724432467
0.1,581.581581581582,-1.78008969711815,0.00071709726862393
0.1,582.582582582583,-1.81987636710923,0.000716441853759247
0.1,583.583583583584,-1.78028528983736,0.000717013246754375
0.1,584.584584584585,-1.75846944140426,0.000716930675800861
0.1,585.585585585586,-1.84418100971943,0.000716385753081875
0.1,586.586586586587,-1.77435071994374,0.00071734542853458
0.1,587.587587587588,-1.76735360152969,0.000717036876982031
0.1,588.588588588589,-1.78358366339365,0.000716889005879805
0.1,589.58958958959,-1.86049334988426,0.0007164713774487
0.1,590.590590590591,-1.77687964815288,0.000717546658755317
0.1,591.591591591592,-1.77331282828647,0.000717159501675322
0.1,592.592592592593,-1.81862538785681,0.000716339223340888
0.1,593.593593593594,-1.80127460733026,0.000716759949467461
0.1,594.594594594595,-1.77832631309443,0.000717013775967265
0.1,595.595595595596,-1.75233651438705,0.000717737149260874
0.1,596.596596596597,-1.76721068956714,0.000716985442904036
0.1,597.597597597598,-1.78780417679412,0.000716876658440416
0.1,598.598598598599,-1.79675546062935,0.000717643177002656
0.1,599.5995995996,-1.68634256860194,0.000717013275238256
0.1,600.600600600601,-1.75717707429341,0.000717252730357422
0.1,601.601601601602,-1.80864962521005,0.000716752486808105
0.1,602.602602602603,-1.82137111043241,0.000716894283854855
0.1,603.603603603604,-1.75991716335162,0.00071652428346795
0.1,604.604604604605,-1.75409063478479,0.00071766728775632
0.1,605.605605605606,-1.84308395733895,0.000716867943899809
0.1,606.606606606607,-1.80969821582419,0.000716765124841809
0.1,607.607607607608,-1.78201333733297,0.000717281452856969
0.1,608.608608608609,-1.79076631151004,0.000717013191842151
0.1,609.60960960961,-1.77798297089354,0.000716866500266246
0.1,610.610610610611,-1.77949270784247,0.000716878923349426
0.1,611.611611611612,-1.81765196932259,0.00071669432225332
0.1,612.612612612613,-1.74847602757411,0.000717811962614723
0.1,613.613613613614,-1.78438006087237,0.000717390584941397
0.1,614.614614614615,-1.82440503081304,0.000716728830328295
0.1,615.615615615616,-1.80233410366608,0.000717025171281544
0.1,616.616616616617,-1.7450866435841,0.000717043276106128
0.1,617.617617617618,-1.76479122825849,0.000717069727530052
0.1,618.618618618619,-1.82864750594027,0.000716836082652768
0.1,619.61961961962,-1.797798922856,0.000716859674706149
0.1,620.620620620621,-1.76826183357373,0.000717205650848167
0.1,621.621621621622,-1.78958670301347,0.00071642862643222
0.1,622.622622622623,-1.80267068938695,0.000716873942487683
0.1,623.623623623624,-1.76336654857216,0.0007169136286973
0.1,624.624624624625,-1.79613747804406,0.00071637917330537
0.1,625.625625625626,-1.85093885520787,0.000716668282289334
0.1,626.626626626627,-1.77857326026977,0.000717408014551177
0.1,627.627627627628,-1.75964761257955,0.000717049078478236
0.1,628.628628628629,-1.83411358632986,0.000716547179692421
0.1,629.62962962963,-1.75555360341257,0.000717591213007017
0.1,630.630630630631,-1.80339553142041,0.000716688831265824
0.1,631.631631631632,-1.79586640885905,0.000716588741374729
0.1,632.632632632633,-1.76836342556409,0.000716427831174009
0.1,633.633633633634,-1.77238845946415,0.000717078033194825
0.1,634.634634634635,-1.8240341585128,0.000716510599400423
0.1,635.635635635636,-1.79926801600562,0.000716675724804419
0.1,636.636636636637,-1.80401774599342,0.000717478297088603
0.1,637.637637637638,-1.8232876163852,0.000716987947195106
0.1,638.638638638639,-1.718653396944,0.000717431713081418
0.1,639.63963963964,-1.74429276272382,0.000716677623005485
0.1,640.640640640641,-1.81984606791039,0.000716416574226789
0.1,641.641641641642,-1.76947526783883,0.000716772202939407
0.1,642.642642642643,-1.75762210882322,0.000717207382433212
0.1,643.643643643644,-1.80771031525217,0.000717078647800628
0.1,644.644644644645,-1.80228384541091,0.000716378274389324
0.1,645.645645645646,-1.80413932469239,0.000716723346975654
0.1,646.646646646647,-1.78781827464414,0.000716654936680789
0.1,647.647647647648,-1.81451250150602,0.000716630968698907
0.1,648.648648648649,-1.74265045548822,0.000717866056969741
0.1,649.64964964965,-1.73852374890238,0.000717555182718205
0.1,650.650650650651,-1.82906240566077,0.000716996494297476
0.1,651.651651651652,-1.7869225497498,0.000716683345622727
0.1,652.652652652653,-1.74747800831784,0.000716884218414804
0.1,653.653653653654,-1.78865298320922,0.000717054129639372
0.1,654.654654654655,-1.82908217305388,0.000716818368204177
0.1,655.655655655656,-1.78872322983803,0.000717382862050955
0.1,656.656656656657,-1.80999113909174,0.000716151127947978
0.1,657.657657657658,-1.83368992208833,0.000717033454922698
0.1,658.658658658659,-1.74197903484653,0.000717334316121033
0.1,659.65965965966,-1.7837369380535,0.000717020492290209
0.1,660.660660660661,-1.83638997317867,0.000717465374803385
0.1,661.661661661662,-1.76216071830864,0.000717069690236723
0.1,662.662662662663,-1.80105106746837,0.000716993443350811
0.1,663.663663663664,-1.81123147371946,0.000717372471013717
0.1,664.664664664665,-1.80339781950986,0.000716586697817776
0.1,665.665665665666,-1.76354652018552,0.000717208541580343
0.1,666.666666666667,-1.75144987929606,0.000717210810071862
0.1,667.667667667668,-1.81221400253648,0.000715827367999797
0.1,668.668668668669,-1.72308864913592,0.000717176349979012
0.1,669.66966966967,-1.79177462734723,0.000716931419611897
0.1,670.670670670671,-1.82321495848386,0.000716821023430451
0.1,671.671671671672,-1.81183165561239,0.000716244715350789
0.1,672.672672672673,-1.78719700985124,0.000717166236615566
0.1,673.673673673674,-1.78366759459387,0.000716452870384733
0.1,674.674674674675,-1.82351702832915,0.00071663987939655
0.1,675.675675675676,-1.75730217461376,0.000717405918372456
0.1,676.676676676677,-1.84755197882822,0.000717079011102252
0.1,677.677677677678,-1.79012492844507,0.000716856233266031
0.1,678.678678678679,-1.76931917833795,0.000717243745954066
0.1,679.67967967968,-1.80910390985374,0.000716630286906383
0.1,680.680680680681,-1.79606925331002,0.000716573498680981
0.1,681.681681681682,-1.75333145964422,0.000717038627184375
0.1,682.682682682683,-1.82936360504828,0.00071652902212861
0.1,683.683683683684,-1.78913085027343,0.000716979905109008
0.1,684.684684684685,-1.73451370582633,0.000717417728552993
0.1,685.685685685686,-1.80131259997381,0.000716898912456148
0.1,686.686686686687,-1.75693269325718,0.000717121884335137
0.1,687.687687687688,-1.76549883867164,0.000717430382913541
0.1,688.688688688689,-1.75940077161616,0.000716534575898103
0.1,689.68968968969,-1.85423060793362,0.000716184692237453
0.1,690.690690690691,-1.82467370068368,0.000716877428797255
0.1,691.691691691692,-1.78423913309646,0.00071707637925038
0.1,692.692692692693,-1.75479140948218,0.000717325007001434
0.1,693.693693693694,-1.79258567621663,0.000716224525506118
0.1,694.694694694695,-1.79404009866429,0.000716551039992414
0.1,695.695695695696,-1.74972768065629,0.000717451656261553
0.1,696.696696696697,-1.81840766775637,0.000716689702344015
0.1,697.697697697698,-1.81473361341173,0.000716643581655051
0.1,698.698698698699,-1.78827350268658,0.000717138092309437
0.1,699.6996996997,-1.80400579081487,0.000716942782918516
0.1,700.700700700701,-1.8320232198768,0.00071650129932519
0.1,701.701701701702,-1.77891322147002,0.000716836354042487
0.1,702.702702702703,-1.74917447788372,0.000716922876268224
0.1,703.703703703704,-1.79337617212673,0.000717291401072635
0.1,704.704704704705,-1.79467774716931,0.000716674456067758
0.1,705.705705705706,-1.80890627721693,0.000716440363846718
0.1,706.706706706707,-1.77913664906109,0.000717494689650198
0.1,707.707707707708,-1.77769807899332,0.000717084285670982
0.1,708.708708708709,-1.84115427248982,0.000717047664914254
0.1,709.70970970971,-1.85137637366836,0.000717172711735832
0.1,710.710710710711,-1.75836870735947,0.000716906186240945
0.1,711.711711711712,-1.79682472922975,0.000716911819295467
0.1,712.712712712713,-1.78748464697317,0.00071684067255122
0.1,713.713713713714,-1.76205232046865,0.000717209267067728
0.1,714.714714714715,-1.78717497221904,0.000717501089655239
0.1,715.715715715716,-1.78864592896791,0.000716901780694868
0.1,716.716716716717,-1.75031421607761,0.000717087166888955
0.1,717.717717717718,-1.76007596698177,0.000716531524246682
0.1,718.718718718719,-1.79464802420308,0.00071714374216064
0.1,719.71971971972,-1.70742898710298,0.000717056242438584
0.1,720.720720720721,-1.73814670588929,0.000717482608725967
0.1,721.721721721722,-1.82196834643077,0.000716728503673973
0.1,722.722722722723,-1.76777904189087,0.000716787053965109
0.1,723.723723723724,-1.72553310730389,0.000716968400322659
0.1,724.724724724725,-1.72721656672993,0.000717009136500986
0.1,725.725725725726,-1.77614169189142,0.000716559396340876
0.1,726.726726726727,-1.84415472390939,0.000717042198299563
0.1,727.727727727728,-1.73801333186885,0.000717053569417226
0.1,728.728728728729,-1.70752871758167,0.000716988802357561
0.1,729.72972972973,-1.8188086706015,0.00071664019964934
0.1,730.730730730731,-1.78447375886768,0.000717195081448977
0.1,731.731731731732,-1.7294853925909,0.000717818547030871
0.1,732.732732732733,-1.80467320776611,0.000717095900810347
0.1,733.733733733734,-1.79924015643563,0.000716375716947921
0.1,734.734734734735,-1.75967861407,0.000717671292002689
0.1,735.735735735736,-1.77315482041997,0.000717126243132412
0.1,736.736736736737,-1.82314109018213,0.000716009250441605
0.1,737.737737737738,-1.76134821289684,0.000717459118098693
0.1,738.738738738739,-1.77511712576722,0.000716951454997585
0.1,739.73973973974,-1.78324336093167,0.000716688826215074
0.1,740.740740740741,-1.78703832087555,0.000716352726521088
0.1,741.741741741742,-1.82500255926577,0.000716692141973738
0.1,742.742742742743,-1.7921214159559,0.000717387482136449
0.1,743.743743743744,-1.75861289416563,0.000716840702503343
0.1,744.744744744745,-1.81887150152413,0.000716541239129443
0.1,745.745745745746,-1.76256350176078,0.000717144964324688
0.1,746.746746746747,-1.77853536321393,0.000717011926864188
0.1,747.747747747748,-1.84504005348438,0.000716562150585342
0.1,748.748748748749,-1.74243294680579,0.000717840794233963
0.1,749.74974974975,-1.79300681685429,0.000716983739567954
0.1,750.750750750751,-1.760415096033,0.000717257985310448
0.1,751.751751751752,-1.79537682896679,0.000717035353534871
0.1,752.752752752753,-1.82487020445166,0.000716352156491091
0.1,753.753753753754,-1.74522130802283,0.000717102403885926
0.1,754.754754754755,-1.7837898370601,0.000717558155495704
0.1,755.755755755756,-1.84554541725531,0.000716894771545881
0.1,756.756756756757,-1.77674082355944,0.000716812944579592
0.1,757.757757757758,-1.76151679213144,0.000716835744017597
0.1,758.758758758759,-1.86403053573156,0.000716507935423431
0.1,759.75975975976,-1.82249934807116,0.000717070869528125
0.1,760.760760760761,-1.75577319653494,0.000717026343290469
0.1,761.761761761762,-1.77019467175295,0.000716629166697011
0.1,762.762762762763,-1.81900707753538,0.000716999913302868
0.1,763.763763763764,-1.74920112672848,0.000717133166888485
0.1,764.764764764765,-1.74263474811613,0.0007171443606426
0.1,765.765765765766,-1.77861934916945,0.000716832228930496
0.1,766.766766766767,-1.77688524078558,0.000717068342332492
0.1,767.767767767768,-1.73221899954475,0.000717559731623361
0.1,768.768768768769,-1.74867089557599,0.000717328630092364
0.1,769.76976976977,-1.76277537377747,0.000716636567514043
0.1,770.770770770771,-1.84828585287255,0.000715957872685347
0.1,771.771771771772,-1.74504905332146,0.000717004621717757
0.1,772.772772772773,-1.76391251536245,0.000717092418788039
0.1,773.773773773774,-1.83312869100588,0.000716411430448993
0.1,774.774774774775,-1.77943437720454,0.000717444528831048
0.1,775.775775775776,-1.81143071542264,0.000716922667190665
0.1,776.776776776777,-1.79334117551256,0.000716918010340409
0.1,777.777777777778,-1.82926079934487,0.000717002799101753
0.1,778.778778778779,-1.84572302664944,0.000717567188468481
0.1,779.77977977978,-1.80047197992946,0.000717413657296093
0.1,780.780780780781,-1.78927482373185,0.000717294550567656
0.1,781.781781781782,-1.83540580896468,0.000716448097191038
0.1,782.782782782783,-1.81936288063051,0.00071724981701433
0.1,783.783783783784,-1.79089462841127,0.000717225914985847
0.1,784.784784784785,-1.75874274052914,0.000717197566183072
0.1,785.785785785786,-1.78483586379139,0.000716587646419107
0.1,786.786786786787,-1.7480455500094,0.000717049319034888
0.1,787.787787787788,-1.80546699906283,0.000717179465763212
0.1,788.788788788789,-1.80365342861036,0.000716742909352728
0.1,789.78978978979,-1.81074287952027,0.000716239364433512
0.1,790.790790790791,-1.76447938001841,0.000717231804336569
0.1,791.791791791792,-1.78115274298199,0.000717401734824462
0.1,792.792792792793,-1.85665978720044,0.000716647431266247
0.1,793.793793793794,-1.84545670908979,0.000716933605470796
0.1,794.794794794795,-1.75182919605304,0.000717331164100637
0.1,795.795795795796,-1.7799742062746,0.000716955498886468
0.1,796.796796796797,-1.8251164386439,0.000716694492804228
0.1,797.797797797798,-1.82583644017377,0.000716651745252797
0.1,798.798798798799,-1.7890305058524,0.000717332533382461
0.1,799.7997997998,-1.81326528403695,0.000716167630686399
0.1,800.800800800801,-1.79622327575435,0.000717202471929591
0.1,801.801801801802,-1.76263426026139,0.000717339330399947
0.1,802.802802802803,-1.76188755858589,0.000717436456322991
0.1,803.803803803804,-1.86824266921064,0.000715896768417857
0.1,804.804804804805,-1.82129168978775,0.000716508409254259
0.1,805.805805805806,-1.82300155238088,0.00071661685660968
0.1,806.806806806807,-1.71001633304324,0.000717348071192708
0.1,807.807807807808,-1.80265786729715,0.000717588012887037
0.1,808.808808808809,-1.86299493280602,0.000716654427788358
0.1,809.80980980981,-1.78629938107753,0.000717515922592209
0.1,810.810810810811,-1.78978855839059,0.000717284423578931
0.1,811.811811811812,-1.79127247520951,0.000716981352736188
0.1,812.812812812813,-1.82677888432711,0.000716841049008286
0.1,813.813813813814,-1.74718113398306,0.000717503866158243
0.1,814.814814814815,-1.76730470104472,0.00071722318294119
0.1,815.815815815816,-1.77041983424298,0.000716932271074384
0.1,816.816816816817,-1.81656327042647,0.000716453263168643
0.1,817.817817817818,-1.79995623194966,0.000717042970535751
0.1,818.818818818819,-1.78179303719238,0.000716861463904982
0.1,819.81981981982,-1.78376268555715,0.000716757025024465
0.1,820.820820820821,-1.84120071952842,0.000717161965795309
0.1,821.821821821822,-1.76643035158531,0.000717106943335609
0.1,822.822822822823,-1.75652502336937,0.000717216171149368
0.1,823.823823823824,-1.79712609959416,0.000716193377706883
0.1,824.824824824825,-1.77828427532403,0.000716574913771934
0.1,825.825825825826,-1.77963178968005,0.00071701942881368
0.1,826.826826826827,-1.78351546107742,0.000716841827822195
0.1,827.827827827828,-1.79164525707486,0.000716394968997517
0.1,828.828828828829,-1.78580621327593,0.000716769486458107
0.1,829.82982982983,-1.80817931193011,0.00071736600617114
0.1,830.830830830831,-1.74662846369964,0.000717076091416358
0.1,831.831831831832,-1.81292316690188,0.000716741686601384
0.1,832.832832832833,-1.77906593813502,0.000716291401547568
0.1,833.833833833834,-1.73067432821656,0.00071733503773226
0.1,834.834834834835,-1.78226724906595,0.000717342791749417
0.1,835.835835835836,-1.79434719342097,0.0007165970912042
0.1,836.836836836837,-1.7876952639903,0.000716454761890619
0.1,837.837837837838,-1.80269244289591,0.000717225099113529
0.1,838.838838838839,-1.81564252600887,0.000716755100982352
0.1,839.83983983984,-1.7977306388807,0.000717227631947209
0.1,840.840840840841,-1.7841463060608,0.000716857281825229
0.1,841.841841841842,-1.76056669317616,0.000716928767498295
0.1,842.842842842843,-1.75498378352479,0.000717580894265979
0.1,843.843843843844,-1.7344642575556,0.000716982393543072
0.1,844.844844844845,-1.82174075493436,0.00071632347516103
0.1,845.845845845846,-1.78362743402394,0.00071720530328609
0.1,846.846846846847,-1.78311109032985,0.000716898633196655
0.1,847.847847847848,-1.77360934109715,0.00071696052867001
0.1,848.848848848849,-1.8239047649873,0.000716541099646521
0.1,849.84984984985,-1.79248322996406,0.000716727797978481
0.1,850.850850850851,-1.8210816294368,0.0007163702976106
0.1,851.851851851852,-1.83380862376559,0.000716731437748632
0.1,852.852852852853,-1.83606993680306,0.000716705393086274
0.1,853.853853853854,-1.75976517318312,0.000717812209279259
0.1,854.854854854855,-1.75270558426429,0.000716829478444728
0.1,855.855855855856,-1.81408138229906,0.000716782252111344
0.1,856.856856856857,-1.85667462854,0.000716557118804991
0.1,857.857857857858,-1.76792140873553,0.00071683707976479
0.1,858.858858858859,-1.75795822541662,0.000717009826926769
0.1,859.85985985986,-1.83867840604288,0.000716657180682042
0.1,860.860860860861,-1.81878854612767,0.000717122820368323
0.1,861.861861861862,-1.7758985625233,0.000716962902698713
0.1,862.862862862863,-1.7848421557997,0.000717102767070091
0.1,863.863863863864,-1.85617071440896,0.000716216579736649
0.1,864.864864864865,-1.82808106406346,0.000716596548248572
0.1,865.865865865866,-1.81159049357357,0.000717390116866074
0.1,866.866866866867,-1.77559659372929,0.00071741051837241
0.1,867.867867867868,-1.77641918127952,0.000717152831044046
0.1,868.868868868869,-1.82391865831186,0.000716921650580398
0.1,869.86986986987,-1.77949542901198,0.000717354179839949
0.1,870.870870870871,-1.77925583539864,0.000716830812253843
0.1,871.871871871872,-1.79971127435626,0.000716202990869887
0.1,872.872872872873,-1.76783602659757,0.000717066748703398
0.1,873.873873873874,-1.81752275346472,0.00071735068131461
0.1,874.874874874875,-1.87251806345878,0.00071644898994047
0.1,875.875875875876,-1.75916616108256,0.000717107528106749
0.1,876.876876876877,-1.83232652578807,0.000717254216041416
0.1,877.877877877878,-1.83082324259328,0.000716820352561642
0.1,878.878878878879,-1.82408504986862,0.000717200117046755
0.1,879.87987987988,-1.84215213038718,0.000717698348400753
0.1,880.880880880881,-1.77182188113476,0.000717031549439155
0.1,881.881881881882,-1.80104809379317,0.000716897505117509
0.1,882.882882882883,-1.83759133568222,0.00071695194779809
0.1,883.883883883884,-1.82796458034698,0.000717334078853241
0.1,884.884884884885,-1.7988217332969,0.000717258363764323
0.1,885.885885885886,-1.75453040918509,0.000716240410760983
0.1,886.886886886887,-1.83967390708501,0.000716233762564434
0.1,887.887887887888,-1.78387701877473,0.000716726491948491
0.1,888.888888888889,-1.77201907071751,0.000717240129969424
0.1,889.88988988989,-1.81734327476391,0.000716693064087996
0.1,890.890890890891,-1.75328006865389,0.00071704636299534
0.1,891.891891891892,-1.77460859602126,0.00071712775671299
0.1,892.892892892893,-1.79704088103914,0.000717291238097852
0.1,893.893893893894,-1.80694512747831,0.000716982001757567
0.1,894.894894894895,-1.8153201513209,0.000717102531622918
0.1,895.895895895896,-1.81464666980771,0.000717144504706435
0.1,896.896896896897,-1.7808315591828,0.000717136204268601
0.1,897.897897897898,-1.80157373819871,0.000716958765018576
0.1,898.898898898899,-1.82270904128924,0.000716411024157264
0.1,899.8998998999,-1.81810207144739,0.000716183467371842
0.1,900.900900900901,-1.83739053618656,0.000717346033743639
0.1,901.901901901902,-1.75495843126035,0.000717007336613357
0.1,902.902902902903,-1.78302088769471,0.000716830705365877
0.1,903.903903903904,-1.82170598775486,0.000716762109602772
0.1,904.904904904905,-1.82299449815569,0.000717454011966604
0.1,905.905905905906,-1.79599578322897,0.000716489509700031
0.1,906.906906906907,-1.83756833417745,0.000716288550164258
0.1,907.907907907908,-1.83664183220229,0.000717436172834963
0.1,908.908908908909,-1.78086519558472,0.000717338147291118
0.1,909.90990990991,-1.77367107251992,0.000716934363318219
0.1,910.910910910911,-1.79441233680602,0.000716368710441768
0.1,911.911911911912,-1.80909786376245,0.000717290100504503
0.1,912.912912912913,-1.77076540042674,0.000716990024697798
0.1,913.913913913914,-1.7558381742199,0.000716961479385609
0.1,914.914914914915,-1.7757666138933,0.000716747762536209
0.1,915.915915915916,-1.83668264286121,0.000716438878221454
0.1,916.916916916917,-1.82523497706358,0.000716788660808374
0.1,917.917917917918,-1.77980488817655,0.000716542018002081
0.1,918.918918918919,-1.84156387142068,0.000716525194599763
0.1,919.91991991992,-1.80026221815564,0.000717367887105688
0.1,920.920920920921,-1.76797452517032,0.000717345374385841
0.1,921.921921921922,-1.78285285531797,0.000716887541044837
0.1,922.922922922923,-1.76390369741412,0.000716166634807698
0.1,923.923923923924,-1.76555877448904,0.000717241937374449
0.1,924.924924924925,-1.75083232492925,0.00071722434572956
0.1,925.925925925926,-1.76151945023219,0.000717036802277914
0.1,926.926926926927,-1.85082806728239,0.000716154943907083
0.1,927.927927927928,-1.83800503432602,0.0007165794997355
0.1,928.928928928929,-1.75312038682456,0.000717361185934994
0.1,929.92992992993,-1.77364219125233,0.000716885328581406
0.1,930.930930930931,-1.81629687090945,0.000716787140884994
0.1,931.931931931932,-1.83095070641749,0.000716350302689642
0.1,932.932932932933,-1.80267433026047,0.000716789967249472
0.1,933.933933933934,-1.75292572382124,0.000717399561005142
0.1,934.934934934935,-1.79743980817682,0.000716458561581611
0.1,935.935935935936,-1.86631080787798,0.000717063765237103
0.1,936.936936936937,-1.73627713853632,0.000717215049060647
0.1,937.937937937938,-1.81806424002908,0.000716741394421368
0.1,938.938938938939,-1.79088203058035,0.000717528326000956
0.1,939.93993993994,-1.76172241347998,0.00071735477118881
0.1,940.940940940941,-1.76792087340914,0.000716478162661526
0.1,941.941941941942,-1.79427597034958,0.000716558218987553
0.1,942.942942942943,-1.78387718596892,0.000717430720550308
0.1,943.943943943944,-1.72418144446991,0.000717738775015087
0.1,944.944944944945,-1.84114760812433,0.000716529940366711
0.1,945.945945945946,-1.79909002073394,0.000716835247047286
0.1,946.946946946947,-1.73116208399901,0.000717892279524213
0.1,947.947947947948,-1.7393175115735,0.000717021036068052
0.1,948.948948948949,-1.832054739429,0.000716573776530962
0.1,949.94994994995,-1.79441060904934,0.000717345406158583
0.1,950.950950950951,-1.7600125644134,0.000717531317689403
0.1,951.951951951952,-1.82299159488777,0.000716747011912533
0.1,952.952952952953,-1.81180124035856,0.000716732578865761
0.1,953.953953953954,-1.79534886479175,0.000717718553867511
0.1,954.954954954955,-1.82252326706267,0.000717280644502046
0.1,955.955955955956,-1.80780746955542,0.000716181116247704
0.1,956.956956956957,-1.78547530460457,0.000717014297075463
0.1,957.957957957958,-1.79558893937973,0.000716957480894746
0.1,958.958958958959,-1.78641875782874,0.0007175183255159
0.1,959.95995995996,-1.80302157692018,0.000716402527738582
0.1,960.960960960961,-1.78371605607092,0.000716775800894046
0.1,961.961961961962,-1.81924303905643,0.000716807288385586
0.1,962.962962962963,-1.76565340098615,0.000717128588266125
0.1,963.963963963964,-1.79898512220893,0.000716979852252322
0.1,964.964964964965,-1.82156286410559,0.000716200499440612
0.1,965.965965965966,-1.81559141870069,0.000716230662284862
0.1,966.966966966967,-1.78316826255028,0.000716964859394511
0.1,967.967967967968,-1.77992642633761,0.000717137058608841
0.1,968.968968968969,-1.81487392755906,0.000716564769457961
0.1,969.96996996997,-1.81027858412594,0.000716541462889415
0.1,970.970970970971,-1.79404252831272,0.000717037047709128
0.1,971.971971971972,-1.72201270096331,0.000717014306237288
0.1,972.972972972973,-1.72821235222132,0.000717837416163139
0.1,973.973973973974,-1.81988071225328,0.000716598327698283
0.1,974.974974974975,-1.87561893223324,0.000716352243587164
0.1,975.975975975976,-1.76321768568006,0.000718057415264629
0.1,976.976976976977,-1.77575842497759,0.00071708941224099
0.1,977.977977977978,-1.8047834040303,0.000716903219806248
0.1,978.978978978979,-1.81274038965671,0.00071675561874296
0.1,979.97997997998,-1.81167457984809,0.000716519058232127
0.1,980.980980980981,-1.77667567402243,0.000717233225770324
0.1,981.981981981982,-1.7968545864454,0.000716951757279101
0.1,982.982982982983,-1.87963010368575,0.000716550788805694
0.1,983.983983983984,-1.8009621950628,0.0007164048031602
0.1,984.984984984985,-1.78275447396278,0.000717289326741345
0.1,985.985985985986,-1.73982909974714,0.000717247727648248
0.1,986.986986986987,-1.83845906557514,0.000716860408415686
0.1,987.987987987988,-1.79440134031931,0.000716852627676537
0.1,988.988988988989,-1.8427279427467,0.000717236312776996
0.1,989.98998998999,-1.79423063811877,0.000717045896505718
0.1,990.990990990991,-1.7659096003975,0.000717435389498871
0.1,991.991991991992,-1.76569735999242,0.00071693353740313
0.1,992.992992992993,-1.81157871974427,0.000716441112943423
0.1,993.993993993994,-1.81558719402204,0.000716335013070902
0.1,994.994994994995,-1.84222029003086,0.000716931600734142
0.1,995.995995995996,-1.77841641682145,0.000717320280674001
0.1,996.996996996997,-1.8046835630349,0.00071659469503442
0.1,997.997997997998,-1.87574486989099,0.000716202870943939
0.1,998.998998998999,-1.82920736874535,0.000716568602918503
0.1,1000.0,-1.7623651774591,0.000717423959416639
